date,region,service_type,demand_units,capacity_allocated,cost_usd,availability,is_weekend,market_demand_index,gdp_growth,customer_growth_rate,pricing_event,service_incident,industry_mix_index,predicted_demand
2022-01-01,eastus,Compute,1772.0,2119.0,154.83,99.93,1,107.29,1.53,3.03,0,0,82.54,1421.7986
2022-01-01,eastus,Storage,569.0,772.0,12.16,100.8,1,94.17,2.2,3.39,0,0,80.59,1362.9418
2022-01-01,westeurope,Compute,2064.0,2493.0,168.26,99.94,1,104.12,4.44,3.07,0,0,72.52,1291.1497
2022-01-01,westeurope,Storage,485.0,674.0,11.0,99.89,1,89.88,3.46,2.92,0,0,51.72,1301.0348
2022-01-01,southeastasia,Compute,434.0,518.0,37.83,99.91,1,95.4,3.07,0.67,0,0,69.76,1562.5798
2022-01-01,southeastasia,Storage,360.0,443.0,,100.8,1,133.06,3.99,4.61,0,0,98.26,1521.1226
2022-01-01,centralus,Compute,512.0,606.0,44.84,99.86,1,134.34,3.75,1.59,1,0,85.34,1337.9543
2022-01-01,centralus,Storage,866.0,1127.0,19.86,99.94,1,130.75,4.01,2.97,0,0,83.44,1240.7809
2022-01-01,uksouth,Compute,1055.0,1381.0,93.15,99.92,1,90.98,3.55,4.68,0,0,74.69,1402.86
2022-01-01,uksouth,Storage,518.0,610.0,11.33,99.88,1,129.79,2.77,3.6,0,0,80.22,1300.9265
2022-01-02,eastus,Compute,1857.0,2573.0,159.41,99.95,1,129.02,3.26,2.13,0,0,60.92,1338.5609
2022-01-02,eastus,Storage,607.0,779.0,,100.8,1,100.9,1.56,1.75,0,0,93.04,1762.6262
2022-01-02,westeurope,Compute,1930.0,2477.0,163.8,99.95,1,98.47,2.01,1.43,0,0,70.19,1521.4749
2022-01-02,westeurope,Storage,1123.0,1561.0,24.09,99.92,1,100.04,2.14,0.7,0,0,52.57,1295.8307
2022-01-02,southeastasia,Compute,1332.0,1758.0,113.57,99.91,1,112.64,3.16,0.94,0,0,90.16,1249.8309
2022-01-02,southeastasia,Storage,,1109.0,18.72,99.86,1,126.77,2.26,1.53,0,0,83.88,1526.2977
2022-01-02,centralus,Compute,738.0,998.0,61.78,99.86,1,132.03,2.51,3.35,0,0,86.76,1194.011
2022-01-02,centralus,Storage,315.0,417.0,6.74,99.87,1,134.11,2.9,1.93,0,0,77.91,1147.5956
2022-01-02,uksouth,Compute,1418.0,1750.0,118.71,99.95,1,129.86,4.13,4.79,0,0,58.08,1241.101
2022-01-02,uksouth,Storage,546.0,,11.86,99.98,1,133.68,2.14,2.18,0,0,99.72,2203.6316
2022-01-03,eastus,Compute,2016.0,2482.0,175.58,99.94,0,127.46,3.37,3.63,0,0,63.26,1230.7292
2022-01-03,eastus,Storage,1314.0,1832.0,28.87,99.98,0,106.72,2.36,4.05,0,0,61.51,1300.3925
2022-01-03,westeurope,Compute,1505.0,1739.0,,99.87,0,132.02,4.35,5.53,0,1,96.42,1588.3887
2022-01-03,westeurope,Storage,872.0,1127.0,20.11,99.86,0,100.28,1.83,1.98,0,0,69.73,1275.605
2022-01-03,southeastasia,Compute,875.0,1130.0,71.38,99.94,0,134.5,1.66,3.35,0,0,84.85,1317.0763
2022-01-03,southeastasia,Storage,972.0,1252.0,20.95,99.91,0,97.81,3.22,0.95,1,0,59.71,1859.3134
2022-01-03,centralus,Compute,1003.0,1166.0,88.55,99.85,0,113.94,2.65,4.2,0,0,99.09,1189.085
2022-01-03,centralus,Storage,370.0,428.0,7.76,99.97,0,103.01,1.62,3.37,0,0,81.14,1566.1256
2022-01-03,uksouth,Compute,1708.0,2047.0,143.89,99.95,0,91.92,1.64,5.83,0,0,69.94,1293.9917
2022-01-03,uksouth,Storage,1053.0,1231.0,22.07,99.98,0,126.8,3.5,2.75,0,0,62.51,1349.039
2022-01-04,eastus,Compute,2107.0,2770.0,175.15,99.98,0,121.89,3.03,3.86,0,0,67.8,1210.8687
2022-01-04,eastus,Storage,1029.0,1206.0,21.72,99.89,0,133.98,1.78,0.59,0,0,67.32,1571.0968
2022-01-04,westeurope,Compute,2128.0,,182.98,99.94,0,87.27,2.44,3.94,0,0,82.93,2097.723
2022-01-04,westeurope,Storage,897.0,1243.0,,99.97,0,116.82,3.84,4.22,0,0,90.56,2111.5073
2022-01-04,southeastasia,Compute,1771.0,2207.0,157.48,99.98,0,94.79,1.43,1.05,1,0,84.15,1283.3754
2022-01-04,southeastasia,Storage,1010.0,,22.62,99.9,0,98.03,2.84,4.31,0,0,51.96,1322.4958
2022-01-04,centralus,Compute,1272.0,1552.0,104.63,99.96,0,125.34,4.47,2.77,0,0,67.04,1544.2539
2022-01-04,centralus,Storage,419.0,506.0,9.38,99.95,0,96.91,2.45,3.44,0,0,64.88,1531.366
2022-01-04,uksouth,Compute,1509.0,1739.0,133.46,99.86,0,100.97,4.34,5.73,0,0,72.42,1294.3826
2022-01-04,uksouth,Storage,279.0,359.0,5.96,99.98,0,124.06,1.57,5.62,0,0,52.79,1445.8613
2022-01-05,eastus,Compute,2173.0,2689.0,177.63,99.87,0,123.08,3.24,1.06,0,0,53.64,2175.0105
2022-01-05,eastus,Storage,1380.0,1615.0,29.1,99.99,0,103.71,2.42,4.97,0,0,87.67,1221.2626
2022-01-05,westeurope,Compute,,2388.0,157.85,99.95,0,97.44,2.29,2.89,0,0,78.57,1522.3235
2022-01-05,westeurope,Storage,1092.0,1287.0,24.38,99.95,0,114.17,4.38,2.56,0,0,61.18,1545.3622
2022-01-05,southeastasia,Compute,438.0,610.0,37.44,99.9,0,87.17,4.25,5.56,0,0,53.77,1259.7267
2022-01-05,southeastasia,Storage,198.0,262.0,4.34,99.94,0,114.22,4.17,0.75,0,0,94.51,1401.139
2022-01-05,centralus,Compute,1572.0,1939.0,129.21,99.94,0,104.41,1.96,1.96,0,0,72.66,1807.9457
2022-01-05,centralus,Storage,363.0,454.0,8.07,99.89,0,91.66,1.45,5.67,0,0,95.96,2236.3179
2022-01-05,uksouth,Compute,347.0,474.0,,99.85,0,103.82,3.87,5.93,0,0,69.04,2205.5513
2022-01-05,uksouth,Storage,1098.0,1492.0,24.08,99.91,0,98.67,1.39,5.26,0,0,99.83,1223.4984
2022-01-06,eastus,Compute,2574.0,3427.0,224.41,99.9,0,97.05,1.88,1.88,0,0,93.91,1531.8801
2022-01-06,eastus,Storage,931.0,1154.0,19.69,99.94,0,111.02,3.75,3.36,0,0,78.05,1326.9819
2022-01-06,westeurope,Compute,1433.0,1695.0,116.07,99.96,0,116.02,3.52,1.67,0,1,67.53,2245.5347
2022-01-06,westeurope,Storage,333.0,429.0,7.03,99.95,0,112.37,2.69,5.51,0,0,84.88,1573.2897
2022-01-06,southeastasia,Compute,1109.0,1532.0,,99.89,0,107.96,4.43,3.21,0,0,62.01,1330.4601
2022-01-06,southeastasia,Storage,263.0,310.0,5.58,99.87,0,117.04,1.8,2.4,0,0,83.38,1291.2744
2022-01-06,centralus,Compute,445.0,,36.57,99.89,0,93.85,1.49,1.16,0,0,68.21,1730.1462
2022-01-06,centralus,Storage,280.0,344.0,5.91,99.92,0,119.39,2.89,1.36,0,1,93.42,1787.2467
2022-01-06,uksouth,Compute,345.0,,28.47,99.9,0,109.23,3.24,2.53,0,0,51.83,1575.6827
2022-01-06,uksouth,Storage,518.0,684.0,11.79,99.95,0,86.52,4.06,2.45,0,0,86.87,1286.7579
2022-01-07,eastus,Compute,956.0,1300.0,77.92,99.92,0,96.66,2.33,3.11,0,0,73.98,2256.4932
2022-01-07,eastus,Storage,551.0,714.0,12.42,100.8,0,91.38,2.14,2.5,0,0,67.8,1304.6222
2022-01-07,westeurope,Compute,1587.0,2195.0,128.25,99.88,0,103.27,2.81,5.18,0,0,52.78,1224.4828
2022-01-07,westeurope,Storage,386.0,494.0,8.42,99.99,0,90.6,2.51,5.83,0,0,62.9,1178.6753
2022-01-07,southeastasia,Compute,813.0,1101.0,70.61,99.92,0,108.83,3.97,1.63,0,0,59.98,1453.9667
2022-01-07,southeastasia,Storage,689.0,812.0,15.33,100.8,0,114.06,1.71,3.15,0,0,66.83,2088.9673
2022-01-07,centralus,Compute,382.0,491.0,31.5,99.95,0,89.39,1.66,0.51,0,0,80.31,1859.9652
2022-01-07,centralus,Storage,702.0,970.0,,99.99,0,91.21,3.61,5.66,0,0,87.06,2207.3623
2022-01-07,uksouth,Compute,2738.0,3244.0,239.6,99.88,0,93.18,1.74,4.98,0,0,67.94,1506.2278
2022-01-07,uksouth,Storage,1010.0,1333.0,22.11,99.95,0,129.98,3.26,3.47,0,0,67.77,1774.6885
2022-01-08,eastus,Compute,1623.0,2086.0,,99.94,1,90.84,4.3,3.95,0,0,89.7,1577.5151
2022-01-08,eastus,Storage,1016.0,1356.0,22.52,99.99,1,122.62,3.53,4.78,0,0,85.7,2203.403
2022-01-08,westeurope,Compute,936.0,1156.0,82.12,99.87,1,127.32,1.62,2.69,0,0,61.46,2238.2725
2022-01-08,westeurope,Storage,1139.0,1313.0,25.3,99.93,1,120.81,3.18,5.05,0,0,61.37,1211.6448
2022-01-08,southeastasia,Compute,277.0,384.0,22.73,99.93,1,110.29,3.22,0.6,0,0,78.26,1538.0012
2022-01-08,southeastasia,Storage,407.0,,9.09,99.96,1,103.72,1.43,0.93,0,0,95.53,1417.9363
2022-01-08,centralus,Compute,1170.0,,96.33,99.97,1,101.61,2.23,1.75,0,0,87.21,1178.116
2022-01-08,centralus,Storage,369.0,424.0,7.98,99.91,1,111.87,4.24,2.4,0,0,72.61,1211.6106
2022-01-08,uksouth,Compute,2366.0,,194.6,99.92,1,105.95,4.22,2.49,0,0,50.65,2120.5332
2022-01-08,uksouth,Storage,590.0,822.0,12.93,99.93,1,128.03,2.97,1.51,0,0,69.87,1243.0406
2022-01-09,eastus,Compute,912.0,,75.23,99.88,1,86.83,2.76,3.61,0,0,72.66,1520.7261
2022-01-09,eastus,Storage,,541.0,9.37,99.96,1,90.15,2.3,0.92,0,0,94.87,1710.3677
2022-01-09,westeurope,Compute,528.0,610.0,43.34,99.95,1,117.95,1.29,1.72,0,0,50.99,1640.9735
2022-01-09,westeurope,Storage,232.0,299.0,5.3,99.93,1,121.04,3.86,5.94,0,0,98.13,1250.2025
2022-01-09,southeastasia,Compute,399.0,499.0,,99.86,1,116.66,3.63,5.16,0,0,82.15,1553.0402
2022-01-09,southeastasia,Storage,198.0,268.0,4.29,99.89,1,103.98,3.15,1.97,0,0,77.6,1289.7975
2022-01-09,centralus,Compute,1629.0,1962.0,145.04,99.96,1,90.71,3.07,5.92,0,0,74.24,2229.9165
2022-01-09,centralus,Storage,376.0,483.0,8.38,99.89,1,91.97,3.96,5.91,0,0,63.62,1280.3535
2022-01-09,uksouth,Compute,357.0,457.0,31.3,99.92,1,88.36,2.54,3.24,0,0,57.0,2001.3289
2022-01-09,uksouth,Storage,168.0,229.0,3.73,99.93,1,118.25,1.78,5.53,0,0,75.95,1150.5815
2022-01-10,eastus,Compute,627.0,836.0,51.07,99.93,0,97.27,2.48,2.09,0,0,64.86,1584.4283
2022-01-10,eastus,Storage,549.0,685.0,12.63,99.87,0,109.19,2.09,3.47,0,0,92.32,1334.8622
2022-01-10,westeurope,Compute,,1170.0,75.96,99.9,0,102.58,2.56,4.38,0,0,53.8,1220.6415
2022-01-10,westeurope,Storage,873.0,1155.0,18.77,99.93,0,103.05,1.5,5.55,0,0,72.3,1190.8273
2022-01-10,southeastasia,Compute,314.0,429.0,27.31,99.96,0,117.94,3.48,5.17,0,0,61.06,1563.0367
2022-01-10,southeastasia,Storage,645.0,748.0,14.48,99.98,0,94.03,3.07,5.54,1,0,64.87,1239.6904
2022-01-10,centralus,Compute,1221.0,1532.0,106.85,99.95,0,87.74,2.7,3.37,0,0,68.23,1473.5889
2022-01-10,centralus,Storage,951.0,1111.0,21.33,99.9,0,121.24,1.42,2.23,0,0,65.94,1195.1123
2022-01-10,uksouth,Compute,1148.0,,101.26,99.91,0,108.1,4.47,0.5,0,0,96.63,1996.578
2022-01-10,uksouth,Storage,422.0,566.0,9.19,99.92,0,116.38,4.08,5.91,0,0,71.07,2240.8638
2022-01-11,eastus,Compute,1006.0,1157.0,85.23,99.89,0,127.64,3.56,3.74,0,0,52.26,1241.2598
2022-01-11,eastus,Storage,801.0,1057.0,17.13,99.98,0,124.32,1.5,2.8,0,0,73.37,1186.9532
2022-01-11,westeurope,Compute,708.0,989.0,58.57,99.98,0,117.48,3.21,3.32,0,0,61.02,2241.6853
2022-01-11,westeurope,Storage,1217.0,1650.0,27.58,99.94,0,95.82,2.91,3.79,0,0,75.76,1704.9114
2022-01-11,southeastasia,Compute,1163.0,1382.0,101.98,99.88,0,96.19,2.97,3.76,0,0,93.87,1191.293
2022-01-11,southeastasia,Storage,477.0,605.0,10.02,99.97,0,86.77,2.29,5.62,0,0,62.63,1324.8667
2022-01-11,centralus,Compute,417.0,554.0,35.43,99.86,0,96.01,3.45,0.92,0,0,74.03,1293.5159
2022-01-11,centralus,Storage,616.0,796.0,13.77,99.93,0,128.22,3.62,3.37,0,0,57.87,1189.583
2022-01-11,uksouth,Compute,1254.0,1704.0,108.69,99.95,0,115.93,3.68,1.37,0,0,51.46,1981.0552
2022-01-11,uksouth,Storage,2307.0,2846.0,51.99,99.87,0,125.9,3.95,3.29,1,0,80.85,1203.1824
2022-01-12,eastus,Compute,2100.0,2475.0,176.3,99.85,0,125.93,1.62,2.06,1,0,92.01,1561.3099
2022-01-12,eastus,Storage,820.0,1134.0,17.32,99.98,0,119.39,1.42,2.16,0,0,79.11,2241.3347
2022-01-12,westeurope,Compute,4065.0,4721.0,358.36,99.99,0,133.44,3.67,1.22,0,0,51.11,1258.0999
2022-01-12,westeurope,Storage,1073.0,1453.0,23.02,99.85,0,92.95,2.75,5.69,0,0,76.35,1189.9573
2022-01-12,southeastasia,Compute,1109.0,1336.0,90.33,99.95,0,117.73,2.1,5.73,0,0,97.18,1377.9508
2022-01-12,southeastasia,Storage,235.0,286.0,5.42,99.91,0,129.7,1.96,1.67,1,0,68.43,1765.1812
2022-01-12,centralus,Compute,1972.0,2535.0,161.91,99.88,0,89.56,1.71,3.0,0,1,89.84,1391.749
2022-01-12,centralus,Storage,1041.0,1448.0,22.18,100.8,0,85.06,3.17,3.84,0,0,61.28,1277.6818
2022-01-12,uksouth,Compute,1411.0,1827.0,117.16,99.96,0,100.52,2.7,0.56,0,0,74.0,1891.6329
2022-01-12,uksouth,Storage,850.0,1117.0,19.18,99.98,0,130.39,3.59,4.62,0,0,78.55,1310.7192
2022-01-13,eastus,Compute,2612.0,3407.0,226.52,99.93,0,85.49,2.28,3.35,0,0,51.66,1529.0597
2022-01-13,eastus,Storage,387.0,476.0,8.92,99.88,0,119.66,3.91,0.73,0,0,56.21,2189.3684
2022-01-13,westeurope,Compute,3780.0,4929.0,324.93,99.89,0,131.76,4.33,3.94,0,0,74.22,1202.6196
2022-01-13,westeurope,Storage,820.0,1055.0,18.61,99.91,0,117.18,2.94,4.52,0,0,62.36,1140.172
2022-01-13,southeastasia,Compute,1223.0,1594.0,102.18,99.92,0,122.21,4.08,2.89,0,0,51.04,1256.0577
2022-01-13,southeastasia,Storage,882.0,,20.33,99.94,0,94.98,3.44,0.9,1,0,73.13,1275.6207
2022-01-13,centralus,Compute,1436.0,1800.0,126.29,99.94,0,121.77,3.73,3.28,0,0,79.4,1554.777
2022-01-13,centralus,Storage,493.0,626.0,11.25,99.98,0,106.09,2.11,3.76,0,0,81.15,1292.3356
2022-01-13,uksouth,Compute,360.0,425.0,31.26,100.8,0,93.98,1.98,5.84,0,0,74.61,1883.2471
2022-01-13,uksouth,Storage,525.0,656.0,11.66,99.93,0,118.13,1.51,4.09,0,0,92.9,1457.1624
2022-01-14,eastus,Compute,819.0,1100.0,,99.99,0,107.69,1.98,0.9,0,0,66.85,2185.1638
2022-01-14,eastus,Storage,745.0,903.0,,99.95,0,93.35,1.75,0.7,0,0,73.73,1248.4757
2022-01-14,westeurope,Compute,614.0,791.0,52.4,100.8,0,134.33,1.61,1.77,0,0,61.24,1530.581
2022-01-14,westeurope,Storage,855.0,1050.0,18.82,99.86,0,92.42,4.46,5.81,1,0,81.96,1171.9213
2022-01-14,southeastasia,Compute,1526.0,1851.0,129.99,99.9,0,111.61,1.61,1.23,0,0,86.64,1443.7391
2022-01-14,southeastasia,Storage,158.0,185.0,3.54,99.91,0,128.41,1.78,4.31,0,0,84.16,1175.8452
2022-01-14,centralus,Compute,511.0,693.0,45.02,99.96,0,90.66,3.83,5.55,0,0,91.34,1936.6257
2022-01-14,centralus,Storage,560.0,658.0,12.51,100.8,0,87.41,4.42,2.74,0,0,78.35,2247.7556
2022-01-14,uksouth,Compute,886.0,1162.0,77.31,99.98,0,106.91,4.17,5.33,0,0,68.78,1750.6786
2022-01-14,uksouth,Storage,1092.0,1345.0,24.34,99.94,0,113.17,2.46,3.52,0,0,72.22,1259.4081
2022-01-15,eastus,Compute,498.0,647.0,,99.94,1,108.17,2.45,5.25,0,0,51.28,1293.239
2022-01-15,eastus,Storage,376.0,446.0,8.29,99.88,1,108.83,2.5,3.52,0,0,76.06,1365.4243
2022-01-15,westeurope,Compute,367.0,422.0,,99.98,1,97.17,4.26,0.83,0,0,55.07,1207.3416
2022-01-15,westeurope,Storage,,733.0,13.55,99.93,1,100.57,3.21,4.44,0,0,56.09,1566.6714
2022-01-15,southeastasia,Compute,1533.0,2092.0,134.21,99.88,1,99.76,3.82,1.52,0,0,54.35,1251.4587
2022-01-15,southeastasia,Storage,835.0,969.0,18.61,99.98,1,115.08,3.9,5.36,0,0,80.55,1852.3859
2022-01-15,centralus,Compute,712.0,980.0,62.15,99.93,1,97.78,2.2,4.53,0,0,90.48,1334.6116
2022-01-15,centralus,Storage,867.0,1088.0,18.41,99.88,1,128.46,2.76,3.44,0,0,61.51,1238.0388
2022-01-15,uksouth,Compute,1700.0,2053.0,142.92,99.93,1,109.84,4.46,1.25,0,0,71.41,1258.29
2022-01-15,uksouth,Storage,302.0,348.0,6.54,99.96,1,115.16,2.31,5.48,0,0,82.26,1525.5361
2022-01-16,eastus,Compute,462.0,557.0,38.7,99.86,1,110.95,1.42,4.9,0,0,94.0,2103.5894
2022-01-16,eastus,Storage,883.0,1066.0,19.34,99.88,1,87.62,2.45,2.5,0,0,66.68,1328.9932
2022-01-16,westeurope,Compute,1102.0,1531.0,90.63,99.95,1,95.05,2.97,1.03,0,0,67.38,1319.0508
2022-01-16,westeurope,Storage,914.0,1262.0,19.57,99.91,1,92.62,4.48,5.6,0,0,76.05,1238.082
2022-01-16,southeastasia,Compute,606.0,,49.59,99.97,1,124.1,3.54,0.7,0,0,68.01,1523.007
2022-01-16,southeastasia,Storage,421.0,509.0,9.27,99.97,1,98.99,4.31,5.3,0,0,78.73,1199.5266
2022-01-16,centralus,Compute,1724.0,2072.0,152.85,99.87,1,125.87,2.46,5.33,0,0,89.5,1223.4003
2022-01-16,centralus,Storage,710.0,888.0,15.11,99.95,1,102.3,4.42,4.03,0,0,93.1,1976.2815
2022-01-16,uksouth,Compute,442.0,523.0,39.07,99.97,1,100.88,4.34,5.04,0,0,73.91,1264.461
2022-01-16,uksouth,Storage,655.0,766.0,14.81,99.87,1,114.71,4.29,5.32,0,0,50.02,1659.624
2022-01-17,eastus,Compute,500.0,656.0,41.02,99.86,0,124.04,2.72,0.82,0,0,84.75,2246.1433
2022-01-17,eastus,Storage,886.0,1056.0,18.66,99.96,0,98.27,1.79,4.3,0,0,61.44,1268.9104
2022-01-17,westeurope,Compute,540.0,662.0,46.47,99.92,0,106.3,1.63,5.38,0,0,68.39,1520.4546
2022-01-17,westeurope,Storage,325.0,388.0,7.07,99.98,0,97.43,1.64,2.8,0,0,84.05,1536.3668
2022-01-17,southeastasia,Compute,1767.0,2174.0,155.22,99.94,0,94.94,1.41,0.73,0,0,82.3,1208.1003
2022-01-17,southeastasia,Storage,462.0,548.0,9.79,99.97,0,97.17,3.35,4.96,0,0,69.62,1945.309
2022-01-17,centralus,Compute,,1465.0,92.25,99.89,0,119.41,2.64,1.9,0,0,95.09,1572.2341
2022-01-17,centralus,Storage,1160.0,1477.0,25.23,99.91,0,96.35,4.13,2.98,0,0,99.41,1194.791
2022-01-17,uksouth,Compute,434.0,503.0,35.36,99.95,0,88.6,1.44,0.57,0,0,67.66,2122.3523
2022-01-17,uksouth,Storage,579.0,806.0,13.3,99.96,0,102.74,2.56,3.52,0,0,71.21,1600.5624
2022-01-18,eastus,Compute,1888.0,2595.0,165.01,99.88,0,133.8,3.4,0.56,0,0,53.46,1185.623
2022-01-18,eastus,Storage,535.0,620.0,12.32,99.96,0,99.64,4.43,3.81,0,0,90.59,1247.4337
2022-01-18,westeurope,Compute,1607.0,1865.0,131.28,99.93,0,89.75,2.44,3.53,0,0,63.69,1295.0604
2022-01-18,westeurope,Storage,1179.0,,24.67,99.99,0,118.57,2.25,5.34,0,0,81.8,1240.1945
2022-01-18,southeastasia,Compute,1337.0,1818.0,116.24,99.96,0,117.81,1.79,3.5,0,0,52.16,1568.0427
2022-01-18,southeastasia,Storage,622.0,821.0,13.13,99.99,0,109.42,1.7,2.38,0,0,87.17,1181.0828
2022-01-18,centralus,Compute,1007.0,1300.0,87.21,99.97,0,116.81,3.71,1.38,0,1,62.33,1975.6451
2022-01-18,centralus,Storage,507.0,618.0,10.81,99.97,0,117.88,2.23,4.58,0,0,84.39,1689.0815
2022-01-18,uksouth,Compute,462.0,595.0,37.33,99.96,0,86.77,3.66,1.61,0,0,66.35,1731.1838
2022-01-18,uksouth,Storage,1017.0,1289.0,22.38,99.87,0,104.27,3.32,4.79,0,0,83.15,1777.3936
2022-01-19,eastus,Compute,1639.0,,140.98,99.9,0,124.71,1.51,3.74,0,0,53.24,1271.401
2022-01-19,eastus,Storage,709.0,939.0,14.9,99.92,0,114.97,3.19,0.63,0,0,57.45,1472.5111
2022-01-19,westeurope,Compute,1300.0,1750.0,,99.96,0,110.86,2.65,1.31,0,0,54.43,1289.4728
2022-01-19,westeurope,Storage,,1415.0,23.67,99.95,0,99.97,1.77,4.01,0,0,84.3,1443.5446
2022-01-19,southeastasia,Compute,,508.0,33.84,99.88,0,113.28,4.43,1.41,0,0,79.32,1302.9834
2022-01-19,southeastasia,Storage,869.0,1064.0,19.96,99.89,0,106.48,4.08,5.13,0,0,72.91,1339.998
2022-01-19,centralus,Compute,693.0,906.0,56.25,99.98,0,130.47,3.77,0.54,0,0,56.57,1540.5548
2022-01-19,centralus,Storage,888.0,1167.0,20.43,99.86,0,87.85,2.13,1.94,0,0,62.48,1217.807
2022-01-19,uksouth,Compute,1938.0,2446.0,,99.86,0,109.38,1.31,0.84,0,0,76.62,1592.8253
2022-01-19,uksouth,Storage,751.0,908.0,16.91,99.93,0,91.4,4.11,2.66,0,0,81.22,1347.7085
2022-01-20,eastus,Compute,678.0,823.0,58.52,100.8,0,113.27,2.73,5.85,0,0,55.7,1154.7312
2022-01-20,eastus,Storage,478.0,599.0,10.08,100.8,0,112.26,4.44,1.75,0,0,89.58,1199.2455
2022-01-20,westeurope,Compute,642.0,751.0,54.34,99.92,0,93.29,4.32,5.17,0,0,70.59,1352.3955
2022-01-20,westeurope,Storage,1061.0,1297.0,24.01,99.87,0,102.8,4.43,4.87,0,0,93.61,1184.6848
2022-01-20,southeastasia,Compute,1495.0,2002.0,127.32,99.88,0,128.89,4.1,5.29,0,0,99.25,1510.6833
2022-01-20,southeastasia,Storage,177.0,227.0,3.74,99.9,0,99.12,2.49,4.89,0,0,69.87,1225.8549
2022-01-20,centralus,Compute,2165.0,3011.0,178.57,99.92,0,99.36,3.82,3.68,0,0,69.8,1273.7352
2022-01-20,centralus,Storage,478.0,568.0,10.72,99.96,0,100.84,4.03,5.48,0,0,57.04,1202.62
2022-01-20,uksouth,Compute,4899.0,6728.0,422.84,99.87,0,107.02,3.23,0.96,0,0,75.26,1348.2994
2022-01-20,uksouth,Storage,185.0,235.0,3.92,99.95,0,101.15,4.49,5.89,0,0,84.34,1244.2007
2022-01-21,eastus,Compute,628.0,835.0,55.46,100.8,0,121.57,1.82,5.22,0,0,85.51,1518.3209
2022-01-21,eastus,Storage,769.0,1042.0,16.85,99.9,0,109.71,3.93,2.34,0,0,91.3,1223.921
2022-01-21,westeurope,Compute,660.0,828.0,58.37,100.8,0,94.56,3.23,2.9,0,0,90.31,2151.983
2022-01-21,westeurope,Storage,1258.0,1456.0,28.34,99.86,0,100.75,1.21,4.25,0,0,99.59,1281.0303
2022-01-21,southeastasia,Compute,1168.0,1442.0,102.92,99.88,0,103.02,1.43,4.7,0,0,95.18,1196.7089
2022-01-21,southeastasia,Storage,556.0,748.0,12.43,99.89,0,130.36,3.41,3.58,0,0,73.02,1367.1913
2022-01-21,centralus,Compute,,1332.0,94.96,99.96,0,108.95,1.26,2.82,1,0,56.37,1340.9137
2022-01-21,centralus,Storage,287.0,389.0,6.44,99.97,0,134.09,3.25,3.58,0,0,81.75,1158.9633
2022-01-21,uksouth,Compute,1474.0,1954.0,125.8,99.86,0,97.09,1.24,3.08,0,0,64.86,1272.2443
2022-01-21,uksouth,Storage,543.0,630.0,12.43,99.97,0,118.39,3.16,5.41,0,0,61.98,1176.0317
2022-01-22,eastus,Compute,1466.0,1843.0,121.72,99.96,1,113.67,3.37,1.89,0,0,86.88,1326.6926
2022-01-22,eastus,Storage,435.0,573.0,9.89,99.97,1,113.59,2.91,2.87,0,0,88.69,1236.7634
2022-01-22,westeurope,Compute,1099.0,1385.0,94.42,99.94,1,114.58,3.52,1.81,0,0,69.23,1318.4224
2022-01-22,westeurope,Storage,835.0,1158.0,18.55,99.95,1,110.31,3.29,0.89,0,0,73.62,1163.7012
2022-01-22,southeastasia,Compute,885.0,1070.0,75.0,99.91,1,108.65,3.25,3.08,0,0,79.54,1482.5582
2022-01-22,southeastasia,Storage,,2549.0,49.85,99.97,1,99.25,2.73,2.91,0,0,52.22,1507.6746
2022-01-22,centralus,Compute,559.0,655.0,48.07,99.87,1,102.26,2.87,5.31,0,0,99.64,1144.8364
2022-01-22,centralus,Storage,507.0,603.0,11.03,99.95,1,129.11,3.41,1.92,0,0,85.92,1286.7291
2022-01-22,uksouth,Compute,1230.0,,105.98,99.86,1,97.88,1.4,3.82,0,0,69.19,1243.1696
2022-01-22,uksouth,Storage,753.0,883.0,16.73,99.93,1,130.02,2.53,2.27,0,0,82.3,1204.0485
2022-01-23,eastus,Compute,622.0,807.0,,100.8,1,130.66,3.22,5.31,0,0,95.12,1497.2164
2022-01-23,eastus,Storage,1028.0,1436.0,23.34,99.95,1,111.62,2.68,0.96,0,0,90.4,1244.5927
2022-01-23,westeurope,Compute,1663.0,2215.0,143.51,99.97,1,119.62,2.62,4.2,0,0,89.45,1358.7693
2022-01-23,westeurope,Storage,386.0,480.0,8.45,99.93,1,122.97,1.53,5.39,1,0,51.37,1223.2218
2022-01-23,southeastasia,Compute,1465.0,1821.0,,99.91,1,92.13,4.14,2.4,0,0,82.29,1566.7322
2022-01-23,southeastasia,Storage,,569.0,10.64,99.89,1,118.86,3.2,2.51,0,0,72.7,1313.6888
2022-01-23,centralus,Compute,1799.0,2506.0,148.76,99.99,1,111.6,1.65,1.05,0,0,70.71,1439.13
2022-01-23,centralus,Storage,1496.0,1775.0,32.87,99.87,1,126.77,2.42,2.56,0,0,99.74,1250.4331
2022-01-23,uksouth,Compute,478.0,584.0,42.5,99.9,1,104.28,2.32,3.48,0,0,77.09,1144.3058
2022-01-23,uksouth,Storage,927.0,1168.0,19.99,99.89,1,94.73,1.39,2.38,0,0,77.89,1149.2216
2022-01-24,eastus,Compute,2497.0,2958.0,211.06,99.94,0,109.44,2.53,5.97,0,0,78.47,1518.6106
2022-01-24,eastus,Storage,1332.0,1775.0,28.27,99.97,0,120.54,4.19,1.23,0,0,67.67,1294.4329
2022-01-24,westeurope,Compute,5925.0,7984.0,484.73,99.96,0,98.79,4.09,5.69,0,0,99.05,1325.0483
2022-01-24,westeurope,Storage,1210.0,1540.0,26.09,99.92,0,111.12,3.06,2.93,0,0,68.11,1192.5752
2022-01-24,southeastasia,Compute,1810.0,2525.0,152.43,99.97,0,123.23,3.09,5.76,0,0,92.7,1360.3999
2022-01-24,southeastasia,Storage,1010.0,1236.0,,99.89,0,97.8,1.3,5.84,0,0,88.13,1233.3167
2022-01-24,centralus,Compute,397.0,528.0,34.39,99.87,0,99.97,2.38,4.92,0,0,97.87,1248.5276
2022-01-24,centralus,Storage,559.0,670.0,12.91,99.86,0,85.12,1.35,2.38,0,0,50.28,1283.3978
2022-01-24,uksouth,Compute,1065.0,1400.0,92.93,100.8,0,115.68,1.49,3.18,0,0,70.36,1209.7526
2022-01-24,uksouth,Storage,,733.0,12.71,99.93,0,119.89,1.22,1.06,0,0,55.65,1236.3986
2022-01-25,eastus,Compute,674.0,894.0,54.71,99.86,0,105.14,2.17,1.78,0,0,96.46,1464.4071
2022-01-25,eastus,Storage,1047.0,1288.0,22.98,99.88,0,117.02,4.43,3.82,0,0,56.15,1180.9309
2022-01-25,westeurope,Compute,858.0,1172.0,72.59,99.97,0,112.73,3.3,3.39,0,0,65.16,1246.822
2022-01-25,westeurope,Storage,1344.0,1720.0,28.51,99.96,0,98.57,2.84,2.06,0,0,52.72,1291.9752
2022-01-25,southeastasia,Compute,5358.0,7210.0,465.22,99.93,0,129.79,3.12,3.07,0,0,54.14,1391.6229
2022-01-25,southeastasia,Storage,827.0,,17.78,99.97,0,100.67,3.8,5.41,0,0,68.87,1331.2994
2022-01-25,centralus,Compute,1225.0,1619.0,104.06,99.9,0,116.64,3.52,0.52,0,0,83.32,1252.9573
2022-01-25,centralus,Storage,847.0,,19.01,99.89,0,90.27,3.78,4.04,0,0,97.84,1231.9784
2022-01-25,uksouth,Compute,943.0,1196.0,77.04,99.94,0,123.54,1.21,5.22,0,0,70.79,1470.0503
2022-01-25,uksouth,Storage,761.0,,,99.94,0,124.81,3.69,0.7,0,0,56.29,1271.669
2022-01-26,eastus,Compute,1939.0,2542.0,163.09,99.95,0,94.96,4.14,2.08,0,0,55.58,1134.4462
2022-01-26,eastus,Storage,,1372.0,26.18,99.88,0,130.55,3.97,4.4,0,0,86.81,1143.7601
2022-01-26,westeurope,Compute,1232.0,1600.0,99.59,99.91,0,133.17,2.91,4.23,0,0,88.65,1250.8068
2022-01-26,westeurope,Storage,341.0,465.0,7.56,99.86,0,104.13,2.41,1.5,0,0,67.09,1349.02
2022-01-26,southeastasia,Compute,358.0,,30.04,99.85,0,99.99,3.33,5.86,0,0,94.93,1340.5283
2022-01-26,southeastasia,Storage,378.0,462.0,8.07,99.87,0,129.97,3.54,5.66,0,0,52.99,2238.3145
2022-01-26,centralus,Compute,1906.0,2663.0,157.78,99.92,0,117.55,3.33,3.59,0,0,86.28,1545.548
2022-01-26,centralus,Storage,430.0,561.0,9.73,99.93,0,92.35,3.88,4.0,0,0,63.0,1192.6041
2022-01-26,uksouth,Compute,1543.0,1904.0,134.11,99.93,0,88.03,3.48,4.3,0,0,61.51,1258.9888
2022-01-26,uksouth,Storage,446.0,619.0,9.84,99.88,0,110.03,3.44,0.92,0,0,72.98,1222.5814
2022-01-27,eastus,Compute,1481.0,1872.0,126.65,99.97,0,109.07,4.16,4.21,0,0,76.36,1321.9574
2022-01-27,eastus,Storage,1194.0,1405.0,26.63,99.92,0,105.33,4.34,3.37,0,0,95.97,1360.7002
2022-01-27,westeurope,Compute,823.0,949.0,66.56,100.8,0,121.61,2.37,4.34,0,0,98.35,1289.2375
2022-01-27,westeurope,Storage,903.0,1146.0,20.3,99.88,0,117.03,3.4,1.39,0,0,74.94,1276.0265
2022-01-27,southeastasia,Compute,441.0,593.0,37.02,99.93,0,125.24,1.35,4.94,0,0,90.41,1160.8862
2022-01-27,southeastasia,Storage,950.0,1099.0,20.86,99.94,0,90.93,2.15,2.69,0,0,52.25,1224.6418
2022-01-27,centralus,Compute,1118.0,1463.0,91.14,99.85,0,87.89,2.67,2.02,0,0,69.32,1322.9635
2022-01-27,centralus,Storage,1041.0,1368.0,22.31,99.88,0,130.91,1.54,3.28,0,0,51.8,1152.7245
2022-01-27,uksouth,Compute,1939.0,,160.28,99.91,0,120.96,3.06,2.85,0,0,57.19,1158.9724
2022-01-27,uksouth,Storage,391.0,542.0,8.94,99.91,0,124.02,2.77,3.24,0,0,59.31,1470.7507
2022-01-28,eastus,Compute,2149.0,2488.0,185.15,99.9,0,99.76,4.1,3.03,0,0,52.38,1176.5264
2022-01-28,eastus,Storage,457.0,613.0,,99.87,0,128.79,2.98,2.05,0,0,56.39,1279.2062
2022-01-28,westeurope,Compute,2646.0,3083.0,,99.95,0,95.03,1.87,0.56,0,0,52.6,1242.3335
2022-01-28,westeurope,Storage,1340.0,1763.0,30.19,99.97,0,106.13,2.2,2.29,0,0,59.08,1191.0126
2022-01-28,southeastasia,Compute,1726.0,2416.0,145.33,99.88,0,123.12,2.99,1.32,0,0,87.69,1288.7555
2022-01-28,southeastasia,Storage,183.0,246.0,4.06,99.98,0,87.12,2.08,3.81,0,0,87.95,1253.8125
2022-01-28,centralus,Compute,1763.0,2339.0,144.94,99.99,0,107.44,1.72,1.49,0,0,56.1,1320.0599
2022-01-28,centralus,Storage,652.0,890.0,14.02,99.96,0,94.76,2.34,2.35,0,0,85.06,1202.6188
2022-01-28,uksouth,Compute,1573.0,1980.0,134.36,99.89,0,109.13,2.87,2.63,0,1,89.11,1188.6863
2022-01-28,uksouth,Storage,1917.0,2499.0,43.62,99.86,0,112.95,2.85,4.38,0,0,71.48,1378.9484
2022-01-29,eastus,Compute,2207.0,3014.0,181.58,99.96,1,112.64,2.51,1.22,0,0,65.49,1283.1967
2022-01-29,eastus,Storage,372.0,503.0,8.19,99.86,1,100.64,4.29,5.18,0,0,62.38,1340.8557
2022-01-29,westeurope,Compute,1660.0,1917.0,,99.88,1,105.58,4.29,2.87,0,0,62.36,1533.3881
2022-01-29,westeurope,Storage,208.0,261.0,4.66,99.9,1,87.83,2.43,5.69,0,0,81.61,1327.0334
2022-01-29,southeastasia,Compute,442.0,591.0,36.07,99.89,1,98.82,2.63,5.89,0,0,58.97,1271.5151
2022-01-29,southeastasia,Storage,574.0,800.0,12.7,99.88,1,114.11,1.87,3.36,0,0,75.84,1283.6564
2022-01-29,centralus,Compute,533.0,686.0,46.16,99.87,1,114.77,1.77,5.59,0,0,84.79,1267.5573
2022-01-29,centralus,Storage,580.0,761.0,12.46,99.85,1,133.25,2.03,4.22,0,0,65.65,1190.9113
2022-01-29,uksouth,Compute,381.0,438.0,31.33,99.87,1,107.45,3.22,1.67,0,1,88.62,1314.1473
2022-01-29,uksouth,Storage,725.0,842.0,16.15,99.9,1,131.81,2.99,5.67,0,0,80.86,1449.9652
2022-01-30,eastus,Compute,1525.0,2126.0,124.46,99.85,1,106.68,1.51,4.62,0,0,62.94,1234.4102
2022-01-30,eastus,Storage,937.0,1180.0,21.64,99.88,1,112.34,3.41,4.35,0,0,90.92,1290.3162
2022-01-30,westeurope,Compute,1645.0,1897.0,136.31,99.88,1,98.54,2.02,0.84,0,0,80.34,1145.6787
2022-01-30,westeurope,Storage,550.0,683.0,11.9,99.97,1,104.16,2.83,2.06,0,0,75.68,1188.6577
2022-01-30,southeastasia,Compute,1130.0,1446.0,91.91,99.9,1,131.04,3.13,3.46,0,0,94.77,1181.7612
2022-01-30,southeastasia,Storage,1372.0,,,99.88,1,120.27,2.61,2.93,0,0,53.2,1286.3704
2022-01-30,centralus,Compute,,479.0,30.76,99.89,1,110.13,1.39,3.2,0,0,88.22,1317.3501
2022-01-30,centralus,Storage,949.0,,20.07,99.92,1,124.33,4.31,4.61,0,0,72.31,1313.0032
2022-01-30,uksouth,Compute,1207.0,1481.0,100.03,99.92,1,111.78,2.38,2.45,0,0,65.39,1467.7483
2022-01-30,uksouth,Storage,,891.0,14.76,100.8,1,98.57,1.96,2.25,0,0,91.44,1165.5485
2022-01-31,eastus,Compute,1991.0,2717.0,172.23,99.97,0,127.94,3.67,2.92,0,0,83.68,1310.1329
2022-01-31,eastus,Storage,1172.0,,25.76,99.91,0,122.03,4.05,3.43,0,0,77.07,1291.7661
2022-01-31,westeurope,Compute,4688.0,6249.0,413.69,99.87,0,116.73,3.12,1.15,0,0,58.35,1315.2163
2022-01-31,westeurope,Storage,955.0,1154.0,,99.98,0,115.82,3.04,2.79,0,0,84.82,1175.0306
2022-01-31,southeastasia,Compute,479.0,575.0,40.01,99.93,0,113.77,1.27,5.7,0,0,96.66,1208.2485
2022-01-31,southeastasia,Storage,449.0,594.0,9.59,99.9,0,129.78,1.87,3.29,0,1,89.64,2230.4692
2022-01-31,centralus,Compute,680.0,877.0,58.54,99.95,0,97.66,1.23,4.48,0,0,91.07,1350.8314
2022-01-31,centralus,Storage,600.0,709.0,12.92,99.92,0,110.53,3.91,2.73,0,1,70.49,1327.1285
2022-01-31,uksouth,Compute,400.0,550.0,32.99,99.86,0,128.87,2.49,3.48,0,0,82.42,1263.3755
2022-01-31,uksouth,Storage,938.0,1199.0,21.65,100.8,0,132.13,1.34,2.96,0,0,80.42,1161.906
2022-02-01,eastus,Compute,1976.0,2501.0,171.7,100.8,0,120.44,1.23,1.7,0,0,50.27,1255.7742
2022-02-01,eastus,Storage,431.0,506.0,,99.93,0,106.3,3.01,3.37,0,0,87.93,1351.7769
2022-02-01,westeurope,Compute,2449.0,3196.0,213.21,99.87,0,94.75,4.14,4.62,0,0,79.86,1498.6453
2022-02-01,westeurope,Storage,1058.0,1442.0,23.37,99.96,0,100.35,2.57,4.42,0,0,59.27,1318.352
2022-02-01,southeastasia,Compute,1707.0,2144.0,151.01,99.92,0,94.4,1.45,4.33,0,0,82.98,1138.6265
2022-02-01,southeastasia,Storage,968.0,1246.0,21.37,99.94,0,122.41,1.94,3.41,0,0,63.92,1236.3567
2022-02-01,centralus,Compute,,1988.0,141.23,99.96,0,123.9,3.71,1.53,0,0,68.42,1317.0807
2022-02-01,centralus,Storage,921.0,1165.0,19.78,99.91,0,129.42,3.92,3.97,0,0,71.45,1222.7097
2022-02-01,uksouth,Compute,808.0,994.0,71.43,99.99,0,126.27,3.99,1.87,0,0,54.75,1583.4945
2022-02-01,uksouth,Storage,517.0,715.0,11.72,99.94,0,85.29,2.74,3.64,0,0,98.06,1202.0587
2022-02-02,eastus,Compute,1198.0,1612.0,102.5,99.89,0,117.72,1.97,0.58,0,0,88.12,1275.2683
2022-02-02,eastus,Storage,1334.0,1740.0,29.53,99.94,0,128.22,3.14,3.7,0,0,72.11,1258.966
2022-02-02,westeurope,Compute,544.0,704.0,46.56,99.97,0,103.96,2.43,3.9,0,0,72.15,1150.5417
2022-02-02,westeurope,Storage,1037.0,1401.0,23.3,99.93,0,87.67,2.7,4.21,0,0,97.08,1164.9277
2022-02-02,southeastasia,Compute,630.0,733.0,54.32,99.99,0,88.49,3.03,4.61,0,0,60.21,1160.5428
2022-02-02,southeastasia,Storage,607.0,799.0,13.8,99.87,0,85.96,3.77,3.85,0,0,90.14,1204.2988
2022-02-02,centralus,Compute,2067.0,2707.0,183.66,99.97,0,114.22,3.95,4.03,0,0,54.75,1150.7643
2022-02-02,centralus,Storage,3852.0,4493.0,82.46,99.98,0,115.82,2.01,4.3,0,0,98.81,1259.5095
2022-02-02,uksouth,Compute,1521.0,2029.0,126.53,99.96,0,134.86,1.3,5.44,0,0,73.25,1510.054
2022-02-02,uksouth,Storage,919.0,1086.0,19.91,99.91,0,104.8,3.41,5.41,0,0,89.47,1159.6578
2022-02-03,eastus,Compute,2204.0,2660.0,186.76,99.89,0,90.05,1.75,1.31,0,0,98.39,1493.019
2022-02-03,eastus,Storage,1406.0,1897.0,30.39,99.89,0,96.63,1.63,1.91,0,0,53.13,1214.7018
2022-02-03,westeurope,Compute,583.0,801.0,50.93,99.86,0,134.34,2.1,1.04,0,0,80.86,1530.8656
2022-02-03,westeurope,Storage,494.0,639.0,10.87,99.87,0,116.2,2.1,3.18,0,0,65.32,1275.9229
2022-02-03,southeastasia,Compute,1230.0,1501.0,103.13,99.88,0,102.35,3.01,5.95,0,0,52.25,1722.9421
2022-02-03,southeastasia,Storage,713.0,996.0,16.3,99.9,0,94.76,2.81,4.58,0,0,91.91,1331.4961
2022-02-03,centralus,Compute,2207.0,2979.0,180.53,99.95,0,105.81,2.9,5.47,0,0,75.51,1364.1947
2022-02-03,centralus,Storage,987.0,1255.0,22.03,99.88,0,112.63,2.43,4.14,0,0,59.26,1194.0173
2022-02-03,uksouth,Compute,2158.0,2580.0,,99.89,0,131.36,4.4,3.64,0,0,89.89,1234.2026
2022-02-03,uksouth,Storage,652.0,804.0,14.67,99.93,0,101.88,4.46,0.64,0,0,76.1,1283.2754
2022-02-04,eastus,Compute,1078.0,1239.0,95.03,99.96,0,116.37,3.68,1.34,0,0,54.69,1217.2533
2022-02-04,eastus,Storage,327.0,453.0,7.51,99.94,0,131.23,3.79,3.74,1,0,85.12,1305.7627
2022-02-04,westeurope,Compute,1731.0,2176.0,,99.99,0,123.47,2.51,5.05,0,0,60.22,1815.8246
2022-02-04,westeurope,Storage,1045.0,1260.0,23.38,99.92,0,123.68,1.61,3.94,0,0,96.42,1296.203
2022-02-04,southeastasia,Compute,1850.0,2139.0,156.45,99.88,0,87.48,3.59,1.11,0,0,58.67,1299.169
2022-02-04,southeastasia,Storage,514.0,616.0,10.81,99.93,0,117.58,1.9,3.56,0,0,96.37,1250.727
2022-02-04,centralus,Compute,857.0,989.0,75.23,99.92,0,123.76,1.97,2.4,1,0,83.39,1182.9219
2022-02-04,centralus,Storage,1093.0,1435.0,23.31,99.89,0,115.98,3.18,3.28,0,0,66.99,1319.865
2022-02-04,uksouth,Compute,5808.0,7467.0,486.12,99.91,0,124.72,2.12,1.28,0,0,54.45,1548.1016
2022-02-04,uksouth,Storage,,,25.0,99.9,0,131.43,1.4,1.01,0,0,57.52,1729.8556
2022-02-05,eastus,Compute,1281.0,1765.0,105.5,99.85,1,88.0,4.19,4.06,0,0,64.71,1231.6796
2022-02-05,eastus,Storage,462.0,537.0,9.66,99.88,1,118.18,2.56,2.71,0,0,95.46,1485.448
2022-02-05,westeurope,Compute,478.0,562.0,40.39,99.95,1,132.01,3.19,5.25,0,0,74.29,1580.805
2022-02-05,westeurope,Storage,549.0,761.0,11.64,99.95,1,116.61,3.13,2.65,0,0,60.9,1230.7584
2022-02-05,southeastasia,Compute,716.0,990.0,62.81,99.93,1,117.85,4.16,2.7,0,1,91.33,1305.7772
2022-02-05,southeastasia,Storage,,788.0,14.14,99.9,1,89.61,3.13,1.74,0,0,84.99,1697.721
2022-02-05,centralus,Compute,1271.0,1630.0,103.75,99.87,1,113.4,2.18,5.66,0,0,62.98,1545.5607
2022-02-05,centralus,Storage,1005.0,1216.0,21.32,99.87,1,86.36,2.93,1.7,0,0,56.89,1308.084
2022-02-05,uksouth,Compute,1026.0,1371.0,83.52,99.98,1,124.7,1.72,0.78,0,0,91.73,1316.8167
2022-02-05,uksouth,Storage,666.0,905.0,14.24,99.9,1,125.42,3.92,2.62,0,0,96.63,2235.7969
2022-02-06,eastus,Compute,409.0,478.0,34.49,99.93,1,131.86,2.23,1.87,0,0,66.61,1197.3938
2022-02-06,eastus,Storage,535.0,624.0,11.67,99.87,1,115.64,4.3,4.14,0,0,77.53,1175.2677
2022-02-06,westeurope,Compute,522.0,706.0,44.87,99.9,1,97.77,1.55,2.45,0,0,82.91,1720.2468
2022-02-06,westeurope,Storage,759.0,907.0,,99.97,1,87.1,2.58,1.43,0,0,61.57,1215.441
2022-02-06,southeastasia,Compute,1015.0,1233.0,84.66,99.97,1,87.51,2.73,2.59,0,0,54.57,1195.39
2022-02-06,southeastasia,Storage,352.0,464.0,7.69,99.95,1,126.22,1.68,5.08,0,0,71.57,1039.3186
2022-02-06,centralus,Compute,1509.0,1924.0,127.42,99.88,1,112.37,2.11,5.46,0,0,77.97,1140.7537
2022-02-06,centralus,Storage,580.0,768.0,12.54,99.88,1,95.54,4.03,5.01,0,0,69.11,2106.2783
2022-02-06,uksouth,Compute,1094.0,1528.0,88.58,99.93,1,117.98,3.47,1.16,0,0,81.14,1126.0117
2022-02-06,uksouth,Storage,,426.0,7.68,99.96,1,91.53,3.07,2.93,0,0,84.52,1947.5769
2022-02-07,eastus,Compute,1431.0,1651.0,123.6,100.8,0,93.15,1.97,0.63,0,0,56.77,1194.7499
2022-02-07,eastus,Storage,944.0,1151.0,19.8,99.98,0,95.68,2.59,0.55,0,0,97.34,1706.0934
2022-02-07,westeurope,Compute,1827.0,,148.16,99.93,0,104.88,4.41,3.49,0,0,63.57,678.65137
2022-02-07,westeurope,Storage,601.0,768.0,12.82,99.86,0,105.52,1.74,1.72,0,0,54.38,2193.7803
2022-02-07,southeastasia,Compute,425.0,536.0,35.54,99.97,0,89.18,1.9,4.64,0,0,72.11,728.7636
2022-02-07,southeastasia,Storage,,497.0,8.32,99.88,0,95.43,2.18,5.51,0,0,67.33,1091.4755
2022-02-07,centralus,Compute,1628.0,1941.0,142.91,99.93,0,101.88,3.85,1.86,0,0,66.87,801.3075
2022-02-07,centralus,Storage,690.0,833.0,15.05,99.88,0,118.62,3.93,4.2,0,0,57.82,1101.5117
2022-02-07,uksouth,Compute,1139.0,1333.0,92.31,99.99,0,86.5,2.67,3.28,0,0,67.59,1793.8207
2022-02-07,uksouth,Storage,379.0,517.0,8.16,99.92,0,115.97,2.56,2.85,0,0,92.53,637.635
2022-02-08,eastus,Compute,5138.0,6793.0,450.85,99.93,0,123.98,1.25,5.0,0,0,99.6,1795.3083
2022-02-08,eastus,Storage,743.0,,16.82,99.93,0,110.58,1.4,2.08,0,0,56.75,1975.7432
2022-02-08,westeurope,Compute,721.0,936.0,61.92,99.95,0,113.77,2.62,2.02,0,0,84.62,766.82056
2022-02-08,westeurope,Storage,,1837.0,31.2,99.89,0,117.52,1.9,1.17,0,0,99.85,896.9252
2022-02-08,southeastasia,Compute,1623.0,2243.0,135.64,99.92,0,85.68,1.47,1.92,1,0,71.32,1008.9415
2022-02-08,southeastasia,Storage,859.0,1093.0,,99.96,0,104.89,3.86,3.76,0,0,68.14,1249.7186
2022-02-08,centralus,Compute,1232.0,1601.0,103.05,99.98,0,105.33,1.67,4.43,0,0,84.89,1369.9325
2022-02-08,centralus,Storage,675.0,828.0,15.35,99.94,0,114.06,2.04,4.66,0,0,66.29,2238.9983
2022-02-08,uksouth,Compute,2171.0,2519.0,187.94,99.98,0,126.86,1.62,1.19,0,0,73.03,1485.5454
2022-02-08,uksouth,Storage,857.0,1007.0,18.67,99.95,0,123.99,1.59,0.5,0,0,62.72,2227.781
2022-02-09,eastus,Compute,773.0,1053.0,68.71,99.93,0,110.72,1.48,3.52,0,0,69.44,856.55817
2022-02-09,eastus,Storage,1186.0,1506.0,25.15,99.86,0,126.49,4.42,2.73,0,0,94.57,1165.9171
2022-02-09,westeurope,Compute,718.0,911.0,59.92,99.92,0,127.98,3.15,4.32,0,0,83.33,1349.5082
2022-02-09,westeurope,Storage,748.0,991.0,,99.97,0,110.0,3.61,3.91,0,0,64.23,397.19962
2022-02-09,southeastasia,Compute,384.0,,31.77,99.88,0,112.55,2.93,2.05,0,0,88.58,740.6613
2022-02-09,southeastasia,Storage,1288.0,1795.0,28.26,99.86,0,87.4,2.18,5.63,0,0,69.96,1401.276
2022-02-09,centralus,Compute,1393.0,1655.0,124.05,99.93,0,91.78,4.15,0.91,0,0,85.02,2226.171
2022-02-09,centralus,Storage,1071.0,1475.0,22.43,99.89,0,87.84,3.73,4.36,0,0,69.8,2248.648
2022-02-09,uksouth,Compute,734.0,900.0,,99.93,0,124.5,2.25,3.69,0,0,73.34,2019.1105
2022-02-09,uksouth,Storage,380.0,442.0,8.36,99.86,0,90.71,4.31,5.3,0,0,50.01,1212.1018
2022-02-10,eastus,Compute,1274.0,1605.0,109.9,99.86,0,125.69,4.3,4.07,0,0,73.87,399.51038
2022-02-10,eastus,Storage,853.0,1004.0,19.46,99.89,0,93.13,3.43,0.71,0,0,60.75,1512.0142
2022-02-10,westeurope,Compute,540.0,738.0,46.25,99.9,0,125.15,2.98,0.94,0,0,69.82,1950.8818
2022-02-10,westeurope,Storage,959.0,1236.0,21.88,99.9,0,115.72,2.93,2.26,0,0,60.04,2252.3425
2022-02-10,southeastasia,Compute,1752.0,2290.0,153.81,99.96,0,98.85,4.3,1.18,0,0,58.86,2242.86
2022-02-10,southeastasia,Storage,800.0,1080.0,17.55,99.91,0,134.78,1.23,5.42,0,0,80.9,2204.9758
2022-02-10,centralus,Compute,2336.0,2736.0,204.8,99.89,0,91.61,2.65,4.04,0,0,79.97,1490.1467
2022-02-10,centralus,Storage,1113.0,1489.0,,99.97,0,94.84,2.66,1.6,0,0,53.41,1417.008
2022-02-10,uksouth,Compute,2156.0,2819.0,188.47,99.93,0,105.71,4.36,3.48,0,0,81.28,533.552
2022-02-10,uksouth,Storage,1509.0,1757.0,33.54,99.96,0,111.17,1.95,4.17,0,0,58.17,1061.9395
2022-02-11,eastus,Compute,2628.0,3182.0,,99.9,0,127.74,4.34,5.36,0,0,73.72,1838.4391
2022-02-11,eastus,Storage,1328.0,1550.0,29.43,99.93,0,128.9,3.04,5.78,0,0,52.2,1881.1487
2022-02-11,westeurope,Compute,2551.0,3268.0,215.78,99.9,0,114.46,2.7,2.98,0,0,89.82,2058.4558
2022-02-11,westeurope,Storage,938.0,1136.0,20.34,99.99,0,119.22,4.33,1.28,0,0,53.84,384.4014
2022-02-11,southeastasia,Compute,1934.0,2250.0,161.61,99.96,0,105.68,3.35,3.69,1,0,52.07,984.898
2022-02-11,southeastasia,Storage,730.0,897.0,,99.88,0,89.85,1.79,4.89,0,0,73.75,552.9983
2022-02-11,centralus,Compute,1186.0,1447.0,99.3,99.96,0,134.63,1.99,5.31,0,0,69.97,2236.0198
2022-02-11,centralus,Storage,952.0,1240.0,19.93,99.88,0,125.52,2.1,4.52,0,0,53.4,2094.2998
2022-02-11,uksouth,Compute,5286.0,7255.0,456.15,99.91,0,118.79,3.24,3.63,0,0,88.45,1309.7719
2022-02-11,uksouth,Storage,,1206.0,23.31,100.8,0,130.35,4.47,1.65,0,0,74.19,2227.4575
2022-02-12,eastus,Compute,1637.0,2266.0,,99.88,1,117.8,1.86,2.23,0,0,91.37,1350.8622
2022-02-12,eastus,Storage,785.0,1055.0,17.38,99.89,1,119.75,3.07,4.88,0,0,74.41,1045.219
2022-02-12,westeurope,Compute,796.0,1096.0,64.69,99.95,1,94.14,2.25,2.79,0,0,54.57,1022.2
2022-02-12,westeurope,Storage,277.0,383.0,5.9,99.92,1,89.57,3.26,3.53,0,0,94.83,1239.2917
2022-02-12,southeastasia,Compute,1260.0,,108.04,99.89,1,116.35,3.87,3.86,0,0,66.37,1332.2537
2022-02-12,southeastasia,Storage,586.0,703.0,12.57,99.89,1,112.76,3.14,2.85,0,0,54.39,1739.3916
2022-02-12,centralus,Compute,1479.0,1965.0,126.71,99.85,1,103.02,3.2,2.63,0,0,64.68,1830.0635
2022-02-12,centralus,Storage,814.0,,18.28,99.94,1,125.39,4.12,4.99,1,0,60.42,730.3512
2022-02-12,uksouth,Compute,947.0,1100.0,78.33,99.98,1,97.81,1.93,1.26,0,0,83.74,1193.1279
2022-02-12,uksouth,Storage,230.0,266.0,5.07,100.8,1,131.58,3.25,4.92,0,0,68.7,2241.0244
2022-02-13,eastus,Compute,,881.0,59.25,99.91,1,91.54,3.42,4.51,0,0,75.22,1142.3944
2022-02-13,eastus,Storage,1138.0,1367.0,24.57,99.94,1,104.91,1.22,3.38,0,0,91.26,1035.4255
2022-02-13,westeurope,Compute,1660.0,2281.0,145.98,99.88,1,132.81,2.44,2.37,0,0,55.45,803.21826
2022-02-13,westeurope,Storage,909.0,1181.0,,99.93,1,131.31,4.08,4.82,0,0,54.88,718.765
2022-02-13,southeastasia,Compute,402.0,495.0,34.17,99.94,1,110.53,1.6,2.22,0,0,56.87,1177.0867
2022-02-13,southeastasia,Storage,698.0,921.0,14.95,99.98,1,128.56,2.16,4.81,0,0,79.89,1841.281
2022-02-13,centralus,Compute,1732.0,2101.0,152.71,99.87,1,87.68,3.57,3.12,0,0,58.41,2240.4038
2022-02-13,centralus,Storage,,,24.57,99.93,1,100.39,2.77,4.86,0,0,96.69,1939.7122
2022-02-13,uksouth,Compute,940.0,1238.0,81.47,99.9,1,128.96,3.59,1.12,0,0,52.36,493.52017
2022-02-13,uksouth,Storage,755.0,1031.0,16.17,99.95,1,116.48,4.05,1.23,0,0,99.77,1487.2303
2022-02-14,eastus,Compute,1663.0,1935.0,137.9,99.92,0,93.58,1.75,3.04,1,0,70.79,1515.0997
2022-02-14,eastus,Storage,257.0,311.0,5.41,99.94,0,114.77,2.57,2.82,0,0,91.01,2186.2131
2022-02-14,westeurope,Compute,1362.0,1613.0,113.19,99.86,0,131.54,3.38,4.6,0,0,62.98,648.1427
2022-02-14,westeurope,Storage,,1013.0,,99.91,0,95.98,1.2,5.53,0,0,58.39,2238.0352
2022-02-14,southeastasia,Compute,1910.0,2614.0,165.97,99.88,0,120.28,2.22,1.83,0,0,85.55,1306.1067
2022-02-14,southeastasia,Storage,279.0,323.0,6.44,100.8,0,87.69,1.83,0.71,0,0,67.06,1887.7643
2022-02-14,centralus,Compute,706.0,955.0,62.28,99.96,0,118.58,1.3,3.44,1,0,66.04,1881.3951
2022-02-14,centralus,Storage,1236.0,1498.0,27.3,99.99,0,127.88,1.52,4.39,0,1,70.17,1122.7921
2022-02-14,uksouth,Compute,,2468.0,189.07,99.86,0,134.59,4.34,1.25,0,0,71.41,2047.8613
2022-02-14,uksouth,Storage,1029.0,1290.0,22.36,99.97,0,130.26,2.83,2.32,0,0,53.01,663.44257
2022-02-15,eastus,Compute,665.0,818.0,54.63,99.96,0,91.12,3.3,1.18,0,0,59.51,1794.5115
2022-02-15,eastus,Storage,1532.0,1807.0,32.6,99.92,0,121.89,1.66,2.92,0,0,55.78,1949.117
2022-02-15,westeurope,Compute,1291.0,1489.0,113.06,99.99,0,115.3,2.86,5.33,0,0,72.27,1251.2058
2022-02-15,westeurope,Storage,1105.0,1317.0,23.85,99.92,0,124.82,3.64,4.05,0,0,54.37,1198.7037
2022-02-15,southeastasia,Compute,1314.0,,109.17,99.98,0,132.68,2.36,0.74,0,0,97.39,2005.2139
2022-02-15,southeastasia,Storage,1070.0,1452.0,23.56,99.94,0,108.89,2.78,4.72,0,0,72.51,1813.4478
2022-02-15,centralus,Compute,,1798.0,112.83,99.96,0,88.45,2.3,2.23,0,0,57.43,1527.597
2022-02-15,centralus,Storage,501.0,645.0,10.74,99.91,0,133.39,3.37,3.6,0,0,76.3,620.4086
2022-02-15,uksouth,Compute,1062.0,1275.0,89.99,99.96,0,94.01,1.56,5.36,0,0,51.27,2236.5527
2022-02-15,uksouth,Storage,725.0,988.0,16.31,99.9,0,89.35,1.87,3.5,0,0,61.58,1353.7478
2022-02-16,eastus,Compute,3554.0,4305.0,311.53,100.8,0,90.57,3.08,3.7,0,0,72.19,769.3496
2022-02-16,eastus,Storage,476.0,651.0,10.71,99.89,0,114.97,1.86,5.4,0,1,75.1,1813.5231
2022-02-16,westeurope,Compute,2480.0,3398.0,201.31,99.89,0,108.25,1.95,4.59,0,0,67.11,926.97833
2022-02-16,westeurope,Storage,351.0,476.0,7.48,99.98,0,112.68,2.19,2.87,0,0,89.82,1920.166
2022-02-16,southeastasia,Compute,,1423.0,93.72,99.94,0,122.08,3.86,5.15,0,0,70.09,1846.3424
2022-02-16,southeastasia,Storage,671.0,869.0,14.71,99.94,0,109.01,3.38,1.71,0,0,74.23,790.2523
2022-02-16,centralus,Compute,1932.0,2326.0,171.89,99.95,0,132.86,2.61,3.11,0,0,85.36,2241.3606
2022-02-16,centralus,Storage,1173.0,1544.0,25.83,99.91,0,87.69,1.27,2.47,0,0,56.92,2182.3132
2022-02-16,uksouth,Compute,521.0,693.0,44.73,99.95,0,123.49,4.42,3.65,0,0,53.42,2205.2886
2022-02-16,uksouth,Storage,414.0,487.0,9.42,99.94,0,101.29,1.83,3.56,0,0,92.57,970.97394
2022-02-17,eastus,Compute,1037.0,1412.0,85.34,99.91,0,93.27,3.53,3.44,0,0,60.59,453.61063
2022-02-17,eastus,Storage,876.0,1190.0,19.67,99.98,0,121.94,2.21,1.96,0,0,54.64,700.8342
2022-02-17,westeurope,Compute,3699.0,4347.0,323.59,99.96,0,109.11,1.39,1.46,0,0,94.92,1484.5067
2022-02-17,westeurope,Storage,,2012.0,32.92,99.93,0,94.6,3.4,3.93,0,0,76.43,1705.5092
2022-02-17,southeastasia,Compute,1023.0,1226.0,89.61,99.88,0,89.25,2.64,4.12,0,0,77.91,1171.4069
2022-02-17,southeastasia,Storage,498.0,683.0,,99.89,0,121.23,3.96,5.24,0,0,52.05,2129.2346
2022-02-17,centralus,Compute,2292.0,3060.0,194.53,99.86,0,133.62,2.91,3.88,0,0,71.46,752.7138
2022-02-17,centralus,Storage,1178.0,1601.0,25.24,99.88,0,110.25,3.74,0.84,0,0,51.82,837.4929
2022-02-17,uksouth,Compute,582.0,725.0,50.55,99.93,0,132.19,2.03,1.05,0,0,93.04,1115.6927
2022-02-17,uksouth,Storage,1103.0,1365.0,24.55,99.97,0,96.57,2.53,5.96,0,0,75.83,2232.766
2022-02-18,eastus,Compute,1303.0,1591.0,112.2,99.91,0,109.1,3.7,2.05,0,0,52.81,1598.8019
2022-02-18,eastus,Storage,1073.0,,23.72,99.88,0,102.16,4.01,3.58,0,0,50.8,1458.2922
2022-02-18,westeurope,Compute,1411.0,1926.0,122.27,99.85,0,104.7,4.01,2.4,1,0,90.1,731.86804
2022-02-18,westeurope,Storage,1360.0,1784.0,31.11,99.94,0,91.56,2.22,1.61,0,0,83.82,1026.8077
2022-02-18,southeastasia,Compute,606.0,720.0,50.86,99.88,0,119.79,4.32,5.98,0,0,72.14,2214.121
2022-02-18,southeastasia,Storage,696.0,823.0,14.86,99.96,0,106.28,3.07,0.62,1,0,90.83,1858.426
2022-02-18,centralus,Compute,3496.0,4490.0,309.44,99.9,0,126.48,1.64,5.64,0,0,83.83,1992.7307
2022-02-18,centralus,Storage,988.0,1242.0,22.02,99.88,0,116.37,4.25,5.99,1,0,65.52,1190.3794
2022-02-18,uksouth,Compute,632.0,771.0,52.67,99.99,0,117.14,3.57,5.87,0,0,71.73,1692.2524
2022-02-18,uksouth,Storage,878.0,1172.0,19.4,99.94,0,98.7,3.16,3.19,0,0,64.58,2243.0432
2022-02-19,eastus,Compute,4460.0,5451.0,374.15,99.94,1,90.91,4.35,5.26,0,0,50.83,990.4439
2022-02-19,eastus,Storage,799.0,1002.0,17.93,99.91,1,110.23,1.22,4.3,0,0,68.41,887.3215
2022-02-19,westeurope,Compute,1850.0,2365.0,162.86,99.92,1,102.99,2.97,4.45,0,0,64.75,417.27228
2022-02-19,westeurope,Storage,706.0,933.0,16.1,99.99,1,106.34,1.57,0.67,0,0,61.04,1129.7056
2022-02-19,southeastasia,Compute,1460.0,1698.0,,99.92,1,99.54,2.75,5.22,0,0,56.45,2228.266
2022-02-19,southeastasia,Storage,574.0,727.0,12.28,99.87,1,101.64,4.3,2.39,0,0,58.96,2203.655
2022-02-19,centralus,Compute,855.0,1037.0,71.6,99.95,1,111.08,1.61,5.79,0,0,53.96,1395.8727
2022-02-19,centralus,Storage,334.0,395.0,7.32,99.93,1,106.42,1.29,4.81,1,0,94.67,2233.46
2022-02-19,uksouth,Compute,537.0,750.0,44.51,99.92,1,130.44,3.79,3.18,0,0,96.55,514.2578
2022-02-19,uksouth,Storage,538.0,656.0,12.38,99.87,1,113.99,2.13,2.03,0,0,52.75,1213.7799
2022-02-20,eastus,Compute,774.0,976.0,67.3,99.9,1,88.2,1.45,1.13,0,0,85.64,724.3006
2022-02-20,eastus,Storage,466.0,602.0,10.67,99.85,1,125.53,4.33,1.0,0,0,76.88,1855.0237
2022-02-20,westeurope,Compute,4986.0,6294.0,431.99,99.95,1,134.77,2.15,3.46,0,0,58.46,516.8248
2022-02-20,westeurope,Storage,3192.0,4152.0,68.31,99.93,1,119.75,2.9,5.95,0,0,88.61,890.5786
2022-02-20,southeastasia,Compute,1490.0,1842.0,125.79,99.96,1,109.21,3.82,3.67,0,0,61.91,744.2192
2022-02-20,southeastasia,Storage,541.0,654.0,11.48,99.88,1,94.1,2.89,5.15,0,0,82.72,379.63223
2022-02-20,centralus,Compute,,1849.0,129.83,99.94,1,104.44,1.63,1.94,0,0,56.22,1761.8734
2022-02-20,centralus,Storage,373.0,452.0,8.08,99.98,1,133.33,2.66,2.27,0,0,63.67,1972.717
2022-02-20,uksouth,Compute,726.0,854.0,63.7,99.87,1,122.36,1.36,5.72,0,1,88.19,460.53308
2022-02-20,uksouth,Storage,834.0,1068.0,18.61,99.96,1,105.26,1.21,5.17,0,0,50.39,1913.8483
2022-02-21,eastus,Compute,544.0,654.0,47.82,99.85,0,127.19,2.72,1.7,0,0,53.63,1100.2208
2022-02-21,eastus,Storage,760.0,915.0,16.31,99.97,0,89.48,3.56,1.99,0,0,50.37,396.18045
2022-02-21,westeurope,Compute,1483.0,1850.0,132.06,99.98,0,125.01,2.0,0.87,0,0,75.3,378.6358
2022-02-21,westeurope,Storage,649.0,867.0,13.58,99.94,0,94.14,1.97,4.0,0,0,61.29,2023.4846
2022-02-21,southeastasia,Compute,1829.0,2453.0,152.42,99.96,0,99.7,2.67,4.5,0,0,61.26,1975.0938
2022-02-21,southeastasia,Storage,921.0,1181.0,20.18,99.91,0,106.56,3.08,0.51,0,0,86.11,2037.9247
2022-02-21,centralus,Compute,556.0,727.0,47.35,99.86,0,96.64,2.82,2.21,0,0,66.14,681.0304
2022-02-21,centralus,Storage,820.0,970.0,18.81,99.97,0,120.38,1.55,4.77,0,0,55.7,720.63763
2022-02-21,uksouth,Compute,,1051.0,,99.91,0,111.44,1.31,4.01,0,0,64.63,1010.70825
2022-02-21,uksouth,Storage,971.0,1221.0,22.43,99.88,0,90.16,3.13,3.19,0,0,63.36,1318.589
2022-02-22,eastus,Compute,2685.0,3174.0,233.75,99.94,0,100.79,3.25,1.71,0,0,56.68,744.3533
2022-02-22,eastus,Storage,952.0,1240.0,21.65,99.95,0,90.63,3.63,2.01,0,0,99.88,1441.3115
2022-02-22,westeurope,Compute,1935.0,2516.0,167.01,99.99,0,88.75,1.94,2.74,0,0,54.59,2240.3232
2022-02-22,westeurope,Storage,379.0,497.0,8.03,99.94,0,134.12,4.21,2.92,1,0,91.32,2240.4944
2022-02-22,southeastasia,Compute,866.0,1174.0,76.25,99.91,0,124.21,4.32,2.01,0,0,66.91,1217.5483
2022-02-22,southeastasia,Storage,,1206.0,20.81,99.95,0,119.98,2.21,0.81,0,0,55.13,1098.1179
2022-02-22,centralus,Compute,2333.0,3100.0,207.68,99.99,0,109.7,4.07,4.55,0,0,56.86,1109.1132
2022-02-22,centralus,Storage,489.0,592.0,10.81,99.88,0,90.09,4.21,5.01,0,0,92.19,1154.8976
2022-02-22,uksouth,Compute,401.0,513.0,34.37,99.95,0,122.66,3.6,5.28,0,0,97.39,1249.9889
2022-02-22,uksouth,Storage,,805.0,14.66,99.93,0,125.97,2.28,2.42,0,0,51.33,501.7416
2022-02-23,eastus,Compute,2035.0,2717.0,176.01,99.88,0,102.62,1.62,1.21,0,0,98.14,1365.4636
2022-02-23,eastus,Storage,1567.0,1936.0,33.88,99.93,0,101.12,3.76,0.89,0,0,83.64,1100.4077
2022-02-23,westeurope,Compute,1026.0,1253.0,88.43,99.89,0,132.9,1.31,3.69,0,0,58.79,538.569
2022-02-23,westeurope,Storage,1870.0,2249.0,39.68,99.96,0,110.03,4.21,1.31,0,0,57.84,1013.9666
2022-02-23,southeastasia,Compute,1160.0,1575.0,98.53,99.98,0,131.4,1.75,0.51,0,0,52.77,1713.0916
2022-02-23,southeastasia,Storage,,617.0,11.6,99.88,0,132.36,1.88,3.88,0,0,84.2,323.24258
2022-02-23,centralus,Compute,1807.0,2289.0,147.01,99.96,0,101.78,3.1,3.33,0,0,71.17,675.15375
2022-02-23,centralus,Storage,,1406.0,24.77,99.87,0,131.19,3.91,2.45,0,0,83.86,738.76544
2022-02-23,uksouth,Compute,1660.0,2019.0,134.6,99.91,0,129.55,3.08,5.08,0,0,84.59,1894.3857
2022-02-23,uksouth,Storage,470.0,621.0,10.06,99.87,0,129.35,2.11,1.73,0,0,72.42,1114.0137
2022-02-24,eastus,Compute,1328.0,1672.0,110.74,99.96,0,131.81,4.3,1.46,0,0,62.64,834.52484
2022-02-24,eastus,Storage,393.0,478.0,8.22,99.87,0,102.48,2.24,4.85,0,0,72.89,936.66394
2022-02-24,westeurope,Compute,2182.0,3019.0,194.37,99.97,0,93.7,1.35,3.69,0,0,50.35,1233.7524
2022-02-24,westeurope,Storage,674.0,819.0,15.07,99.99,0,130.79,2.86,4.87,0,0,98.22,1043.9357
2022-02-24,southeastasia,Compute,1483.0,1898.0,122.44,99.96,0,95.19,2.06,1.01,0,0,75.73,1699.5895
2022-02-24,southeastasia,Storage,919.0,1283.0,20.87,99.89,0,88.5,1.39,1.16,0,0,74.84,844.6335
2022-02-24,centralus,Compute,477.0,621.0,42.51,99.9,0,122.64,2.85,1.2,0,0,51.72,1273.695
2022-02-24,centralus,Storage,,777.0,14.0,99.93,0,129.33,2.56,3.82,0,0,57.22,1519.5554
2022-02-24,uksouth,Compute,3339.0,4569.0,276.34,99.88,0,121.8,2.26,3.28,0,0,92.58,771.43365
2022-02-24,uksouth,Storage,523.0,646.0,10.95,99.95,0,132.27,3.29,2.89,0,0,87.53,588.2256
2022-02-25,eastus,Compute,740.0,1013.0,61.45,99.99,0,104.15,1.79,2.43,0,0,78.91,1588.8646
2022-02-25,eastus,Storage,445.0,608.0,9.96,99.91,0,109.4,1.87,3.95,0,0,74.01,1299.3295
2022-02-25,westeurope,Compute,1535.0,2117.0,134.4,99.91,0,120.93,3.13,3.21,0,0,62.29,1518.9033
2022-02-25,westeurope,Storage,319.0,403.0,7.01,99.98,0,116.85,4.17,3.01,0,0,72.94,944.1387
2022-02-25,southeastasia,Compute,1879.0,2264.0,154.36,99.91,0,131.33,3.54,2.8,0,0,99.23,1085.5721
2022-02-25,southeastasia,Storage,1080.0,1412.0,,99.91,0,100.32,4.38,5.8,0,0,98.64,1287.899
2022-02-25,centralus,Compute,438.0,512.0,36.6,99.88,0,134.4,2.48,4.53,0,0,61.95,904.88776
2022-02-25,centralus,Storage,1075.0,1299.0,22.51,99.97,0,133.28,2.33,2.36,1,0,91.27,1211.8667
2022-02-25,uksouth,Compute,1846.0,2465.0,149.56,99.87,0,116.65,4.17,3.93,0,0,92.21,921.3033
2022-02-25,uksouth,Storage,642.0,862.0,14.1,99.98,0,130.39,1.49,5.65,0,0,60.05,1252.4421
2022-02-26,eastus,Compute,1377.0,1634.0,122.21,99.88,1,113.37,2.44,5.81,0,0,99.14,252.63858
2022-02-26,eastus,Storage,241.0,292.0,5.41,99.85,1,87.48,3.18,2.38,0,0,85.69,253.77324
2022-02-26,westeurope,Compute,2034.0,2687.0,172.95,99.96,1,109.26,1.69,4.07,0,0,80.66,553.46924
2022-02-26,westeurope,Storage,1208.0,1545.0,25.44,99.94,1,97.66,3.85,5.0,0,0,72.75,362.34946
2022-02-26,southeastasia,Compute,1381.0,1776.0,117.93,99.86,1,105.9,4.02,5.21,0,0,63.13,879.1327
2022-02-26,southeastasia,Storage,897.0,1054.0,18.78,99.94,1,133.04,4.18,4.33,0,0,66.0,462.2445
2022-02-26,centralus,Compute,1880.0,2221.0,165.66,99.93,1,91.36,2.61,1.38,0,0,55.29,1571.0775
2022-02-26,centralus,Storage,661.0,791.0,14.5,99.9,1,102.94,2.95,3.71,0,0,90.27,945.7531
2022-02-26,uksouth,Compute,770.0,1045.0,,99.9,1,109.6,3.09,1.81,0,0,66.7,754.137
2022-02-26,uksouth,Storage,886.0,1190.0,18.72,99.96,1,93.53,2.68,1.66,0,0,64.52,635.7482
2022-02-27,eastus,Compute,1106.0,1457.0,92.4,99.89,1,94.22,2.84,2.02,0,0,83.2,892.5063
2022-02-27,eastus,Storage,548.0,669.0,12.32,99.98,1,130.85,3.13,3.04,0,0,59.18,1093.1055
2022-02-27,westeurope,Compute,1322.0,1625.0,116.93,99.87,1,93.93,2.83,0.95,0,0,98.82,1385.9946
2022-02-27,westeurope,Storage,215.0,249.0,4.55,99.98,1,109.68,2.7,0.71,0,0,60.1,1014.9821
2022-02-27,southeastasia,Compute,2156.0,2930.0,189.95,100.8,1,121.38,1.58,3.73,0,0,94.01,324.7319
2022-02-27,southeastasia,Storage,714.0,824.0,,99.91,1,131.66,3.3,4.91,0,0,55.42,858.19916
2022-02-27,centralus,Compute,1974.0,2643.0,161.0,99.85,1,105.18,4.48,1.46,0,0,86.24,1084.0978
2022-02-27,centralus,Storage,,766.0,14.38,99.99,1,118.28,2.83,5.58,1,0,94.44,1180.0203
2022-02-27,uksouth,Compute,1183.0,,,99.94,1,100.13,2.72,2.04,0,0,94.28,1205.9447
2022-02-27,uksouth,Storage,896.0,1068.0,19.12,99.89,1,114.67,1.89,1.14,0,0,90.13,1081.6051
2022-02-28,eastus,Compute,2063.0,2418.0,171.09,99.86,0,90.05,1.86,6.0,1,0,57.06,333.0462
2022-02-28,eastus,Storage,668.0,803.0,14.07,99.95,0,105.13,4.24,4.08,0,0,62.93,1015.1259
2022-02-28,westeurope,Compute,2232.0,2595.0,189.65,99.87,0,105.05,2.36,4.75,0,0,68.33,867.22644
2022-02-28,westeurope,Storage,2440.0,3293.0,54.79,99.88,0,103.34,1.55,3.96,0,0,89.03,1016.8035
2022-02-28,southeastasia,Compute,1571.0,2000.0,126.91,99.92,0,104.19,4.41,1.38,0,0,69.53,581.34064
2022-02-28,southeastasia,Storage,930.0,1120.0,20.93,99.92,0,105.76,1.76,1.53,1,0,77.84,680.6126
2022-02-28,centralus,Compute,1822.0,2249.0,147.41,99.91,0,112.49,3.24,4.15,0,0,56.02,1012.88556
2022-02-28,centralus,Storage,1267.0,1517.0,27.77,99.98,0,87.54,4.05,2.38,0,0,83.54,1291.3185
2022-02-28,uksouth,Compute,2055.0,2645.0,176.26,99.94,0,97.78,2.4,5.14,0,0,78.13,1082.4841
2022-02-28,uksouth,Storage,369.0,459.0,8.07,99.87,0,90.12,2.97,0.97,0,0,98.22,1246.9305
2022-03-01,eastus,Compute,2902.0,3967.0,,99.9,0,89.16,3.59,2.21,0,0,74.26,1419.8641
2022-03-01,eastus,Storage,1153.0,1488.0,25.38,99.85,0,103.14,3.18,5.17,0,0,86.42,1083.2952
2022-03-01,westeurope,Compute,1548.0,2141.0,,99.93,0,117.39,1.3,3.9,0,0,67.97,1259.6338
2022-03-01,westeurope,Storage,676.0,890.0,14.6,99.95,0,128.57,1.98,5.88,0,0,71.08,1521.9452
2022-03-01,southeastasia,Compute,1460.0,1830.0,127.36,99.98,0,118.24,1.55,4.2,0,0,91.26,2236.3262
2022-03-01,southeastasia,Storage,895.0,1248.0,,99.95,0,85.37,2.91,0.71,0,0,98.42,852.20764
2022-03-01,centralus,Compute,730.0,1007.0,60.88,99.88,0,127.42,4.19,3.48,0,0,90.04,1018.15344
2022-03-01,centralus,Storage,1105.0,1409.0,25.11,99.94,0,101.92,4.29,5.52,0,0,87.07,1064.4348
2022-03-01,uksouth,Compute,1692.0,,138.16,99.87,0,119.51,3.33,5.41,0,0,99.59,1280.8627
2022-03-01,uksouth,Storage,1035.0,1336.0,21.83,99.91,0,122.51,3.49,5.95,0,0,66.48,1007.74005
2022-03-02,eastus,Compute,2811.0,3542.0,240.1,99.96,0,114.15,4.37,4.13,0,0,70.69,1011.8031
2022-03-02,eastus,Storage,1244.0,1495.0,26.56,99.88,0,91.28,2.23,5.37,0,0,89.87,1424.2869
2022-03-02,westeurope,Compute,1225.0,1551.0,99.53,99.89,0,106.8,1.72,5.71,0,0,79.54,1115.5253
2022-03-02,westeurope,Storage,352.0,,7.74,99.86,0,115.89,3.4,2.58,0,0,85.4,433.90076
2022-03-02,southeastasia,Compute,1704.0,2239.0,140.47,99.87,0,134.97,3.25,2.87,0,0,52.48,1086.1276
2022-03-02,southeastasia,Storage,588.0,809.0,12.54,99.94,0,105.29,1.34,2.41,0,0,97.44,668.4106
2022-03-02,centralus,Compute,2360.0,3128.0,207.66,99.9,0,98.07,4.32,4.49,0,0,89.82,777.4664
2022-03-02,centralus,Storage,877.0,1211.0,19.33,99.87,0,111.41,1.62,3.76,0,0,50.5,1103.8944
2022-03-02,uksouth,Compute,701.0,853.0,59.54,99.97,0,93.18,2.11,0.86,0,0,69.43,1080.0663
2022-03-02,uksouth,Storage,1172.0,,24.56,99.88,0,124.02,1.86,0.94,0,1,54.24,2130.0828
2022-03-03,eastus,Compute,1212.0,1563.0,100.75,99.9,0,131.16,1.88,5.31,1,0,92.73,488.56003
2022-03-03,eastus,Storage,1382.0,1840.0,31.87,99.87,0,96.28,1.9,4.86,0,0,99.93,856.5361
2022-03-03,westeurope,Compute,,2173.0,155.71,99.97,0,96.63,1.58,2.29,0,0,93.4,972.31177
2022-03-03,westeurope,Storage,768.0,971.0,17.08,99.88,0,125.25,4.39,1.98,0,0,77.96,1129.1893
2022-03-03,southeastasia,Compute,1041.0,1390.0,90.7,99.89,0,109.19,2.17,1.92,1,0,77.7,813.9588
2022-03-03,southeastasia,Storage,848.0,1162.0,18.83,99.94,0,105.17,3.43,1.54,0,0,82.8,1308.1656
2022-03-03,centralus,Compute,1237.0,1592.0,104.64,99.87,0,116.84,4.42,5.04,0,0,96.28,297.4802
2022-03-03,centralus,Storage,737.0,1021.0,16.6,99.86,0,118.46,2.55,3.09,0,0,89.53,977.2579
2022-03-03,uksouth,Compute,2133.0,2823.0,183.41,99.92,0,104.52,4.2,0.66,0,0,72.32,480.79852
2022-03-03,uksouth,Storage,612.0,759.0,13.88,99.92,0,90.84,1.63,3.45,0,0,93.48,1110.9482
2022-03-04,eastus,Compute,2452.0,2854.0,212.02,99.92,0,118.14,3.15,2.82,0,0,76.23,1020.5136
2022-03-04,eastus,Storage,641.0,860.0,14.77,99.89,0,88.56,2.34,4.59,0,0,77.47,1271.198
2022-03-04,westeurope,Compute,2196.0,2876.0,,99.98,0,114.37,1.48,2.97,0,0,74.73,488.8626
2022-03-04,westeurope,Storage,,902.0,15.21,99.95,0,94.48,4.14,2.87,0,0,70.44,534.02435
2022-03-04,southeastasia,Compute,914.0,1146.0,75.76,99.89,0,91.75,2.18,3.65,0,0,87.32,1731.8422
2022-03-04,southeastasia,Storage,697.0,814.0,16.0,99.91,0,124.63,2.12,4.06,0,0,91.53,709.64874
2022-03-04,centralus,Compute,838.0,,69.47,99.93,0,111.38,3.36,1.78,0,0,84.71,1040.1628
2022-03-04,centralus,Storage,1164.0,1425.0,26.07,99.88,0,124.95,3.85,2.78,0,0,74.11,509.44208
2022-03-04,uksouth,Compute,406.0,502.0,35.58,99.89,0,113.56,3.66,2.58,0,0,90.9,1140.4819
2022-03-04,uksouth,Storage,917.0,1110.0,19.62,99.9,0,109.91,2.65,1.7,0,1,57.7,391.727
2022-03-05,eastus,Compute,1893.0,2286.0,157.55,99.96,1,88.78,3.93,2.85,0,0,66.87,1158.5188
2022-03-05,eastus,Storage,732.0,989.0,16.04,99.88,1,131.67,2.34,1.39,0,0,50.19,640.5957
2022-03-05,westeurope,Compute,1281.0,1717.0,,99.94,1,127.67,3.63,5.35,0,0,99.99,1450.4033
2022-03-05,westeurope,Storage,1257.0,1620.0,27.11,99.86,1,85.07,2.68,5.1,0,0,64.34,1167.1945
2022-03-05,southeastasia,Compute,501.0,,41.67,99.96,1,130.29,4.42,1.78,0,0,55.64,1142.6884
2022-03-05,southeastasia,Storage,169.0,196.0,3.76,99.96,1,92.85,1.25,2.22,0,0,71.31,539.48865
2022-03-05,centralus,Compute,673.0,827.0,58.52,99.97,1,131.94,3.86,5.18,0,0,65.18,1434.5967
2022-03-05,centralus,Storage,250.0,330.0,5.37,99.89,1,134.91,1.82,1.31,0,0,81.39,320.9232
2022-03-05,uksouth,Compute,,1725.0,120.03,99.95,1,106.32,2.3,2.24,0,0,50.64,646.14935
2022-03-05,uksouth,Storage,179.0,228.0,3.76,99.92,1,131.79,3.17,4.95,0,0,88.51,2238.2483
2022-03-06,eastus,Compute,2211.0,2990.0,182.25,99.88,1,118.8,2.54,5.62,0,0,95.93,1127.9596
2022-03-06,eastus,Storage,,1217.0,20.63,99.94,1,99.44,3.13,3.75,0,0,75.72,1375.006
2022-03-06,westeurope,Compute,1500.0,1881.0,126.85,99.93,1,88.59,1.95,5.62,0,0,50.97,860.2181
2022-03-06,westeurope,Storage,1249.0,1666.0,28.83,99.94,1,103.51,1.95,5.3,0,0,60.03,388.23938
2022-03-06,southeastasia,Compute,1310.0,1565.0,112.22,99.98,1,110.15,1.47,3.91,0,0,71.73,1072.7324
2022-03-06,southeastasia,Storage,362.0,485.0,7.78,100.8,1,95.29,2.26,3.06,0,0,60.34,1676.0944
2022-03-06,centralus,Compute,1416.0,1808.0,119.89,99.98,1,131.5,2.47,3.2,0,0,50.18,759.11
2022-03-06,centralus,Storage,323.0,410.0,7.23,99.97,1,116.44,3.72,4.71,0,0,90.06,1292.3148
2022-03-06,uksouth,Compute,871.0,1092.0,77.57,99.88,1,95.77,2.16,1.45,0,0,80.77,1150.0889
2022-03-06,uksouth,Storage,208.0,284.0,4.43,99.97,1,128.89,3.01,4.11,0,0,86.1,573.06354
2022-03-07,eastus,Compute,1152.0,,97.21,99.87,0,132.38,2.77,2.24,0,0,65.5,1067.1437
2022-03-07,eastus,Storage,1168.0,1500.0,24.42,99.86,0,99.52,4.11,1.31,0,0,89.53,1188.7893
2022-03-07,westeurope,Compute,1530.0,1930.0,,100.8,0,102.99,2.98,4.23,0,0,76.57,555.32745
2022-03-07,westeurope,Storage,657.0,908.0,14.99,99.91,0,119.57,4.18,5.18,0,0,53.78,846.44434
2022-03-07,southeastasia,Compute,408.0,511.0,34.84,99.91,0,122.43,3.93,4.74,1,0,76.83,418.22714
2022-03-07,southeastasia,Storage,1112.0,,24.4,99.97,0,87.01,3.86,2.53,0,0,67.44,1136.3339
2022-03-07,centralus,Compute,1999.0,2762.0,171.27,99.94,0,130.58,2.34,3.92,1,0,91.56,2241.3691
2022-03-07,centralus,Storage,1006.0,,21.79,99.97,0,90.06,3.43,1.87,1,0,80.33,1255.1858
2022-03-07,uksouth,Compute,1682.0,2298.0,139.27,99.86,0,102.82,3.67,3.53,0,0,89.63,386.99704
2022-03-07,uksouth,Storage,1036.0,1211.0,23.32,99.94,0,85.15,1.23,4.95,0,0,72.71,900.76917
2022-03-08,eastus,Compute,1139.0,1353.0,100.33,99.89,0,114.54,2.87,0.6,0,0,84.41,1076.2434
2022-03-08,eastus,Storage,1628.0,1927.0,35.63,99.97,0,100.13,2.74,2.0,0,0,72.76,1319.0806
2022-03-08,westeurope,Compute,834.0,1055.0,,99.89,0,106.83,3.29,2.98,0,0,62.11,1226.5892
2022-03-08,westeurope,Storage,,414.0,7.3,99.94,0,88.72,2.86,1.5,0,0,77.84,1080.7498
2022-03-08,southeastasia,Compute,1604.0,2151.0,135.42,99.92,0,117.41,1.26,4.1,0,0,54.29,1242.897
2022-03-08,southeastasia,Storage,825.0,1090.0,17.47,99.9,0,114.62,3.96,0.74,0,0,50.46,1190.9125
2022-03-08,centralus,Compute,1892.0,2646.0,155.85,99.89,0,109.3,3.39,3.4,0,0,60.6,466.9486
2022-03-08,centralus,Storage,297.0,355.0,6.55,99.98,0,125.22,1.42,4.31,0,0,56.12,1014.0784
2022-03-08,uksouth,Compute,2197.0,2791.0,178.72,99.89,0,101.23,4.32,2.05,0,0,58.11,866.22284
2022-03-08,uksouth,Storage,1092.0,1492.0,24.33,99.94,0,91.31,4.32,1.23,0,0,96.68,839.1162
2022-03-09,eastus,Compute,2414.0,3313.0,205.31,99.86,0,100.31,3.36,1.82,0,0,79.22,612.0209
2022-03-09,eastus,Storage,1313.0,1661.0,28.35,99.93,0,121.49,2.56,3.96,0,0,52.6,1325.3834
2022-03-09,westeurope,Compute,1738.0,2391.0,152.43,99.9,0,125.39,2.38,1.06,0,0,72.8,457.58563
2022-03-09,westeurope,Storage,757.0,914.0,,99.96,0,123.56,1.95,5.57,0,0,75.1,758.3595
2022-03-09,southeastasia,Compute,1229.0,1448.0,107.15,99.96,0,125.49,4.13,1.95,0,0,63.25,880.342
2022-03-09,southeastasia,Storage,549.0,649.0,12.1,99.87,0,131.7,1.81,1.89,0,0,89.73,1453.902
2022-03-09,centralus,Compute,,3376.0,200.79,99.97,0,124.08,1.54,1.09,0,1,77.43,1380.6508
2022-03-09,centralus,Storage,1017.0,1203.0,21.93,99.98,0,133.6,4.04,1.11,0,0,50.47,1603.7273
2022-03-09,uksouth,Compute,528.0,724.0,44.29,99.87,0,119.79,1.74,4.65,0,0,51.12,919.31824
2022-03-09,uksouth,Storage,631.0,770.0,13.25,99.94,0,128.14,1.74,4.97,0,0,63.26,1127.8115
2022-03-10,eastus,Compute,1127.0,1451.0,91.49,99.86,0,121.02,2.67,1.91,0,0,50.02,1336.459
2022-03-10,eastus,Storage,1165.0,1362.0,24.47,99.91,0,107.28,4.16,1.19,0,0,51.49,1232.2037
2022-03-10,westeurope,Compute,1519.0,1861.0,123.88,99.96,0,115.3,3.08,0.79,0,0,60.39,759.344
2022-03-10,westeurope,Storage,460.0,,10.58,99.93,0,102.05,4.37,3.51,0,0,79.38,1368.3612
2022-03-10,southeastasia,Compute,391.0,483.0,,100.8,0,116.52,2.17,2.55,0,0,62.83,1174.26
2022-03-10,southeastasia,Storage,792.0,1067.0,16.61,99.99,0,111.33,2.2,2.49,0,0,51.96,767.70416
2022-03-10,centralus,Compute,1425.0,1976.0,118.05,99.92,0,109.12,3.52,0.87,0,0,86.91,499.0854
2022-03-10,centralus,Storage,506.0,654.0,11.19,99.88,0,87.81,1.47,5.96,0,0,59.75,289.769
2022-03-10,uksouth,Compute,965.0,1337.0,81.17,99.95,0,109.47,2.89,1.97,0,0,85.33,2245.3608
2022-03-10,uksouth,Storage,330.0,432.0,6.91,99.87,0,134.25,1.45,4.23,0,0,85.3,1093.585
2022-03-11,eastus,Compute,588.0,742.0,,99.97,0,109.01,2.43,3.21,0,0,95.05,1075.4758
2022-03-11,eastus,Storage,245.0,300.0,5.35,99.89,0,98.15,1.74,2.5,0,0,84.19,533.69916
2022-03-11,westeurope,Compute,1297.0,1811.0,110.92,99.95,0,101.27,1.51,5.87,0,0,82.49,625.1656
2022-03-11,westeurope,Storage,1255.0,1611.0,27.0,99.86,0,93.12,4.15,4.27,0,0,84.53,409.78638
2022-03-11,southeastasia,Compute,362.0,461.0,31.03,99.92,0,109.78,2.3,0.89,0,0,67.79,309.92084
2022-03-11,southeastasia,Storage,456.0,579.0,10.08,99.89,0,94.09,1.48,4.43,0,0,69.52,1053.614
2022-03-11,centralus,Compute,1889.0,2421.0,164.33,99.86,0,129.39,3.52,1.69,0,0,90.88,1615.8552
2022-03-11,centralus,Storage,910.0,1094.0,19.47,99.89,0,91.37,3.31,0.91,0,0,66.98,1414.1854
2022-03-11,uksouth,Compute,857.0,1148.0,,99.97,0,94.76,4.15,3.02,0,0,54.7,1230.1288
2022-03-11,uksouth,Storage,1135.0,1420.0,24.28,99.89,0,108.97,2.41,5.53,0,0,69.18,419.04987
2022-03-12,eastus,Compute,2374.0,3094.0,198.44,99.96,1,86.92,4.07,3.32,0,0,83.37,1566.2034
2022-03-12,eastus,Storage,308.0,354.0,6.5,99.86,1,121.27,1.47,4.44,0,0,90.66,635.7947
2022-03-12,westeurope,Compute,1839.0,2486.0,150.21,99.91,1,101.84,3.08,5.24,0,0,92.52,495.43863
2022-03-12,westeurope,Storage,1002.0,1288.0,22.78,99.87,1,91.49,3.04,5.71,0,0,80.33,2238.199
2022-03-12,southeastasia,Compute,562.0,,47.74,99.98,1,123.48,2.81,2.36,0,0,89.2,1810.5907
2022-03-12,southeastasia,Storage,252.0,331.0,5.8,99.98,1,124.47,3.59,2.01,0,0,63.61,2240.2322
2022-03-12,centralus,Compute,1570.0,1893.0,133.45,99.97,1,120.06,3.8,2.43,0,0,59.59,793.9441
2022-03-12,centralus,Storage,475.0,595.0,10.71,99.98,1,107.95,1.99,5.68,0,0,78.63,378.48138
2022-03-12,uksouth,Compute,785.0,993.0,67.6,99.91,1,94.43,2.88,3.41,0,0,83.19,1513.542
2022-03-12,uksouth,Storage,777.0,990.0,17.77,99.98,1,87.76,3.91,0.71,0,0,57.41,990.0412
2022-03-13,eastus,Compute,1841.0,2306.0,152.16,99.98,1,109.41,3.28,4.54,0,0,83.8,1522.9642
2022-03-13,eastus,Storage,1303.0,1718.0,28.43,99.95,1,111.09,1.44,1.56,0,0,94.74,1023.8716
2022-03-13,westeurope,Compute,1464.0,1980.0,122.88,99.88,1,121.74,2.21,1.47,0,0,95.72,802.98224
2022-03-13,westeurope,Storage,484.0,632.0,10.47,99.88,1,100.66,1.79,5.46,0,0,72.42,459.7204
2022-03-13,southeastasia,Compute,846.0,1178.0,71.46,99.97,1,113.29,1.72,4.3,0,0,94.48,1278.956
2022-03-13,southeastasia,Storage,610.0,718.0,13.52,99.86,1,111.37,4.13,5.11,0,0,55.23,292.68222
2022-03-13,centralus,Compute,4401.0,6044.0,391.83,99.86,1,102.79,1.9,4.66,0,0,74.18,1790.1045
2022-03-13,centralus,Storage,475.0,548.0,10.86,99.93,1,125.6,3.87,1.54,0,0,57.82,951.4912
2022-03-13,uksouth,Compute,1761.0,2395.0,146.68,99.89,1,118.56,1.3,4.5,0,0,88.24,1212.276
2022-03-13,uksouth,Storage,464.0,636.0,10.24,99.92,1,113.89,3.67,5.81,0,0,96.88,1279.9869
2022-03-14,eastus,Compute,2889.0,3723.0,251.45,99.92,0,98.61,1.76,3.91,0,0,86.92,1141.9695
2022-03-14,eastus,Storage,481.0,623.0,10.19,99.91,0,127.24,4.16,1.96,0,0,51.68,1395.6332
2022-03-14,westeurope,Compute,1621.0,2186.0,135.58,99.85,0,108.98,1.25,1.01,0,0,63.97,1152.8414
2022-03-14,westeurope,Storage,1486.0,2063.0,31.79,99.98,0,106.29,4.45,3.55,0,1,87.41,1681.7886
2022-03-14,southeastasia,Compute,1449.0,1686.0,122.2,99.95,0,108.13,3.86,1.49,0,0,67.08,2238.9504
2022-03-14,southeastasia,Storage,850.0,1171.0,18.16,99.94,0,88.93,3.19,1.4,0,0,73.17,1386.2795
2022-03-14,centralus,Compute,2437.0,3254.0,203.06,99.94,0,92.91,3.47,1.21,0,0,87.42,1052.7651
2022-03-14,centralus,Storage,851.0,1106.0,18.83,99.85,0,89.05,3.1,5.65,0,0,76.39,463.76483
2022-03-14,uksouth,Compute,997.0,1325.0,84.78,99.95,0,97.45,2.27,2.34,1,0,90.17,1336.8396
2022-03-14,uksouth,Storage,1030.0,1424.0,,99.89,0,116.92,2.15,2.11,0,0,75.01,580.7599
2022-03-15,eastus,Compute,1352.0,1740.0,111.69,99.91,0,117.61,3.6,0.5,0,0,61.68,1091.5486
2022-03-15,eastus,Storage,1486.0,2006.0,32.54,99.94,0,100.92,2.46,5.95,0,0,92.22,1253.2113
2022-03-15,westeurope,Compute,1831.0,2131.0,149.46,99.91,0,96.5,2.9,1.89,0,0,78.34,570.5298
2022-03-15,westeurope,Storage,1018.0,,22.91,99.91,0,127.84,4.32,2.35,0,0,60.02,2217.723
2022-03-15,southeastasia,Compute,1616.0,,137.75,99.94,0,95.37,4.19,5.11,0,0,61.83,890.42993
2022-03-15,southeastasia,Storage,758.0,959.0,17.21,99.94,0,126.61,2.83,1.15,1,0,84.9,586.8487
2022-03-15,centralus,Compute,783.0,1000.0,64.13,99.93,0,105.39,3.38,5.35,0,0,50.73,835.42664
2022-03-15,centralus,Storage,1161.0,1426.0,26.75,99.88,0,102.29,2.38,0.55,0,0,97.01,459.10147
2022-03-15,uksouth,Compute,1657.0,2266.0,134.02,99.91,0,96.21,2.48,2.79,0,0,75.63,685.64105
2022-03-15,uksouth,Storage,790.0,1070.0,16.88,99.91,0,100.83,2.52,1.33,0,0,72.08,1614.6249
2022-03-16,eastus,Compute,1301.0,1787.0,115.92,99.91,0,105.77,2.55,2.29,0,0,73.93,887.52673
2022-03-16,eastus,Storage,1387.0,1640.0,31.42,99.91,0,109.61,4.11,2.77,0,0,50.12,525.8797
2022-03-16,westeurope,Compute,2128.0,,,99.94,0,90.4,2.64,5.85,1,0,65.71,1124.9637
2022-03-16,westeurope,Storage,,442.0,7.32,99.87,0,126.09,3.74,3.78,0,0,56.09,594.43585
2022-03-16,southeastasia,Compute,479.0,670.0,,99.86,0,113.16,3.34,1.65,0,0,98.44,2065.2488
2022-03-16,southeastasia,Storage,361.0,499.0,7.77,99.98,0,88.16,3.19,0.81,0,0,83.47,1024.229
2022-03-16,centralus,Compute,1564.0,1813.0,137.98,99.89,0,91.45,2.75,3.79,1,0,51.64,1389.9751
2022-03-16,centralus,Storage,768.0,928.0,16.19,99.89,0,85.95,1.32,5.53,0,0,50.92,1899.4722
2022-03-16,uksouth,Compute,1110.0,1332.0,91.62,99.95,0,95.99,2.65,4.8,0,0,89.61,1165.6305
2022-03-16,uksouth,Storage,1182.0,1562.0,27.08,100.8,0,112.99,4.37,3.95,0,0,85.27,771.6059
2022-03-17,eastus,Compute,1566.0,2069.0,127.73,99.98,0,113.42,2.4,4.66,0,0,51.99,602.93
2022-03-17,eastus,Storage,1062.0,1445.0,23.13,99.92,0,105.08,2.19,4.92,0,0,60.31,472.6539
2022-03-17,westeurope,Compute,1635.0,2207.0,137.73,99.88,0,105.3,3.93,1.75,0,0,67.67,1288.5995
2022-03-17,westeurope,Storage,922.0,1243.0,21.04,99.97,0,123.86,2.09,4.97,0,0,72.85,1913.2413
2022-03-17,southeastasia,Compute,2386.0,,207.76,100.8,0,98.57,2.76,4.41,0,0,85.29,1658.1503
2022-03-17,southeastasia,Storage,1102.0,1488.0,24.0,99.9,0,96.72,2.79,3.54,0,0,97.43,2105.0388
2022-03-17,centralus,Compute,1460.0,1734.0,118.02,99.88,0,126.01,1.89,1.82,0,0,53.46,1073.7981
2022-03-17,centralus,Storage,643.0,779.0,14.3,99.93,0,103.49,2.8,2.23,0,0,55.28,685.6812
2022-03-17,uksouth,Compute,2233.0,,188.21,99.97,0,96.49,1.99,2.55,0,0,56.72,612.32086
2022-03-17,uksouth,Storage,616.0,721.0,13.13,99.91,0,114.24,3.89,5.94,0,0,90.06,1999.2394
2022-03-18,eastus,Compute,1225.0,1539.0,100.97,99.94,0,119.24,1.61,4.83,1,0,66.55,1657.1866
2022-03-18,eastus,Storage,349.0,422.0,7.43,99.92,0,99.5,3.28,1.15,0,0,50.01,1129.3705
2022-03-18,westeurope,Compute,1092.0,1484.0,88.48,99.92,0,113.36,3.05,3.11,0,0,65.53,825.4015
2022-03-18,westeurope,Storage,,774.0,12.98,99.87,0,120.18,3.33,2.56,0,0,65.19,1674.622
2022-03-18,southeastasia,Compute,1983.0,,164.2,99.94,0,94.84,4.16,1.08,0,0,93.5,1125.6888
2022-03-18,southeastasia,Storage,822.0,1106.0,18.92,99.87,0,106.03,2.79,2.57,0,0,84.28,2190.9424
2022-03-18,centralus,Compute,891.0,1206.0,78.03,99.92,0,99.92,3.31,2.08,0,0,52.02,1010.51404
2022-03-18,centralus,Storage,1295.0,1584.0,27.07,99.88,0,102.02,4.47,3.38,0,0,66.52,2113.8477
2022-03-18,uksouth,Compute,2048.0,2711.0,,99.88,0,102.54,3.7,3.7,0,0,84.18,2204.4644
2022-03-18,uksouth,Storage,870.0,1024.0,,99.96,0,106.76,4.32,3.07,0,0,99.05,580.4443
2022-03-19,eastus,Compute,,,487.37,99.86,1,119.43,4.43,4.5,0,0,58.16,1315.4491
2022-03-19,eastus,Storage,709.0,,15.68,99.9,1,91.29,3.14,3.39,0,0,89.85,2239.208
2022-03-19,westeurope,Compute,1152.0,1452.0,95.5,99.98,1,90.09,1.36,0.53,0,0,86.52,506.89532
2022-03-19,westeurope,Storage,595.0,,12.72,99.93,1,130.66,3.83,5.57,0,1,81.14,829.53217
2022-03-19,southeastasia,Compute,1203.0,1459.0,107.17,99.94,1,124.68,1.48,1.51,0,0,90.84,1112.4707
2022-03-19,southeastasia,Storage,569.0,740.0,12.49,99.96,1,88.14,3.89,3.22,0,0,82.46,2178.3223
2022-03-19,centralus,Compute,735.0,922.0,61.84,99.85,1,101.78,4.42,5.3,0,0,92.36,2240.8264
2022-03-19,centralus,Storage,1010.0,1331.0,23.1,100.8,1,106.85,3.79,1.01,0,0,91.51,967.1775
2022-03-19,uksouth,Compute,1040.0,1250.0,84.16,99.92,1,110.69,1.99,1.19,0,0,99.66,1436.1075
2022-03-19,uksouth,Storage,923.0,1178.0,20.26,99.89,1,86.46,3.2,2.68,0,0,87.34,1093.6409
2022-03-20,eastus,Compute,1207.0,1427.0,104.61,99.88,1,107.06,1.41,5.04,0,0,93.21,2233.3254
2022-03-20,eastus,Storage,701.0,,15.31,99.87,1,113.31,2.51,2.07,0,0,80.4,2240.1096
2022-03-20,westeurope,Compute,659.0,849.0,54.22,99.92,1,133.4,3.68,4.96,1,0,82.33,1112.3414
2022-03-20,westeurope,Storage,697.0,946.0,15.32,99.96,1,126.67,2.35,5.41,0,0,99.99,1240.9628
2022-03-20,southeastasia,Compute,1288.0,1556.0,108.97,99.92,1,123.18,2.68,4.84,0,0,57.82,1012.66034
2022-03-20,southeastasia,Storage,437.0,568.0,9.65,99.92,1,99.69,2.12,3.25,0,0,66.2,1503.7758
2022-03-20,centralus,Compute,2097.0,2858.0,173.93,99.92,1,133.78,2.3,3.77,0,0,54.48,618.61127
2022-03-20,centralus,Storage,196.0,234.0,4.12,99.93,1,102.89,2.11,4.94,0,0,92.5,1386.429
2022-03-20,uksouth,Compute,722.0,912.0,59.59,99.85,1,97.08,2.88,2.59,0,0,67.51,1826.3202
2022-03-20,uksouth,Storage,930.0,1291.0,21.25,99.89,1,93.3,3.66,2.58,0,0,95.39,1102.955
2022-03-21,eastus,Compute,2887.0,3543.0,,99.99,0,100.43,1.63,1.59,0,0,93.12,1688.7712
2022-03-21,eastus,Storage,1119.0,,23.44,99.94,0,105.7,2.09,1.64,0,0,58.98,2068.6416
2022-03-21,westeurope,Compute,1957.0,2732.0,163.18,99.88,0,98.92,4.16,4.0,0,0,95.59,1484.7849
2022-03-21,westeurope,Storage,1014.0,1262.0,23.33,99.9,0,133.11,4.17,1.99,0,0,62.63,1163.6462
2022-03-21,southeastasia,Compute,596.0,776.0,53.01,99.86,0,86.13,1.38,0.79,0,0,83.86,2232.8647
2022-03-21,southeastasia,Storage,,630.0,11.04,99.85,0,97.4,4.26,5.63,0,0,54.57,693.6619
2022-03-21,centralus,Compute,1083.0,1294.0,94.91,99.87,0,108.43,4.3,1.52,0,0,77.78,559.8069
2022-03-21,centralus,Storage,1484.0,1864.0,32.03,99.89,0,133.61,1.71,4.53,1,0,95.8,2182.8738
2022-03-21,uksouth,Compute,1810.0,2481.0,153.11,99.97,0,87.42,1.69,2.78,0,0,67.82,753.12787
2022-03-21,uksouth,Storage,762.0,957.0,16.19,99.91,0,111.87,1.27,2.94,0,0,81.76,400.7873
2022-03-22,eastus,Compute,3100.0,3880.0,265.53,99.87,0,93.83,2.14,5.76,0,0,90.85,1081.2957
2022-03-22,eastus,Storage,1031.0,1355.0,22.45,99.92,0,125.15,2.43,2.63,0,0,54.55,1108.6305
2022-03-22,westeurope,Compute,1021.0,,91.06,99.93,0,102.83,2.15,1.91,0,0,98.27,2238.3127
2022-03-22,westeurope,Storage,1077.0,1369.0,23.79,99.98,0,130.0,2.68,2.01,0,0,64.34,899.44147
2022-03-22,southeastasia,Compute,,1279.0,75.89,99.9,0,117.97,2.17,1.69,0,0,55.3,2230.3489
2022-03-22,southeastasia,Storage,706.0,894.0,16.11,99.96,0,110.65,3.41,5.16,1,0,95.36,1551.4852
2022-03-22,centralus,Compute,1529.0,1960.0,127.99,99.92,0,117.77,2.58,4.43,0,0,72.58,2014.3468
2022-03-22,centralus,Storage,644.0,753.0,14.15,99.87,0,103.48,2.29,2.83,0,0,69.72,850.69147
2022-03-22,uksouth,Compute,981.0,1152.0,79.34,99.87,0,134.8,1.79,3.26,0,0,80.22,1706.3242
2022-03-22,uksouth,Storage,297.0,362.0,6.66,99.94,0,96.07,1.31,2.75,0,0,90.02,2009.6957
2022-03-23,eastus,Compute,2790.0,3827.0,233.79,99.9,0,105.91,3.0,3.54,0,0,96.36,1234.7645
2022-03-23,eastus,Storage,243.0,292.0,5.18,99.91,0,96.39,3.13,2.54,0,0,60.18,1570.9469
2022-03-23,westeurope,Compute,2148.0,2993.0,173.6,99.98,0,131.56,4.37,0.57,0,0,51.27,515.02405
2022-03-23,westeurope,Storage,924.0,1094.0,,99.88,0,88.0,2.27,1.29,0,0,57.19,1272.3848
2022-03-23,southeastasia,Compute,358.0,500.0,31.59,99.91,0,119.33,2.57,4.07,0,0,76.19,1210.4382
2022-03-23,southeastasia,Storage,934.0,1135.0,19.55,99.92,0,115.29,4.38,3.74,0,0,96.4,1684.5039
2022-03-23,centralus,Compute,1819.0,2386.0,158.45,99.98,0,128.18,3.42,1.68,0,0,85.86,889.4715
2022-03-23,centralus,Storage,974.0,1336.0,22.17,99.92,0,119.58,4.12,3.23,0,0,61.0,647.27234
2022-03-23,uksouth,Compute,,973.0,61.54,99.88,0,102.8,2.14,1.47,0,0,72.71,2223.4548
2022-03-23,uksouth,Storage,1236.0,1569.0,27.05,99.87,0,106.31,2.15,1.38,0,0,86.7,1093.5693
2022-03-24,eastus,Compute,1233.0,1464.0,100.65,99.87,0,90.05,3.21,1.58,0,0,97.89,1087.7689
2022-03-24,eastus,Storage,986.0,1228.0,22.21,99.91,0,121.83,1.57,4.93,0,0,79.52,1591.7915
2022-03-24,westeurope,Compute,1056.0,1247.0,88.85,99.87,0,97.74,2.07,3.56,0,0,56.32,1998.9995
2022-03-24,westeurope,Storage,615.0,826.0,13.31,99.87,0,127.89,2.22,4.12,0,0,74.79,1215.8794
2022-03-24,southeastasia,Compute,807.0,950.0,67.51,99.99,0,110.46,3.27,2.46,0,0,75.02,2025.8651
2022-03-24,southeastasia,Storage,403.0,511.0,9.1,99.89,0,109.04,4.47,4.28,0,0,88.39,1174.4606
2022-03-24,centralus,Compute,1865.0,2239.0,,99.97,0,102.31,3.36,4.4,0,0,78.85,759.82214
2022-03-24,centralus,Storage,786.0,1098.0,16.65,99.86,0,128.93,2.2,4.08,0,0,63.11,1195.5818
2022-03-24,uksouth,Compute,1493.0,1961.0,120.66,99.96,0,118.33,2.22,2.11,0,0,67.62,2234.7556
2022-03-24,uksouth,Storage,1002.0,1212.0,22.87,100.8,0,121.62,4.28,4.11,0,0,96.01,2098.0903
2022-03-25,eastus,Compute,2705.0,,239.59,99.91,0,134.73,2.59,3.84,0,0,61.94,1272.6052
2022-03-25,eastus,Storage,1532.0,,,99.95,0,105.9,3.07,4.07,0,0,56.7,1257.5405
2022-03-25,westeurope,Compute,1479.0,,126.47,99.87,0,124.67,4.22,1.43,0,0,96.92,841.15717
2022-03-25,westeurope,Storage,369.0,499.0,8.27,100.8,0,119.91,2.23,1.05,0,0,99.02,837.2239
2022-03-25,southeastasia,Compute,948.0,1232.0,80.6,99.86,0,132.11,2.94,2.29,0,0,51.03,1435.0835
2022-03-25,southeastasia,Storage,,855.0,14.61,99.94,0,112.69,4.46,4.53,0,0,60.78,1446.7526
2022-03-25,centralus,Compute,554.0,657.0,49.33,99.93,0,121.75,1.56,5.24,0,0,75.11,1331.1593
2022-03-25,centralus,Storage,1252.0,1491.0,26.51,99.99,0,104.69,1.95,1.44,0,0,82.18,1098.742
2022-03-25,uksouth,Compute,423.0,559.0,35.47,99.96,0,133.22,1.58,2.23,0,0,60.76,1178.5413
2022-03-25,uksouth,Storage,352.0,426.0,7.8,99.89,0,126.2,1.22,3.61,0,0,82.25,1001.7594
2022-03-26,eastus,Compute,1303.0,1609.0,113.91,99.88,1,116.92,3.36,5.75,0,0,76.58,606.5406
2022-03-26,eastus,Storage,890.0,1038.0,18.83,99.93,1,98.75,1.46,2.86,0,0,86.02,1185.4307
2022-03-26,westeurope,Compute,2186.0,,188.57,99.94,1,112.67,1.24,4.33,0,0,90.9,2222.3503
2022-03-26,westeurope,Storage,538.0,705.0,12.05,99.93,1,116.25,1.52,5.73,0,0,78.14,727.44806
2022-03-26,southeastasia,Compute,725.0,912.0,62.43,99.9,1,100.06,3.11,3.24,0,0,68.35,1359.696
2022-03-26,southeastasia,Storage,686.0,945.0,14.47,99.96,1,115.84,3.18,2.11,0,0,55.64,1038.8907
2022-03-26,centralus,Compute,1625.0,2079.0,136.49,99.93,1,90.73,4.49,2.84,0,0,68.19,1194.33
2022-03-26,centralus,Storage,3246.0,4316.0,68.61,99.97,1,121.79,1.9,1.3,0,0,62.84,728.5878
2022-03-26,uksouth,Compute,500.0,636.0,42.57,99.91,1,134.58,4.26,2.19,0,0,99.86,2017.2161
2022-03-26,uksouth,Storage,,1165.0,18.28,99.88,1,95.06,4.24,5.19,0,0,75.22,516.5455
2022-03-27,eastus,Compute,1085.0,1322.0,,99.9,1,127.88,2.08,3.33,0,0,91.8,2221.1904
2022-03-27,eastus,Storage,606.0,812.0,13.63,99.88,1,101.9,2.75,2.32,0,0,56.91,1586.1729
2022-03-27,westeurope,Compute,1621.0,2189.0,131.47,99.9,1,86.74,1.54,3.81,0,0,72.55,1346.8865
2022-03-27,westeurope,Storage,262.0,362.0,5.69,99.93,1,124.6,2.27,4.44,0,0,57.24,1399.3577
2022-03-27,southeastasia,Compute,1576.0,2095.0,139.9,99.92,1,112.0,2.72,2.29,0,0,99.3,1417.816
2022-03-27,southeastasia,Storage,762.0,924.0,16.59,99.91,1,129.01,4.37,5.41,0,0,84.46,1192.6323
2022-03-27,centralus,Compute,,1593.0,101.53,99.89,1,123.83,3.02,4.14,0,0,80.87,464.4081
2022-03-27,centralus,Storage,244.0,316.0,5.12,99.87,1,116.65,2.59,3.29,0,0,89.23,509.43396
2022-03-27,uksouth,Compute,,1555.0,111.65,99.87,1,91.31,4.28,3.83,0,0,95.45,1812.3704
2022-03-27,uksouth,Storage,,721.0,12.51,99.92,1,98.85,2.97,2.42,0,0,71.92,1069.2644
2022-03-28,eastus,Compute,4376.0,5712.0,375.73,99.93,0,114.52,4.28,0.55,0,0,58.37,1907.0885
2022-03-28,eastus,Storage,1324.0,1754.0,29.77,99.95,0,85.0,4.35,4.98,0,1,96.69,1135.7924
2022-03-28,westeurope,Compute,2410.0,2895.0,211.58,99.93,0,92.65,2.87,2.77,0,0,93.76,661.54846
2022-03-28,westeurope,Storage,,1519.0,28.6,99.95,0,124.6,3.12,5.5,0,0,70.12,1512.1094
2022-03-28,southeastasia,Compute,660.0,811.0,55.83,99.88,0,124.49,3.29,3.43,0,0,91.14,1792.0131
2022-03-28,southeastasia,Storage,909.0,1163.0,19.89,99.89,0,91.02,1.53,4.67,0,0,89.88,1650.7571
2022-03-28,centralus,Compute,4804.0,5931.0,393.09,99.91,0,85.74,3.98,3.32,0,0,72.4,696.1591
2022-03-28,centralus,Storage,1080.0,1295.0,23.3,99.86,0,116.68,2.02,2.17,0,0,62.11,1653.3667
2022-03-28,uksouth,Compute,823.0,1039.0,70.0,99.95,0,116.66,3.88,0.75,0,0,57.3,560.2938
2022-03-28,uksouth,Storage,843.0,1112.0,19.03,99.88,0,88.83,3.87,5.87,0,0,99.83,866.95197
2022-03-29,eastus,Compute,2717.0,3685.0,238.24,99.98,0,127.05,3.32,3.85,0,0,89.76,2204.4607
2022-03-29,eastus,Storage,887.0,1139.0,,99.98,0,130.11,4.09,4.91,0,0,63.26,799.04156
2022-03-29,westeurope,Compute,,2745.0,180.72,99.88,0,123.28,2.83,5.34,0,0,67.38,1034.8386
2022-03-29,westeurope,Storage,1135.0,1409.0,,99.86,0,125.25,2.42,4.07,0,0,94.23,2192.9082
2022-03-29,southeastasia,Compute,1494.0,1786.0,132.61,99.96,0,95.4,2.31,4.95,0,0,72.06,2103.3945
2022-03-29,southeastasia,Storage,,606.0,10.97,99.87,0,114.51,3.49,2.39,0,0,73.61,1541.3768
2022-03-29,centralus,Compute,,1537.0,104.29,99.9,0,104.81,2.54,3.58,0,0,64.78,1809.4661
2022-03-29,centralus,Storage,981.0,1333.0,20.85,99.97,0,119.34,2.92,5.07,0,0,64.24,1188.4703
2022-03-29,uksouth,Compute,2237.0,3025.0,185.3,99.94,0,107.16,3.29,5.25,0,0,74.65,1846.6171
2022-03-29,uksouth,Storage,240.0,331.0,5.05,99.85,0,93.91,4.46,4.43,0,0,93.96,1784.5852
2022-03-30,eastus,Compute,2695.0,3410.0,230.2,99.98,0,134.93,1.98,4.5,0,1,50.46,475.18903
2022-03-30,eastus,Storage,1080.0,1248.0,24.2,99.89,0,112.99,2.19,1.42,0,0,76.74,511.80646
2022-03-30,westeurope,Compute,2448.0,2868.0,212.28,99.86,0,87.97,2.21,5.43,0,0,57.08,374.69617
2022-03-30,westeurope,Storage,1192.0,1646.0,26.35,99.93,0,105.08,4.33,4.77,0,0,71.62,1057.4868
2022-03-30,southeastasia,Compute,774.0,926.0,67.11,99.89,0,99.87,2.18,4.49,0,1,85.76,730.07196
2022-03-30,southeastasia,Storage,174.0,210.0,3.78,99.92,0,87.23,4.4,4.44,0,0,72.43,586.92377
2022-03-30,centralus,Compute,2050.0,2581.0,171.72,99.86,0,118.66,3.92,2.18,0,0,83.09,1975.506
2022-03-30,centralus,Storage,958.0,1218.0,21.74,99.98,0,131.29,4.2,3.32,0,0,84.49,308.70377
2022-03-30,uksouth,Compute,2211.0,2717.0,189.7,99.94,0,104.82,1.46,2.55,0,0,58.01,1109.0259
2022-03-30,uksouth,Storage,597.0,820.0,13.3,99.85,0,94.32,1.53,2.5,0,0,67.42,2140.655
2022-03-31,eastus,Compute,,640.0,42.43,99.88,0,88.71,2.73,3.89,0,0,99.02,1646.9078
2022-03-31,eastus,Storage,581.0,735.0,12.26,99.94,0,99.41,1.73,3.49,0,0,84.91,469.6994
2022-03-31,westeurope,Compute,762.0,922.0,65.69,99.89,0,95.87,2.04,3.2,0,0,64.23,892.8661
2022-03-31,westeurope,Storage,1318.0,,27.82,99.99,0,132.45,1.46,5.63,0,0,70.92,1046.0343
2022-03-31,southeastasia,Compute,753.0,992.0,,99.86,0,88.46,1.89,2.1,0,0,52.2,1049.835
2022-03-31,southeastasia,Storage,605.0,,13.27,99.98,0,90.78,4.32,4.53,0,0,91.34,1038.5099
2022-03-31,centralus,Compute,996.0,1271.0,87.08,99.97,0,126.93,3.12,1.87,0,0,50.53,929.7711
2022-03-31,centralus,Storage,768.0,978.0,,99.91,0,90.12,1.4,0.78,0,0,85.9,1205.8884
2022-03-31,uksouth,Compute,1915.0,2277.0,170.15,99.91,0,101.86,1.25,1.34,0,0,75.54,2225.0134
2022-03-31,uksouth,Storage,271.0,365.0,5.97,99.87,0,121.95,2.51,1.95,0,0,67.16,508.11972
2022-04-01,eastus,Compute,1067.0,,90.88,99.96,0,96.39,2.82,2.47,0,0,62.19,1001.10016
2022-04-01,eastus,Storage,1309.0,1734.0,28.07,99.98,0,90.22,4.44,5.23,0,0,86.12,867.16394
2022-04-01,westeurope,Compute,1240.0,1512.0,105.09,99.98,0,104.35,3.06,4.92,0,0,99.73,629.22473
2022-04-01,westeurope,Storage,,1805.0,29.44,99.98,0,98.78,3.84,5.55,0,0,89.58,703.17773
2022-04-01,southeastasia,Compute,703.0,864.0,57.56,99.9,0,118.61,3.78,3.42,0,0,64.37,586.66815
2022-04-01,southeastasia,Storage,592.0,751.0,13.28,99.98,0,103.67,4.18,5.55,0,0,70.02,1299.5441
2022-04-01,centralus,Compute,1818.0,2108.0,151.52,99.95,0,87.38,1.92,4.38,0,0,84.9,1933.2535
2022-04-01,centralus,Storage,644.0,808.0,14.06,99.87,0,110.66,3.14,3.12,0,0,53.73,914.4171
2022-04-01,uksouth,Compute,1470.0,1894.0,124.33,99.89,0,99.9,2.46,5.1,0,0,69.67,1810.9843
2022-04-01,uksouth,Storage,553.0,664.0,12.65,99.92,0,90.73,2.52,1.64,0,0,83.59,1518.9448
2022-04-02,eastus,Compute,1774.0,2468.0,157.45,99.97,1,110.0,1.66,1.7,0,0,57.34,385.63144
2022-04-02,eastus,Storage,439.0,528.0,9.44,99.87,1,120.92,3.74,3.04,0,0,56.91,1039.52
2022-04-02,westeurope,Compute,840.0,1082.0,71.94,99.87,1,107.88,2.09,5.13,0,0,71.43,827.5751
2022-04-02,westeurope,Storage,919.0,1061.0,19.84,99.94,1,85.47,1.31,5.19,0,0,84.4,1392.8529
2022-04-02,southeastasia,Compute,447.0,585.0,39.63,99.97,1,117.37,2.33,4.79,0,0,62.38,942.428
2022-04-02,southeastasia,Storage,911.0,1092.0,20.19,99.98,1,92.34,4.4,5.71,0,0,81.7,1603.908
2022-04-02,centralus,Compute,492.0,598.0,41.72,99.97,1,98.57,1.81,4.25,0,0,62.84,824.47125
2022-04-02,centralus,Storage,892.0,1163.0,19.36,99.9,1,119.78,4.3,3.48,0,0,60.56,965.50336
2022-04-02,uksouth,Compute,2272.0,2756.0,193.46,99.85,1,98.23,2.9,3.65,0,0,70.74,846.38763
2022-04-02,uksouth,Storage,853.0,,19.65,99.92,1,100.27,2.62,2.18,0,0,50.79,1628.2653
2022-04-03,eastus,Compute,1855.0,2517.0,153.76,99.96,1,132.86,3.5,3.78,0,0,67.65,582.7495
2022-04-03,eastus,Storage,1017.0,1388.0,22.32,99.99,1,134.0,4.11,3.66,0,0,50.61,2244.8298
2022-04-03,westeurope,Compute,1769.0,2301.0,156.63,99.86,1,92.76,3.8,2.47,0,0,89.36,1019.28406
2022-04-03,westeurope,Storage,400.0,531.0,8.46,99.91,1,127.4,2.41,3.75,0,0,98.64,406.60086
2022-04-03,southeastasia,Compute,885.0,1208.0,75.08,99.86,1,113.03,2.3,1.35,0,0,96.66,813.52594
2022-04-03,southeastasia,Storage,365.0,486.0,8.15,99.9,1,86.73,2.15,4.73,0,0,78.99,874.64026
2022-04-03,centralus,Compute,1143.0,1456.0,96.36,99.96,1,121.72,3.1,5.02,0,0,60.86,840.3695
2022-04-03,centralus,Storage,955.0,1311.0,21.65,99.88,1,99.8,3.57,0.96,0,0,86.48,849.95856
2022-04-03,uksouth,Compute,1119.0,1447.0,92.45,99.97,1,122.14,2.57,3.1,0,0,67.18,1325.4281
2022-04-03,uksouth,Storage,942.0,1231.0,20.89,99.9,1,85.92,1.62,4.65,0,0,63.2,1128.3774
2022-04-04,eastus,Compute,643.0,744.0,54.29,99.89,0,128.5,3.2,3.88,0,0,72.25,1020.4095
2022-04-04,eastus,Storage,1220.0,,26.33,99.93,0,134.08,4.16,5.74,0,0,80.99,824.20703
2022-04-04,westeurope,Compute,553.0,739.0,49.07,99.86,0,85.61,3.38,2.09,0,0,63.49,258.88336
2022-04-04,westeurope,Storage,1379.0,1782.0,31.64,99.92,0,102.68,3.83,2.94,0,0,90.08,571.5249
2022-04-04,southeastasia,Compute,,845.0,55.81,99.92,0,112.5,2.82,3.61,0,0,87.48,678.3771
2022-04-04,southeastasia,Storage,1079.0,1394.0,24.53,99.98,0,122.5,3.98,3.09,0,0,80.8,944.50824
2022-04-04,centralus,Compute,1110.0,1443.0,92.58,99.98,0,128.52,3.04,2.29,0,0,90.79,932.488
2022-04-04,centralus,Storage,361.0,,7.93,99.98,0,126.75,1.69,4.39,0,0,84.35,521.96436
2022-04-04,uksouth,Compute,1414.0,1688.0,121.48,99.92,0,128.29,1.31,4.04,0,0,94.3,958.48016
2022-04-04,uksouth,Storage,341.0,433.0,7.15,99.94,0,105.84,3.05,2.86,0,0,87.46,1115.1544
2022-04-05,eastus,Compute,485.0,559.0,39.31,99.95,0,98.95,3.11,1.61,0,0,98.78,2119.294
2022-04-05,eastus,Storage,1453.0,1910.0,31.47,99.98,0,99.58,3.06,1.05,0,0,61.24,1480.2378
2022-04-05,westeurope,Compute,,,76.92,99.9,0,86.27,3.32,5.41,0,0,73.29,2219.082
2022-04-05,westeurope,Storage,620.0,786.0,13.57,99.96,0,111.34,2.25,1.92,1,0,61.5,649.2334
2022-04-05,southeastasia,Compute,1114.0,,98.26,99.95,0,129.99,3.9,5.95,0,0,66.85,1289.6865
2022-04-05,southeastasia,Storage,989.0,1187.0,21.63,99.86,0,133.92,3.14,3.56,0,0,51.6,318.33954
2022-04-05,centralus,Compute,1607.0,2015.0,140.11,99.88,0,96.06,1.73,2.55,0,0,69.14,316.23624
2022-04-05,centralus,Storage,298.0,365.0,6.4,99.92,0,115.34,2.81,2.74,0,0,67.06,779.37915
2022-04-05,uksouth,Compute,391.0,480.0,32.13,99.89,0,86.79,3.52,3.21,0,0,55.13,1331.6165
2022-04-05,uksouth,Storage,733.0,1018.0,15.34,99.99,0,119.15,3.32,0.58,0,0,91.87,1157.9242
2022-04-06,eastus,Compute,561.0,740.0,50.04,99.88,0,116.2,2.72,0.72,1,0,82.45,1468.0847
2022-04-06,eastus,Storage,,1142.0,20.05,99.98,0,128.39,2.42,0.89,0,0,92.74,1175.7628
2022-04-06,westeurope,Compute,2380.0,3265.0,197.04,99.89,0,87.66,3.83,2.79,0,0,95.07,1287.7822
2022-04-06,westeurope,Storage,1328.0,1796.0,30.17,99.91,0,110.94,1.31,4.21,0,0,93.68,1261.6943
2022-04-06,southeastasia,Compute,354.0,419.0,30.13,99.88,0,94.22,1.41,4.69,0,0,86.38,1450.3995
2022-04-06,southeastasia,Storage,849.0,1090.0,18.21,99.97,0,101.65,1.69,1.03,1,0,59.38,2238.5957
2022-04-06,centralus,Compute,892.0,1177.0,72.68,99.91,0,122.18,4.45,4.17,0,0,79.9,1037.7302
2022-04-06,centralus,Storage,1023.0,1258.0,21.74,99.88,0,124.43,1.75,0.66,0,0,66.56,408.56506
2022-04-06,uksouth,Compute,451.0,619.0,40.16,99.95,0,110.12,1.75,4.38,0,0,61.91,696.38574
2022-04-06,uksouth,Storage,1014.0,1326.0,22.25,99.94,0,115.36,2.57,2.59,0,0,82.38,371.87753
2022-04-07,eastus,Compute,831.0,1076.0,72.56,99.9,0,126.57,2.11,3.5,0,0,65.91,586.2108
2022-04-07,eastus,Storage,649.0,767.0,14.64,99.86,0,126.95,4.27,2.27,0,0,96.12,970.7339
2022-04-07,westeurope,Compute,,1372.0,82.23,99.88,0,98.55,2.2,3.33,0,0,54.42,510.46835
2022-04-07,westeurope,Storage,562.0,702.0,12.13,99.91,0,104.21,2.63,5.89,0,0,74.01,478.7481
2022-04-07,southeastasia,Compute,2028.0,2514.0,171.18,99.91,0,103.74,4.25,5.06,0,0,71.39,584.42694
2022-04-07,southeastasia,Storage,188.0,247.0,3.95,99.94,0,129.16,3.1,2.45,0,0,77.21,995.11475
2022-04-07,centralus,Compute,1388.0,1852.0,121.59,99.89,0,103.4,1.46,4.42,1,0,50.22,291.88776
2022-04-07,centralus,Storage,901.0,,,99.98,0,87.68,3.54,3.43,0,0,85.28,980.09766
2022-04-07,uksouth,Compute,1637.0,2210.0,135.72,99.91,0,124.33,4.41,0.83,0,0,77.54,1202.3134
2022-04-07,uksouth,Storage,358.0,463.0,7.55,99.95,0,93.32,3.8,1.88,0,0,92.94,383.5309
2022-04-08,eastus,Compute,969.0,1148.0,84.05,99.98,0,106.73,2.81,5.6,0,0,78.92,379.28683
2022-04-08,eastus,Storage,322.0,431.0,7.06,99.89,0,116.13,3.35,4.73,0,0,79.97,795.70624
2022-04-08,westeurope,Compute,2356.0,2710.0,197.86,99.96,0,103.31,3.19,3.83,0,0,75.16,515.34436
2022-04-08,westeurope,Storage,,795.0,13.67,99.86,0,97.15,3.83,0.77,0,0,71.72,391.27972
2022-04-08,southeastasia,Compute,1075.0,1288.0,88.0,99.99,0,128.42,4.15,5.38,0,0,77.27,301.52023
2022-04-08,southeastasia,Storage,410.0,523.0,9.15,99.92,0,109.59,1.77,2.03,0,0,98.65,1004.1914
2022-04-08,centralus,Compute,869.0,1122.0,70.48,99.87,0,128.25,3.06,5.73,0,0,59.68,689.60297
2022-04-08,centralus,Storage,944.0,1105.0,20.6,99.93,0,94.37,2.68,3.81,0,0,92.02,962.11237
2022-04-08,uksouth,Compute,971.0,1322.0,81.51,99.89,0,129.47,4.5,4.19,0,0,86.67,915.7531
2022-04-08,uksouth,Storage,,910.0,15.59,99.95,0,122.98,4.01,5.85,0,0,69.71,536.3403
2022-04-09,eastus,Compute,979.0,1369.0,85.12,99.98,1,126.75,4.18,4.98,0,0,68.52,940.2937
2022-04-09,eastus,Storage,1072.0,1356.0,,99.85,1,111.01,3.5,5.68,0,0,52.6,961.6579
2022-04-09,westeurope,Compute,1579.0,2152.0,138.32,99.87,1,120.7,2.64,2.12,0,0,67.77,969.8607
2022-04-09,westeurope,Storage,367.0,445.0,8.01,99.86,1,115.33,1.54,5.1,0,0,57.06,883.8182
2022-04-09,southeastasia,Compute,975.0,1267.0,,99.89,1,110.47,3.67,3.04,0,0,60.76,410.64172
2022-04-09,southeastasia,Storage,903.0,1110.0,20.45,99.91,1,107.65,2.89,4.42,0,0,77.8,794.41034
2022-04-09,centralus,Compute,1992.0,2612.0,,99.94,1,112.21,3.64,4.38,0,0,93.68,554.19495
2022-04-09,centralus,Storage,400.0,542.0,,99.91,1,120.7,4.06,0.74,0,0,69.91,1307.2075
2022-04-09,uksouth,Compute,1133.0,1424.0,94.67,99.86,1,113.13,2.78,1.08,0,0,88.36,1618.938
2022-04-09,uksouth,Storage,552.0,725.0,12.29,99.92,1,95.56,2.46,3.49,0,0,82.48,1160.1157
2022-04-10,eastus,Compute,2256.0,2653.0,198.63,99.89,1,133.56,1.59,5.77,0,0,52.33,877.1338
2022-04-10,eastus,Storage,728.0,,15.71,99.89,1,102.17,2.72,1.56,0,0,72.46,1135.1222
2022-04-10,westeurope,Compute,428.0,522.0,35.23,99.9,1,129.72,1.23,4.23,0,0,66.05,761.026
2022-04-10,westeurope,Storage,656.0,833.0,14.52,99.93,1,116.98,2.84,0.6,0,0,84.01,1033.0273
2022-04-10,southeastasia,Compute,808.0,968.0,66.68,99.94,1,130.56,2.53,1.64,0,0,87.42,1206.8226
2022-04-10,southeastasia,Storage,904.0,1209.0,19.17,99.9,1,104.48,2.89,5.61,0,0,58.64,2247.1223
2022-04-10,centralus,Compute,5181.0,6754.0,458.12,99.98,1,117.68,3.97,3.39,0,0,77.75,355.67618
2022-04-10,centralus,Storage,1043.0,1278.0,23.36,99.97,1,119.68,4.28,4.44,0,0,70.98,469.09247
2022-04-10,uksouth,Compute,,2195.0,148.44,99.97,1,127.38,4.48,4.24,0,0,92.22,689.47015
2022-04-10,uksouth,Storage,955.0,1241.0,20.34,99.93,1,98.73,3.61,5.08,0,0,75.62,2256.2322
2022-04-11,eastus,Compute,1606.0,2108.0,133.22,99.86,0,105.67,2.72,1.91,0,0,61.14,1235.373
2022-04-11,eastus,Storage,1461.0,1937.0,32.36,99.98,0,114.89,1.25,2.44,0,0,55.2,1036.4838
2022-04-11,westeurope,Compute,526.0,716.0,43.85,99.99,0,86.93,1.62,1.74,0,0,53.57,1045.7369
2022-04-11,westeurope,Storage,1291.0,1719.0,28.03,99.88,0,107.15,1.75,5.9,0,0,81.32,1131.8534
2022-04-11,southeastasia,Compute,1625.0,1906.0,140.33,99.89,0,122.49,1.65,5.44,0,0,97.51,1039.4752
2022-04-11,southeastasia,Storage,985.0,1366.0,21.3,99.86,0,134.84,2.08,5.18,0,0,76.22,1021.6624
2022-04-11,centralus,Compute,786.0,975.0,69.16,99.96,0,115.53,2.4,1.65,0,0,61.24,1095.2474
2022-04-11,centralus,Storage,1105.0,1439.0,23.2,99.96,0,88.96,3.37,0.6,0,0,75.77,1073.2585
2022-04-11,uksouth,Compute,1298.0,1689.0,110.97,99.94,0,92.7,3.33,1.5,0,0,85.49,1019.28046
2022-04-11,uksouth,Storage,,583.0,9.42,99.96,0,116.54,3.14,2.44,0,0,73.62,1215.8689
2022-04-12,eastus,Compute,1064.0,1224.0,93.96,99.89,0,118.4,3.86,1.4,0,0,65.61,1117.1724
2022-04-12,eastus,Storage,,1178.0,19.97,99.86,0,96.0,1.23,4.44,0,0,66.95,1117.9558
2022-04-12,westeurope,Compute,1658.0,2185.0,,99.94,0,97.62,1.26,4.35,0,0,76.28,1183.7438
2022-04-12,westeurope,Storage,980.0,1368.0,20.67,99.89,0,103.62,3.76,3.78,0,0,55.9,1232.6116
2022-04-12,southeastasia,Compute,1348.0,1744.0,119.05,99.95,0,95.08,2.62,3.22,0,0,56.43,1169.1493
2022-04-12,southeastasia,Storage,811.0,,17.56,99.88,0,90.32,4.4,1.6,0,0,77.45,1108.4111
2022-04-12,centralus,Compute,1106.0,1430.0,,99.94,0,108.76,4.02,3.09,0,0,56.44,1239.1517
2022-04-12,centralus,Storage,,1359.0,22.76,99.86,0,110.05,2.44,3.94,0,0,77.84,1163.7605
2022-04-12,uksouth,Compute,1746.0,2230.0,149.25,99.91,0,108.02,1.58,4.2,0,0,59.81,1232.5806
2022-04-12,uksouth,Storage,670.0,858.0,14.55,99.86,0,116.11,3.13,2.04,0,0,72.49,1208.1892
2022-04-13,eastus,Compute,2161.0,3004.0,176.0,99.91,0,112.79,2.54,1.66,0,0,82.24,1009.24445
2022-04-13,eastus,Storage,1401.0,1639.0,31.92,99.86,0,126.72,2.39,3.87,0,0,60.8,1201.4264
2022-04-13,westeurope,Compute,2034.0,2600.0,174.42,99.96,0,117.81,3.21,2.76,0,0,92.11,1403.8077
2022-04-13,westeurope,Storage,1448.0,1822.0,32.83,99.89,0,97.7,3.25,3.45,0,0,82.15,1228.1564
2022-04-13,southeastasia,Compute,1060.0,1221.0,89.93,100.8,0,90.34,4.25,4.93,0,0,51.6,1202.441
2022-04-13,southeastasia,Storage,376.0,505.0,8.22,99.88,0,130.22,1.85,0.64,1,0,83.08,1056.3455
2022-04-13,centralus,Compute,2384.0,3285.0,211.74,99.97,0,102.58,4.19,5.9,0,0,77.35,1153.8705
2022-04-13,centralus,Storage,483.0,661.0,11.01,99.91,0,120.12,3.04,5.19,0,0,74.27,1063.3708
2022-04-13,uksouth,Compute,1141.0,1420.0,93.82,99.98,0,89.63,3.58,1.27,0,0,57.94,1140.6586
2022-04-13,uksouth,Storage,,,15.89,99.95,0,107.9,3.08,4.31,0,0,67.84,1185.4874
2022-04-14,eastus,Compute,2242.0,2599.0,181.86,99.97,0,118.92,3.38,3.88,0,0,93.52,1207.7002
2022-04-14,eastus,Storage,1399.0,1872.0,30.83,99.97,0,114.41,4.23,3.51,0,0,77.24,1209.9972
2022-04-14,westeurope,Compute,2058.0,2714.0,172.43,99.92,0,118.79,4.37,1.9,0,0,83.52,1813.1837
2022-04-14,westeurope,Storage,731.0,846.0,16.72,99.86,0,118.29,1.44,4.38,1,0,73.3,1126.6232
2022-04-14,southeastasia,Compute,433.0,499.0,35.97,99.85,0,105.79,3.6,4.89,0,0,62.73,1198.2759
2022-04-14,southeastasia,Storage,675.0,939.0,15.42,99.89,0,91.12,4.31,3.04,0,0,88.64,1139.0774
2022-04-14,centralus,Compute,1984.0,2293.0,162.46,99.94,0,125.11,4.46,2.4,0,0,58.35,1087.7255
2022-04-14,centralus,Storage,1259.0,1527.0,27.07,99.95,0,87.43,3.35,1.72,0,0,61.22,1086.8313
2022-04-14,uksouth,Compute,1946.0,2417.0,157.89,99.89,0,111.56,2.55,2.01,0,0,99.81,1097.2396
2022-04-14,uksouth,Storage,433.0,564.0,9.73,99.9,0,130.25,3.05,2.98,0,0,89.73,1158.2761
2022-04-15,eastus,Compute,2492.0,2997.0,212.6,99.98,0,114.43,1.24,0.83,0,0,52.3,1230.6958
2022-04-15,eastus,Storage,423.0,564.0,8.94,99.96,0,111.62,2.16,4.11,0,0,51.52,1089.5464
2022-04-15,westeurope,Compute,1845.0,2201.0,161.78,99.91,0,131.78,4.33,1.13,0,0,82.31,1203.3568
2022-04-15,westeurope,Storage,2556.0,3349.0,57.04,99.98,0,110.42,2.55,5.26,0,0,97.01,1195.2168
2022-04-15,southeastasia,Compute,536.0,657.0,47.38,100.8,0,134.3,3.73,5.68,0,0,51.01,1266.4604
2022-04-15,southeastasia,Storage,688.0,818.0,14.4,99.96,0,125.61,1.73,4.57,0,0,81.07,1122.7125
2022-04-15,centralus,Compute,1006.0,1202.0,86.9,99.94,0,97.61,2.27,5.09,0,0,76.7,1273.0751
2022-04-15,centralus,Storage,1335.0,1697.0,28.15,99.97,0,120.9,4.31,4.31,0,0,80.01,1264.2999
2022-04-15,uksouth,Compute,1450.0,1785.0,119.55,99.94,0,113.45,2.46,2.29,0,0,95.95,1105.9408
2022-04-15,uksouth,Storage,248.0,322.0,5.27,99.88,0,116.08,1.62,1.96,0,0,74.4,1017.841
2022-04-16,eastus,Compute,1325.0,1729.0,116.22,99.96,1,134.4,1.23,2.91,0,0,95.58,984.1102
2022-04-16,eastus,Storage,617.0,819.0,13.79,99.86,1,126.83,2.02,2.88,0,0,72.06,1214.1678
2022-04-16,westeurope,Compute,1876.0,,166.08,99.91,1,106.18,3.52,5.69,0,0,89.8,1203.5364
2022-04-16,westeurope,Storage,404.0,548.0,8.94,99.85,1,108.07,2.73,3.49,0,1,75.1,1159.4282
2022-04-16,southeastasia,Compute,754.0,902.0,65.84,99.92,1,102.56,2.39,5.19,0,0,94.85,1105.1273
2022-04-16,southeastasia,Storage,1690.0,2345.0,35.41,99.9,1,129.79,2.11,2.0,0,0,71.92,1147.5592
2022-04-16,centralus,Compute,1303.0,1566.0,108.8,99.94,1,129.08,2.96,4.68,0,0,62.29,1119.2407
2022-04-16,centralus,Storage,220.0,255.0,4.72,99.96,1,88.46,1.69,4.32,0,0,61.11,1117.4349
2022-04-16,uksouth,Compute,746.0,866.0,64.12,99.88,1,130.23,2.77,1.73,0,0,65.33,1275.2552
2022-04-16,uksouth,Storage,295.0,388.0,6.3,99.91,1,94.88,3.01,1.14,1,0,97.71,1210.7732
2022-04-17,eastus,Compute,1730.0,2018.0,141.29,99.92,1,108.24,4.34,5.7,0,0,72.75,1097.6195
2022-04-17,eastus,Storage,,363.0,6.18,99.85,1,119.22,1.26,4.39,0,0,88.31,1107.4924
2022-04-17,westeurope,Compute,2522.0,3065.0,218.42,99.98,1,101.99,2.86,3.05,0,0,87.15,1240.5605
2022-04-17,westeurope,Storage,1157.0,1379.0,25.16,99.97,1,103.16,4.34,5.7,0,0,93.13,916.6469
2022-04-17,southeastasia,Compute,934.0,1299.0,78.63,99.94,1,85.94,1.62,4.8,0,0,51.86,1001.71014
2022-04-17,southeastasia,Storage,356.0,476.0,7.73,99.88,1,121.45,2.58,5.9,0,0,96.65,1136.4153
2022-04-17,centralus,Compute,1256.0,1580.0,102.87,99.89,1,94.54,4.11,4.39,0,0,65.67,938.4483
2022-04-17,centralus,Storage,617.0,815.0,13.28,99.92,1,87.22,3.9,5.94,0,1,58.49,1144.9586
2022-04-17,uksouth,Compute,407.0,513.0,35.06,99.87,1,121.65,2.09,2.97,0,0,71.23,1098.709
2022-04-17,uksouth,Storage,328.0,,,99.88,1,114.06,2.87,2.69,0,0,53.64,1190.2474
2022-04-18,eastus,Compute,2764.0,3239.0,239.24,99.93,0,114.73,2.16,1.97,0,0,72.31,1162.8259
2022-04-18,eastus,Storage,649.0,805.0,13.71,99.94,0,85.39,2.77,1.56,0,0,73.22,1195.5077
2022-04-18,westeurope,Compute,753.0,,63.53,99.9,0,130.04,1.53,1.14,0,0,81.65,1156.5458
2022-04-18,westeurope,Storage,439.0,550.0,9.91,99.91,0,126.32,2.08,2.03,0,0,82.41,1249.777
2022-04-18,southeastasia,Compute,537.0,658.0,47.49,99.97,0,96.88,1.47,3.95,0,0,51.61,1076.0564
2022-04-18,southeastasia,Storage,527.0,634.0,12.01,99.86,0,95.77,4.5,2.88,0,0,80.49,1107.6422
2022-04-18,centralus,Compute,608.0,825.0,52.21,99.9,0,112.88,3.1,1.41,0,0,70.05,1297.7969
2022-04-18,centralus,Storage,430.0,572.0,,99.99,0,124.94,1.65,2.41,0,0,55.58,1152.7502
2022-04-18,uksouth,Compute,,860.0,61.88,99.94,0,102.05,2.99,5.12,0,0,66.98,863.6179
2022-04-18,uksouth,Storage,1560.0,2157.0,33.84,99.91,0,93.71,2.45,4.92,0,0,70.16,1478.7443
2022-04-19,eastus,Compute,8511.0,11498.0,738.81,99.9,0,101.83,2.03,3.67,0,0,54.76,1151.0034
2022-04-19,eastus,Storage,1156.0,1365.0,25.16,99.97,0,130.31,2.87,3.77,0,0,56.08,1138.6436
2022-04-19,westeurope,Compute,1852.0,2343.0,154.3,99.94,0,87.15,1.6,5.26,0,0,92.1,1077.5417
2022-04-19,westeurope,Storage,573.0,745.0,12.69,99.97,0,126.08,1.6,5.17,0,0,93.49,1285.8246
2022-04-19,southeastasia,Compute,3714.0,4515.0,300.03,99.92,0,90.01,3.69,2.02,0,0,64.33,1767.3447
2022-04-19,southeastasia,Storage,867.0,,19.93,99.93,0,100.28,2.84,3.26,1,0,86.99,979.6811
2022-04-19,centralus,Compute,2094.0,2624.0,169.88,100.8,0,118.94,2.76,5.45,0,0,93.64,1189.9421
2022-04-19,centralus,Storage,889.0,1055.0,19.95,99.89,0,131.13,1.63,2.25,0,0,94.56,1086.4479
2022-04-19,uksouth,Compute,1698.0,2023.0,137.6,99.9,0,130.18,1.99,1.64,0,0,89.29,1124.0443
2022-04-19,uksouth,Storage,570.0,712.0,12.79,99.89,0,125.96,1.43,4.85,0,0,72.92,1144.7131
2022-04-20,eastus,Compute,2829.0,3495.0,238.5,100.8,0,130.54,3.56,5.37,0,0,80.69,1064.0697
2022-04-20,eastus,Storage,1510.0,2052.0,31.97,99.97,0,110.23,4.12,5.38,1,0,76.32,1178.6897
2022-04-20,westeurope,Compute,2252.0,2731.0,189.15,99.92,0,132.56,3.71,2.86,0,0,72.8,1126.179
2022-04-20,westeurope,Storage,557.0,760.0,12.86,99.94,0,124.76,3.78,2.45,0,0,84.41,890.6795
2022-04-20,southeastasia,Compute,551.0,665.0,48.73,99.86,0,95.99,2.22,3.89,0,0,58.21,982.21216
2022-04-20,southeastasia,Storage,547.0,666.0,12.57,99.91,0,87.94,3.61,2.31,0,0,78.54,1127.655
2022-04-20,centralus,Compute,844.0,1157.0,68.48,99.87,0,90.87,1.79,5.84,0,0,99.22,1183.5647
2022-04-20,centralus,Storage,640.0,759.0,14.27,99.98,0,134.84,2.44,3.79,0,0,84.48,1190.1323
2022-04-20,uksouth,Compute,1122.0,1365.0,96.82,99.87,0,110.93,3.73,1.4,0,0,53.0,992.03516
2022-04-20,uksouth,Storage,400.0,501.0,8.53,99.95,0,91.35,1.54,4.41,0,0,73.76,1165.1969
2022-04-21,eastus,Compute,506.0,616.0,44.64,99.97,0,131.46,2.71,4.73,0,0,99.72,1170.5793
2022-04-21,eastus,Storage,501.0,576.0,10.52,99.88,0,90.71,2.96,5.22,0,0,69.96,1153.1158
2022-04-21,westeurope,Compute,1465.0,1806.0,119.35,99.98,0,110.86,1.45,4.99,0,0,72.38,1119.3573
2022-04-21,westeurope,Storage,429.0,589.0,9.87,99.92,0,124.92,4.38,1.33,1,0,59.76,1289.9979
2022-04-21,southeastasia,Compute,1295.0,1767.0,112.03,99.89,0,113.08,3.56,4.5,0,0,93.51,1361.832
2022-04-21,southeastasia,Storage,355.0,465.0,8.06,99.85,0,134.6,1.8,3.09,0,0,73.84,869.5637
2022-04-21,centralus,Compute,1595.0,,133.73,99.9,0,134.66,4.48,1.13,0,0,51.51,1062.6067
2022-04-21,centralus,Storage,697.0,853.0,15.73,99.91,0,112.92,3.89,1.72,0,0,78.52,1020.3622
2022-04-21,uksouth,Compute,1745.0,2262.0,154.4,99.88,0,125.3,1.63,1.83,0,0,59.95,1189.5685
2022-04-21,uksouth,Storage,840.0,1128.0,19.26,99.92,0,90.0,3.14,4.78,0,0,50.61,1123.1545
2022-04-22,eastus,Compute,2750.0,3455.0,234.38,99.9,0,116.3,1.3,5.83,0,0,68.25,1118.5734
2022-04-22,eastus,Storage,816.0,,18.07,99.87,0,111.6,2.38,4.86,0,0,50.74,992.0631
2022-04-22,westeurope,Compute,1741.0,2256.0,155.22,99.93,0,124.28,3.6,4.36,0,0,73.71,944.29706
2022-04-22,westeurope,Storage,1049.0,1422.0,24.09,99.96,0,106.33,3.3,5.21,0,0,58.49,1222.0216
2022-04-22,southeastasia,Compute,882.0,1225.0,78.41,99.91,0,117.23,3.18,2.43,0,0,89.78,1273.1061
2022-04-22,southeastasia,Storage,326.0,380.0,7.46,99.95,0,91.08,1.41,5.86,0,0,85.09,1177.5293
2022-04-22,centralus,Compute,2352.0,3134.0,194.47,99.86,0,105.74,4.03,4.47,0,0,56.52,1042.2604
2022-04-22,centralus,Storage,449.0,628.0,9.63,99.97,0,126.15,1.96,1.04,0,0,93.54,981.056
2022-04-22,uksouth,Compute,1046.0,1426.0,89.74,99.92,0,122.17,3.89,4.27,0,0,88.58,1144.8047
2022-04-22,uksouth,Storage,290.0,340.0,6.37,99.86,0,91.45,1.99,5.23,0,0,66.7,1173.2527
2022-04-23,eastus,Compute,2053.0,2430.0,168.51,99.95,1,85.99,1.59,5.14,0,0,54.4,1146.0271
2022-04-23,eastus,Storage,,,14.3,99.87,1,114.46,4.16,4.86,0,0,80.93,942.61383
2022-04-23,westeurope,Compute,,2706.0,,99.9,1,127.08,2.62,2.71,1,0,90.38,884.467
2022-04-23,westeurope,Storage,775.0,891.0,17.1,99.87,1,104.59,3.14,2.02,0,0,97.34,1198.6133
2022-04-23,southeastasia,Compute,1122.0,1559.0,90.96,99.99,1,85.23,4.08,2.19,0,0,82.72,1152.924
2022-04-23,southeastasia,Storage,794.0,1018.0,18.22,100.8,1,128.49,2.68,5.89,0,0,94.3,1150.8231
2022-04-23,centralus,Compute,394.0,514.0,32.06,99.97,1,93.73,1.43,2.7,0,0,98.71,964.29626
2022-04-23,centralus,Storage,400.0,526.0,8.38,99.9,1,119.79,2.03,5.77,1,0,60.84,1110.2103
2022-04-23,uksouth,Compute,811.0,980.0,71.36,99.93,1,95.34,3.26,2.47,0,0,86.32,1026.7206
2022-04-23,uksouth,Storage,727.0,1014.0,16.49,99.87,1,98.89,2.29,4.08,0,0,75.49,970.0557
2022-04-24,eastus,Compute,998.0,1178.0,85.38,99.98,1,124.65,3.11,4.06,0,0,66.57,1148.7014
2022-04-24,eastus,Storage,,631.0,11.11,99.86,1,105.9,2.01,3.12,0,0,83.1,1104.4719
2022-04-24,westeurope,Compute,6264.0,7254.0,537.03,99.93,1,102.33,1.86,4.94,0,0,72.03,1205.3881
2022-04-24,westeurope,Storage,885.0,1078.0,,99.87,1,127.45,3.23,1.53,0,0,87.14,1216.0818
2022-04-24,southeastasia,Compute,485.0,572.0,39.28,99.87,1,106.56,3.47,2.09,0,0,98.41,1228.4185
2022-04-24,southeastasia,Storage,812.0,1123.0,18.23,99.98,1,96.82,2.34,4.64,0,0,93.88,1172.0555
2022-04-24,centralus,Compute,1007.0,1307.0,89.65,99.9,1,131.16,2.09,5.94,0,0,80.67,973.17303
2022-04-24,centralus,Storage,829.0,1001.0,18.93,99.97,1,96.49,1.32,4.92,0,0,79.37,987.0027
2022-04-24,uksouth,Compute,992.0,1253.0,81.42,99.98,1,123.94,3.63,4.3,0,0,53.65,1291.8517
2022-04-24,uksouth,Storage,937.0,1146.0,19.61,99.86,1,104.58,1.71,2.57,0,0,61.56,1188.2183
2022-04-25,eastus,Compute,569.0,707.0,45.95,100.8,0,98.84,1.54,0.91,0,0,91.88,1086.2994
2022-04-25,eastus,Storage,328.0,380.0,7.29,99.92,0,90.29,2.12,5.4,0,0,53.63,1097.4175
2022-04-25,westeurope,Compute,1585.0,2076.0,139.05,99.86,0,130.31,1.82,1.91,0,0,92.6,936.6737
2022-04-25,westeurope,Storage,1443.0,1717.0,,99.95,0,100.77,3.82,1.22,0,0,50.63,1822.0781
2022-04-25,southeastasia,Compute,867.0,1190.0,75.73,99.95,0,98.24,3.25,3.37,0,0,56.39,1187.8828
2022-04-25,southeastasia,Storage,296.0,347.0,6.4,99.86,0,88.67,1.85,3.17,0,0,66.77,1092.4283
2022-04-25,centralus,Compute,1364.0,,112.8,99.87,0,101.13,1.42,0.68,0,0,76.48,1155.345
2022-04-25,centralus,Storage,1315.0,1546.0,27.64,99.97,0,131.36,1.5,1.12,1,0,60.47,894.8411
2022-04-25,uksouth,Compute,645.0,846.0,53.25,100.8,0,85.39,3.49,2.27,0,0,64.97,1000.2927
2022-04-25,uksouth,Storage,1068.0,1337.0,24.11,99.86,0,123.84,2.43,0.72,0,0,55.96,1109.7174
2022-04-26,eastus,Compute,2713.0,3599.0,226.68,99.9,0,122.04,3.18,4.19,0,0,99.49,1120.5566
2022-04-26,eastus,Storage,1102.0,1538.0,23.55,99.93,0,124.01,2.32,2.59,0,0,81.24,1150.9142
2022-04-26,westeurope,Compute,2071.0,2514.0,182.92,99.92,0,114.96,1.52,2.61,0,0,67.23,1140.1044
2022-04-26,westeurope,Storage,770.0,1075.0,17.6,99.9,0,106.14,3.41,0.59,0,0,92.86,920.0816
2022-04-26,southeastasia,Compute,465.0,559.0,39.21,99.88,0,85.42,4.4,2.87,0,0,79.37,1010.7329
2022-04-26,southeastasia,Storage,408.0,497.0,9.05,99.95,0,117.73,1.36,1.07,0,0,58.91,906.4075
2022-04-26,centralus,Compute,1924.0,,163.55,99.96,0,92.51,3.38,2.28,0,0,73.35,1113.2657
2022-04-26,centralus,Storage,873.0,1030.0,18.26,99.86,0,130.81,4.2,1.74,0,0,74.84,1267.2812
2022-04-26,uksouth,Compute,1611.0,2164.0,132.08,99.91,0,123.74,2.31,3.98,0,0,57.63,1194.5574
2022-04-26,uksouth,Storage,308.0,413.0,,99.97,0,132.57,3.07,1.41,0,0,93.22,1118.1987
2022-04-27,eastus,Compute,1840.0,2122.0,160.28,99.86,0,97.99,3.02,2.98,1,0,93.94,1156.6122
2022-04-27,eastus,Storage,918.0,1212.0,21.09,99.94,0,128.56,3.93,2.48,0,0,76.78,1823.5336
2022-04-27,westeurope,Compute,506.0,648.0,42.63,99.89,0,134.93,1.44,0.74,0,0,98.96,1163.3689
2022-04-27,westeurope,Storage,235.0,286.0,5.11,99.91,0,93.93,1.2,5.19,0,0,77.33,1188.7386
2022-04-27,southeastasia,Compute,446.0,587.0,,99.93,0,107.12,3.04,3.35,0,0,59.44,1785.5895
2022-04-27,southeastasia,Storage,746.0,962.0,16.01,99.98,0,109.17,2.29,1.5,0,0,80.72,1143.453
2022-04-27,centralus,Compute,1445.0,1705.0,116.76,99.92,0,134.92,3.49,2.2,0,0,50.77,959.4466
2022-04-27,centralus,Storage,452.0,583.0,9.8,99.86,0,121.5,4.07,5.84,0,0,82.17,1199.0176
2022-04-27,uksouth,Compute,2119.0,2566.0,175.03,99.87,0,112.57,3.2,4.38,0,0,66.52,1124.6476
2022-04-27,uksouth,Storage,360.0,450.0,7.87,99.86,0,107.75,3.83,2.63,0,1,72.89,1039.4192
2022-04-28,eastus,Compute,2686.0,3429.0,236.07,99.93,0,101.17,2.9,4.35,0,0,95.83,1631.7938
2022-04-28,eastus,Storage,882.0,1133.0,19.92,99.97,0,125.34,1.25,1.53,0,0,99.12,1040.7433
2022-04-28,westeurope,Compute,1807.0,2169.0,159.19,99.89,0,134.48,1.72,3.34,0,0,73.4,1160.1553
2022-04-28,westeurope,Storage,290.0,379.0,6.63,99.9,0,108.23,4.16,2.0,0,0,99.03,1032.0474
2022-04-28,southeastasia,Compute,1331.0,1593.0,109.65,99.94,0,87.68,2.23,1.32,0,0,86.06,1202.6991
2022-04-28,southeastasia,Storage,1058.0,1237.0,23.1,99.98,0,95.89,2.05,1.05,0,0,82.15,1013.7005
2022-04-28,centralus,Compute,426.0,534.0,36.3,99.87,0,134.59,2.2,3.99,0,0,64.69,867.4163
2022-04-28,centralus,Storage,310.0,375.0,6.94,99.98,0,104.29,3.77,4.49,0,0,56.51,1139.8818
2022-04-28,uksouth,Compute,1211.0,1542.0,100.99,99.92,0,93.09,2.42,1.04,0,0,58.02,1117.5282
2022-04-28,uksouth,Storage,1096.0,,24.89,99.88,0,98.18,1.89,4.71,0,0,94.07,1145.0184
2022-04-29,eastus,Compute,741.0,868.0,63.78,99.92,0,98.76,2.76,4.76,0,0,73.39,1091.8782
2022-04-29,eastus,Storage,240.0,299.0,5.45,99.91,0,115.18,4.16,5.26,0,0,51.75,1071.8256
2022-04-29,westeurope,Compute,1309.0,1802.0,112.93,99.86,0,91.77,1.71,3.97,0,0,97.03,1173.2239
2022-04-29,westeurope,Storage,548.0,643.0,11.5,99.92,0,114.96,1.46,2.08,0,0,63.92,1134.9851
2022-04-29,southeastasia,Compute,1775.0,2136.0,154.22,99.96,0,105.59,3.66,2.72,0,0,99.6,1054.4487
2022-04-29,southeastasia,Storage,847.0,1118.0,,99.88,0,127.77,3.12,0.88,0,0,97.09,1119.4388
2022-04-29,centralus,Compute,1965.0,2621.0,158.8,99.93,0,124.69,2.08,3.82,0,0,72.29,1054.1406
2022-04-29,centralus,Storage,825.0,1126.0,17.53,99.92,0,95.92,3.19,3.57,0,0,82.99,1134.91
2022-04-29,uksouth,Compute,1288.0,1721.0,106.7,99.95,0,122.39,2.51,1.66,0,0,81.98,1135.4896
2022-04-29,uksouth,Storage,830.0,998.0,18.66,99.88,0,134.37,3.05,4.33,0,0,56.99,1222.2024
2022-04-30,eastus,Compute,1186.0,1404.0,,99.89,1,122.73,3.58,1.27,0,0,89.86,1130.3762
2022-04-30,eastus,Storage,967.0,1210.0,,99.94,1,106.83,1.5,5.54,0,0,76.25,1084.5598
2022-04-30,westeurope,Compute,2964.0,3862.0,243.69,99.85,1,86.58,2.87,4.54,0,0,66.36,854.65936
2022-04-30,westeurope,Storage,611.0,,13.61,99.87,1,97.93,2.74,1.78,0,0,87.4,1091.2227
2022-04-30,southeastasia,Compute,1475.0,1876.0,121.45,99.98,1,97.43,1.5,4.63,0,0,51.41,876.4301
2022-04-30,southeastasia,Storage,718.0,969.0,16.15,99.96,1,118.55,3.41,4.17,0,0,86.51,1027.7003
2022-04-30,centralus,Compute,527.0,686.0,45.97,99.93,1,116.38,4.29,2.14,0,0,80.57,1042.0028
2022-04-30,centralus,Storage,493.0,609.0,10.51,99.88,1,121.63,3.23,1.63,0,0,81.39,1201.9813
2022-04-30,uksouth,Compute,2082.0,2810.0,168.76,99.99,1,107.75,2.39,2.11,0,0,97.77,1134.3944
2022-04-30,uksouth,Storage,816.0,,17.73,99.88,1,106.54,2.76,4.59,0,0,79.64,1065.842
2022-05-01,eastus,Compute,407.0,517.0,34.93,99.89,1,114.62,2.18,0.81,1,0,89.61,1072.0251
2022-05-01,eastus,Storage,442.0,530.0,9.64,99.94,1,95.67,2.16,5.2,0,0,57.44,1002.39246
2022-05-01,westeurope,Compute,1443.0,2000.0,117.48,99.94,1,106.2,3.04,1.67,0,0,72.92,965.4428
2022-05-01,westeurope,Storage,255.0,350.0,5.87,99.96,1,112.14,4.36,1.35,0,0,74.6,887.7215
2022-05-01,southeastasia,Compute,473.0,647.0,40.32,99.9,1,95.39,3.84,3.93,0,0,66.71,851.93835
2022-05-01,southeastasia,Storage,231.0,310.0,4.9,99.97,1,105.0,3.61,3.42,0,0,53.09,1039.4387
2022-05-01,centralus,Compute,1493.0,2077.0,127.25,99.93,1,130.36,3.26,2.17,0,0,93.33,1107.9862
2022-05-01,centralus,Storage,643.0,757.0,13.56,99.9,1,100.54,4.35,4.81,0,0,58.37,1092.9907
2022-05-01,uksouth,Compute,995.0,1250.0,83.94,99.97,1,104.76,2.3,2.36,0,0,57.33,1101.4021
2022-05-01,uksouth,Storage,763.0,991.0,16.91,99.96,1,124.32,4.14,3.54,0,0,55.83,1006.18005
2022-05-02,eastus,Compute,1651.0,2244.0,138.59,99.92,0,132.1,3.45,4.05,0,0,62.43,1021.46387
2022-05-02,eastus,Storage,,355.0,6.22,99.94,0,125.03,2.69,5.0,0,0,82.9,906.432
2022-05-02,westeurope,Compute,2247.0,2933.0,182.69,99.92,0,130.07,3.53,4.88,0,0,55.52,1120.6525
2022-05-02,westeurope,Storage,270.0,325.0,6.17,99.86,0,107.22,4.0,3.89,0,0,85.33,1109.3066
2022-05-02,southeastasia,Compute,1785.0,2306.0,152.24,99.91,0,133.83,1.36,1.49,0,0,79.47,1037.4595
2022-05-02,southeastasia,Storage,,449.0,7.37,99.92,0,131.31,3.89,2.28,0,0,53.12,1088.9242
2022-05-02,centralus,Compute,2622.0,3492.0,215.82,99.92,0,89.66,4.24,2.39,0,0,50.31,1330.841
2022-05-02,centralus,Storage,282.0,379.0,6.23,99.97,0,90.58,4.24,5.64,0,0,99.49,1170.7384
2022-05-02,uksouth,Compute,1956.0,2550.0,171.08,99.96,0,94.7,1.98,5.32,0,0,99.73,1003.1607
2022-05-02,uksouth,Storage,328.0,446.0,,99.86,0,101.07,3.72,5.78,0,0,78.18,1174.3416
2022-05-03,eastus,Compute,1980.0,,171.25,99.93,0,85.18,1.33,1.6,0,0,65.25,1106.0781
2022-05-03,eastus,Storage,406.0,497.0,8.77,99.89,0,122.64,2.41,4.49,0,0,77.16,1077.8531
2022-05-03,westeurope,Compute,761.0,1034.0,64.21,99.94,0,93.85,3.05,5.9,0,0,70.37,1168.6616
2022-05-03,westeurope,Storage,982.0,1139.0,21.79,99.89,0,86.62,3.91,2.02,0,0,59.72,909.03156
2022-05-03,southeastasia,Compute,538.0,699.0,46.23,99.93,0,130.73,3.43,2.72,0,0,77.21,932.3359
2022-05-03,southeastasia,Storage,381.0,531.0,8.19,99.95,0,97.67,2.38,1.55,0,0,64.85,1108.2489
2022-05-03,centralus,Compute,1048.0,1231.0,91.38,99.93,0,98.72,2.03,5.87,0,0,56.4,851.6881
2022-05-03,centralus,Storage,186.0,216.0,4.02,99.91,0,95.24,2.19,1.6,0,0,81.75,1195.5344
2022-05-03,uksouth,Compute,3982.0,5544.0,327.42,99.88,0,111.28,1.5,2.9,0,0,66.55,990.7611
2022-05-03,uksouth,Storage,856.0,1130.0,19.65,99.87,0,119.62,4.21,3.26,0,0,93.34,1105.761
2022-05-04,eastus,Compute,2157.0,2589.0,186.43,99.88,0,115.67,2.56,4.1,0,0,50.21,1125.865
2022-05-04,eastus,Storage,779.0,985.0,17.09,99.9,0,132.73,3.5,3.47,0,0,68.61,886.39355
2022-05-04,westeurope,Compute,1420.0,1922.0,118.29,99.91,0,89.15,1.54,3.09,0,0,82.14,1248.4622
2022-05-04,westeurope,Storage,796.0,1033.0,17.59,99.86,0,100.94,1.37,2.68,0,0,84.64,1141.3016
2022-05-04,southeastasia,Compute,786.0,1067.0,68.32,99.96,0,99.44,2.48,3.95,0,0,59.34,1050.7032
2022-05-04,southeastasia,Storage,944.0,1290.0,21.66,99.9,0,88.36,2.59,2.67,0,0,65.29,1031.276
2022-05-04,centralus,Compute,924.0,1252.0,75.25,99.89,0,133.32,1.71,4.58,0,0,54.98,1057.5199
2022-05-04,centralus,Storage,1054.0,1345.0,24.15,99.94,0,127.02,1.69,5.2,0,0,59.49,1184.78
2022-05-04,uksouth,Compute,,2274.0,147.65,99.88,0,132.03,3.71,4.33,0,0,93.54,1153.2754
2022-05-04,uksouth,Storage,969.0,1171.0,21.13,99.95,0,90.47,2.09,0.76,0,0,51.23,948.25464
2022-05-05,eastus,Compute,685.0,898.0,56.9,99.9,0,121.71,4.3,3.41,1,0,69.93,1131.7231
2022-05-05,eastus,Storage,599.0,739.0,12.74,99.93,0,109.18,3.61,2.93,0,0,60.57,1116.2646
2022-05-05,westeurope,Compute,1888.0,2193.0,167.67,100.8,0,86.72,2.57,1.57,0,0,62.42,1225.0945
2022-05-05,westeurope,Storage,668.0,858.0,15.41,99.91,0,117.09,4.4,1.26,0,0,96.62,1185.5275
2022-05-05,southeastasia,Compute,1130.0,1418.0,99.45,99.96,0,88.23,3.25,1.79,0,0,93.95,857.79016
2022-05-05,southeastasia,Storage,952.0,1272.0,20.83,99.98,0,126.19,3.31,0.84,0,0,68.97,850.1607
2022-05-05,centralus,Compute,1152.0,1351.0,98.08,99.88,0,111.82,3.96,3.89,0,0,96.36,967.4225
2022-05-05,centralus,Storage,792.0,971.0,17.35,99.88,0,116.82,2.85,1.07,0,0,94.38,1039.2236
2022-05-05,uksouth,Compute,1326.0,1617.0,114.67,99.98,0,102.38,2.29,3.64,0,0,91.61,974.1327
2022-05-05,uksouth,Storage,680.0,834.0,14.97,99.97,0,105.83,3.65,5.21,0,0,67.83,1090.7537
2022-05-06,eastus,Compute,1108.0,,97.1,99.99,0,126.2,3.03,2.12,0,0,83.35,1243.5352
2022-05-06,eastus,Storage,314.0,429.0,7.01,99.85,0,121.23,1.32,5.99,0,0,62.87,1104.7319
2022-05-06,westeurope,Compute,,2939.0,197.37,99.94,0,93.21,3.99,4.97,0,0,62.36,1069.3987
2022-05-06,westeurope,Storage,688.0,,15.24,100.8,0,133.5,3.29,4.7,0,0,86.66,929.90765
2022-05-06,southeastasia,Compute,1075.0,1319.0,92.36,99.88,0,116.35,1.77,0.85,0,0,94.45,1029.265
2022-05-06,southeastasia,Storage,650.0,837.0,,99.9,0,121.52,2.56,2.04,0,0,72.96,1088.9146
2022-05-06,centralus,Compute,491.0,673.0,40.42,99.97,0,91.08,1.91,0.7,0,0,72.97,870.0907
2022-05-06,centralus,Storage,487.0,645.0,10.69,99.89,0,99.25,3.61,2.02,0,0,88.54,1073.3568
2022-05-06,uksouth,Compute,601.0,730.0,50.21,99.87,0,131.75,2.16,3.36,0,0,66.75,1142.938
2022-05-06,uksouth,Storage,633.0,790.0,14.25,99.88,0,103.85,1.23,4.67,0,0,72.78,1216.7439
2022-05-07,eastus,Compute,2154.0,2899.0,184.85,99.98,1,93.6,2.59,5.08,1,0,99.53,875.16595
2022-05-07,eastus,Storage,712.0,823.0,14.98,99.95,1,101.09,2.34,1.65,0,0,65.02,1068.2397
2022-05-07,westeurope,Compute,542.0,758.0,,99.9,1,110.18,1.83,5.32,0,0,89.67,1197.2852
2022-05-07,westeurope,Storage,2601.0,3553.0,57.68,99.87,1,95.76,2.12,1.83,0,0,72.21,1026.6802
2022-05-07,southeastasia,Compute,1071.0,,92.97,99.9,1,131.39,1.51,2.54,0,0,82.82,897.53015
2022-05-07,southeastasia,Storage,407.0,524.0,,99.98,1,119.36,2.26,1.59,0,0,58.08,1127.9502
2022-05-07,centralus,Compute,1619.0,2050.0,143.5,99.89,1,98.49,2.56,1.84,0,0,77.91,920.146
2022-05-07,centralus,Storage,261.0,357.0,5.49,99.89,1,134.56,2.59,1.22,0,0,59.35,1032.7424
2022-05-07,uksouth,Compute,363.0,490.0,31.89,99.89,1,108.45,4.08,0.79,0,0,83.93,1019.1902
2022-05-07,uksouth,Storage,,256.0,3.97,99.9,1,111.91,3.88,1.69,0,0,59.45,887.70184
2022-05-08,eastus,Compute,1838.0,2143.0,153.99,99.93,1,112.81,2.54,2.86,0,0,97.66,898.5894
2022-05-08,eastus,Storage,278.0,369.0,6.18,99.89,1,117.68,3.36,3.76,0,0,70.02,871.30176
2022-05-08,westeurope,Compute,,1345.0,93.79,99.96,1,99.77,1.27,5.69,0,1,61.86,888.9795
2022-05-08,westeurope,Storage,368.0,512.0,7.74,99.87,1,90.27,3.46,3.83,0,0,81.98,1089.9556
2022-05-08,southeastasia,Compute,,1024.0,68.62,99.85,1,92.4,2.45,4.26,0,0,77.87,1217.2339
2022-05-08,southeastasia,Storage,166.0,231.0,3.83,99.92,1,126.33,4.47,2.56,0,0,57.04,1104.4589
2022-05-08,centralus,Compute,1233.0,1603.0,,99.91,1,109.86,1.33,5.41,0,0,56.02,1186.0463
2022-05-08,centralus,Storage,717.0,986.0,15.84,99.93,1,120.25,2.07,1.72,0,0,72.7,1221.7766
2022-05-08,uksouth,Compute,1279.0,,109.94,99.95,1,117.14,2.92,4.25,0,0,50.07,1170.0211
2022-05-08,uksouth,Storage,310.0,431.0,6.73,99.91,1,95.09,1.43,4.75,0,0,84.39,973.02484
2022-05-09,eastus,Compute,1107.0,1395.0,92.07,99.98,0,128.08,1.74,0.64,0,0,98.61,1157.0173
2022-05-09,eastus,Storage,1033.0,,21.72,99.97,0,109.09,3.5,0.79,0,0,64.25,829.49664
2022-05-09,westeurope,Compute,2296.0,3205.0,191.08,99.96,0,109.52,1.33,4.7,0,0,54.28,1027.1555
2022-05-09,westeurope,Storage,1159.0,1431.0,25.22,99.96,0,88.65,4.06,2.87,0,0,63.3,1024.9319
2022-05-09,southeastasia,Compute,771.0,,67.48,99.91,0,92.57,3.79,1.17,0,0,77.84,1102.954
2022-05-09,southeastasia,Storage,592.0,,12.98,99.95,0,96.08,1.93,5.71,0,0,90.38,1785.7013
2022-05-09,centralus,Compute,2010.0,2482.0,167.74,99.98,0,124.45,3.59,1.52,0,0,58.18,944.86914
2022-05-09,centralus,Storage,424.0,570.0,9.37,99.95,0,131.92,3.31,2.5,0,0,56.54,858.25085
2022-05-09,uksouth,Compute,456.0,555.0,37.79,99.88,0,94.64,3.1,2.3,0,0,73.23,1237.5588
2022-05-09,uksouth,Storage,308.0,426.0,6.53,99.9,0,99.11,4.04,3.19,1,0,69.43,1210.2114
2022-05-10,eastus,Compute,1912.0,2566.0,167.44,99.97,0,131.88,2.54,3.63,0,0,99.78,1071.1812
2022-05-10,eastus,Storage,560.0,685.0,12.65,99.91,0,125.97,3.79,5.61,0,0,91.86,1203.2643
2022-05-10,westeurope,Compute,1035.0,1222.0,88.97,99.88,0,98.13,3.66,5.88,0,0,50.44,1218.0715
2022-05-10,westeurope,Storage,545.0,735.0,11.54,99.91,0,98.57,2.16,1.18,0,1,65.63,1232.7816
2022-05-10,southeastasia,Compute,,1442.0,103.05,99.87,0,94.14,4.34,5.13,0,0,97.15,1078.3383
2022-05-10,southeastasia,Storage,820.0,992.0,18.02,99.86,0,86.74,2.75,2.69,0,0,99.65,1060.0027
2022-05-10,centralus,Compute,1697.0,2000.0,138.52,99.96,0,96.05,1.29,5.89,0,0,51.28,1023.2496
2022-05-10,centralus,Storage,272.0,360.0,,99.92,0,92.32,1.66,3.71,0,0,64.29,1257.5553
2022-05-10,uksouth,Compute,1366.0,1870.0,116.39,99.91,0,100.48,2.18,2.18,0,0,83.49,1106.2053
2022-05-10,uksouth,Storage,2074.0,2705.0,45.45,100.8,0,100.46,3.32,5.35,0,0,75.8,994.0208
2022-05-11,eastus,Compute,1529.0,2121.0,129.78,99.92,0,117.73,1.54,1.89,0,0,50.67,1015.11005
2022-05-11,eastus,Storage,2661.0,3568.0,60.53,99.89,0,131.55,3.02,4.33,0,0,98.16,1552.1378
2022-05-11,westeurope,Compute,981.0,1255.0,85.22,99.95,0,107.55,2.92,3.34,0,0,85.49,1061.8783
2022-05-11,westeurope,Storage,1015.0,,,99.92,0,122.33,3.86,4.55,0,0,58.66,1038.3851
2022-05-11,southeastasia,Compute,443.0,592.0,38.13,99.91,0,133.24,3.63,0.84,0,0,82.52,969.8329
2022-05-11,southeastasia,Storage,176.0,245.0,3.92,99.88,0,118.95,3.72,2.86,0,0,63.94,1165.5183
2022-05-11,centralus,Compute,2126.0,2791.0,185.1,99.85,0,132.95,2.34,1.54,0,0,54.34,1106.3386
2022-05-11,centralus,Storage,858.0,1193.0,19.27,99.86,0,105.1,3.33,2.43,0,0,96.68,1050.6324
2022-05-11,uksouth,Compute,1029.0,1298.0,85.04,99.94,0,119.28,3.46,0.65,0,0,87.21,1234.4299
2022-05-11,uksouth,Storage,331.0,396.0,7.35,99.9,0,85.46,1.86,1.12,0,0,64.23,1061.4985
2022-05-12,eastus,Compute,1877.0,2553.0,153.68,99.94,0,113.76,1.3,1.61,0,0,67.74,1146.754
2022-05-12,eastus,Storage,1066.0,1358.0,23.21,99.96,0,88.66,1.5,4.09,0,0,95.81,880.4643
2022-05-12,westeurope,Compute,1426.0,1898.0,124.85,99.99,0,131.58,3.63,4.32,0,0,78.69,888.0981
2022-05-12,westeurope,Storage,,3430.0,61.0,99.93,0,93.84,3.15,3.47,0,0,58.2,1029.8519
2022-05-12,southeastasia,Compute,851.0,999.0,71.75,99.96,0,129.41,2.01,3.66,0,0,70.45,1045.6443
2022-05-12,southeastasia,Storage,516.0,596.0,10.96,99.94,0,88.68,1.83,2.36,0,0,95.56,918.0065
2022-05-12,centralus,Compute,,1120.0,76.96,99.93,0,94.98,1.27,3.59,0,0,57.34,1090.9147
2022-05-12,centralus,Storage,985.0,1370.0,21.7,99.92,0,122.77,4.1,5.8,0,0,60.53,1149.8569
2022-05-12,uksouth,Compute,1101.0,1504.0,94.59,99.85,0,125.27,2.29,2.26,0,0,72.1,1145.6862
2022-05-12,uksouth,Storage,816.0,1136.0,17.44,99.88,0,107.75,3.67,2.05,1,0,97.83,1160.4092
2022-05-13,eastus,Compute,565.0,694.0,46.23,99.92,0,111.26,3.52,5.83,0,0,68.5,1074.2794
2022-05-13,eastus,Storage,595.0,729.0,13.46,99.89,0,113.14,2.02,4.99,0,0,80.14,1063.0964
2022-05-13,westeurope,Compute,2353.0,3257.0,190.89,99.95,0,88.57,2.74,1.46,0,0,72.64,988.3789
2022-05-13,westeurope,Storage,783.0,1032.0,17.62,99.95,0,90.7,3.37,2.04,1,0,71.68,1011.5969
2022-05-13,southeastasia,Compute,634.0,,53.19,99.87,0,97.9,1.7,5.38,0,0,61.22,1152.7948
2022-05-13,southeastasia,Storage,581.0,760.0,12.99,99.89,0,92.04,1.72,4.02,0,0,58.48,1107.3502
2022-05-13,centralus,Compute,,2017.0,130.24,99.94,0,118.29,3.51,4.21,0,0,94.87,1139.0718
2022-05-13,centralus,Storage,582.0,714.0,13.28,99.87,0,102.62,3.75,0.67,0,0,96.61,1098.3269
2022-05-13,uksouth,Compute,929.0,1189.0,81.56,99.86,0,134.78,3.19,5.88,0,0,87.62,1102.2733
2022-05-13,uksouth,Storage,928.0,1292.0,20.0,99.94,0,106.0,1.4,3.19,0,0,53.48,913.2648
2022-05-14,eastus,Compute,2003.0,2420.0,170.98,99.88,1,92.35,3.09,5.88,0,0,62.83,1069.0723
2022-05-14,eastus,Storage,815.0,1125.0,17.08,99.86,1,132.94,2.11,5.3,0,0,54.02,1031.8832
2022-05-14,westeurope,Compute,806.0,1025.0,69.89,99.99,1,107.08,2.91,3.37,0,0,50.44,1102.3778
2022-05-14,westeurope,Storage,658.0,809.0,14.59,99.93,1,100.75,2.35,4.69,0,0,91.88,895.50073
2022-05-14,southeastasia,Compute,593.0,822.0,52.33,99.88,1,89.78,2.65,4.22,0,0,71.27,1195.759
2022-05-14,southeastasia,Storage,323.0,410.0,7.34,99.96,1,130.8,2.18,5.72,0,0,71.58,1128.159
2022-05-14,centralus,Compute,675.0,867.0,58.63,99.88,1,93.31,3.96,2.47,0,0,69.29,863.40564
2022-05-14,centralus,Storage,574.0,711.0,12.24,99.88,1,94.35,2.81,4.89,0,0,81.83,954.567
2022-05-14,uksouth,Compute,286.0,369.0,24.89,99.93,1,102.75,4.43,4.37,0,0,61.8,1159.802
2022-05-14,uksouth,Storage,470.0,632.0,10.6,99.96,1,85.22,2.85,4.38,0,0,54.21,911.7974
2022-05-15,eastus,Compute,1169.0,1535.0,95.85,99.88,1,95.22,1.99,1.75,0,0,71.9,1170.2456
2022-05-15,eastus,Storage,2373.0,2804.0,49.85,99.97,1,88.99,1.69,0.62,0,0,99.35,1170.3949
2022-05-15,westeurope,Compute,487.0,663.0,40.67,99.93,1,111.95,3.39,4.57,0,0,90.47,1542.2281
2022-05-15,westeurope,Storage,1141.0,1593.0,24.78,99.91,1,101.23,1.8,1.29,0,0,52.25,1217.0881
2022-05-15,southeastasia,Compute,522.0,655.0,45.9,99.95,1,123.56,3.82,1.01,0,0,62.97,974.7216
2022-05-15,southeastasia,Storage,391.0,535.0,8.9,99.98,1,124.51,3.38,5.21,0,0,99.46,1054.1069
2022-05-15,centralus,Compute,1361.0,1702.0,120.9,99.98,1,85.62,1.77,5.01,0,0,89.25,1108.6812
2022-05-15,centralus,Storage,622.0,720.0,14.28,99.93,1,99.91,1.69,5.06,0,0,82.25,1160.4788
2022-05-15,uksouth,Compute,288.0,331.0,,99.86,1,116.54,2.86,3.4,0,0,88.67,948.53143
2022-05-15,uksouth,Storage,697.0,854.0,15.95,99.93,1,95.37,2.07,2.88,0,0,84.0,1161.849
2022-05-16,eastus,Compute,529.0,714.0,45.46,99.88,0,115.65,3.27,4.54,0,0,59.86,1213.9835
2022-05-16,eastus,Storage,886.0,,19.48,99.94,0,94.16,1.23,2.4,0,0,74.61,1119.0515
2022-05-16,westeurope,Compute,1183.0,,104.16,99.98,0,102.68,3.57,2.93,0,0,66.13,1029.2056
2022-05-16,westeurope,Storage,1255.0,1705.0,27.5,99.89,0,134.27,3.92,5.97,0,0,75.17,1179.1514
2022-05-16,southeastasia,Compute,368.0,512.0,30.88,99.9,0,94.75,1.58,4.57,0,0,88.67,1196.5107
2022-05-16,southeastasia,Storage,481.0,672.0,10.92,99.97,0,116.3,4.24,0.7,0,0,52.48,1168.6094
2022-05-16,centralus,Compute,1077.0,1343.0,91.77,99.98,0,133.67,2.07,1.67,0,0,50.68,1055.9803
2022-05-16,centralus,Storage,1040.0,1452.0,23.82,99.95,0,90.26,1.99,1.53,0,0,62.22,1005.28357
2022-05-16,uksouth,Compute,1302.0,1624.0,113.61,99.91,0,102.3,2.69,4.62,0,0,76.21,860.62854
2022-05-16,uksouth,Storage,1059.0,1457.0,24.37,99.85,0,134.5,2.26,5.14,0,0,68.92,1031.0686
2022-05-17,eastus,Compute,723.0,920.0,61.28,99.98,0,106.69,3.79,5.68,0,0,74.8,1183.1049
2022-05-17,eastus,Storage,764.0,,16.75,99.95,0,120.93,2.65,1.28,0,0,81.91,1231.8113
2022-05-17,westeurope,Compute,1009.0,1220.0,88.92,99.9,0,101.45,3.17,1.51,0,0,67.68,1163.2286
2022-05-17,westeurope,Storage,1028.0,1376.0,21.88,99.93,0,130.61,4.4,4.11,0,0,72.13,996.01196
2022-05-17,southeastasia,Compute,1258.0,1573.0,106.49,99.97,0,122.93,3.18,2.41,0,0,83.99,929.9911
2022-05-17,southeastasia,Storage,645.0,808.0,13.74,99.98,0,111.62,4.01,2.38,0,0,76.09,737.5217
2022-05-17,centralus,Compute,2128.0,2542.0,175.5,99.87,0,117.01,4.47,5.34,0,0,92.97,1030.7559
2022-05-17,centralus,Storage,350.0,466.0,8.08,99.96,0,112.79,2.8,5.09,0,0,69.83,1835.4194
2022-05-17,uksouth,Compute,1666.0,2041.0,146.71,99.85,0,99.63,2.6,3.31,0,0,78.94,491.32248
2022-05-17,uksouth,Storage,,790.0,13.01,99.95,0,111.8,4.12,1.89,0,0,74.64,651.4767
2022-05-18,eastus,Compute,,838.0,59.61,99.92,0,110.81,2.3,2.02,0,0,93.96,396.40817
2022-05-18,eastus,Storage,1269.0,1679.0,28.2,99.88,0,98.66,2.55,4.35,0,0,88.42,813.0117
2022-05-18,westeurope,Compute,2177.0,2983.0,193.38,99.95,0,109.63,3.31,2.78,0,0,55.77,828.45056
2022-05-18,westeurope,Storage,778.0,1057.0,17.42,99.95,0,95.86,4.45,5.13,0,0,76.78,1172.0714
2022-05-18,southeastasia,Compute,,908.0,62.84,99.98,0,127.91,1.86,5.32,0,0,54.06,187.83186
2022-05-18,southeastasia,Storage,1240.0,1663.0,27.02,99.97,0,111.24,1.27,4.44,0,0,58.41,1242.619
2022-05-18,centralus,Compute,5544.0,7698.0,465.18,99.97,0,94.54,3.86,4.12,0,0,56.59,1132.084
2022-05-18,centralus,Storage,272.0,,5.79,99.93,0,114.22,2.42,2.44,0,0,62.76,725.8516
2022-05-18,uksouth,Compute,797.0,1109.0,68.67,99.96,0,111.64,3.26,5.93,0,0,97.85,677.6492
2022-05-18,uksouth,Storage,1021.0,1424.0,22.12,99.9,0,115.49,2.11,4.34,0,0,76.74,423.3545
2022-05-19,eastus,Compute,2476.0,2925.0,203.32,99.94,0,112.07,1.26,0.84,0,0,67.86,1175.5167
2022-05-19,eastus,Storage,476.0,625.0,10.92,99.88,0,127.76,4.24,5.46,0,0,79.67,1114.5623
2022-05-19,westeurope,Compute,1971.0,2526.0,168.16,99.91,0,123.59,2.9,3.85,0,0,78.53,383.8782
2022-05-19,westeurope,Storage,1592.0,1992.0,36.52,99.9,0,107.94,4.44,1.6,0,0,93.42,1137.2423
2022-05-19,southeastasia,Compute,1662.0,2258.0,144.64,99.89,0,85.84,2.78,5.22,0,0,93.98,305.84482
2022-05-19,southeastasia,Storage,175.0,218.0,4.02,99.97,0,111.18,2.97,2.2,0,0,70.12,270.88577
2022-05-19,centralus,Compute,1848.0,2229.0,164.53,99.9,0,130.48,1.94,1.54,0,0,78.34,512.9324
2022-05-19,centralus,Storage,1192.0,1617.0,26.68,99.99,0,97.74,2.8,3.26,0,0,72.16,336.35782
2022-05-19,uksouth,Compute,367.0,491.0,30.32,99.92,0,126.23,3.89,4.87,0,0,74.11,824.4546
2022-05-19,uksouth,Storage,590.0,771.0,13.37,99.91,0,110.95,3.87,2.85,0,0,70.89,646.7987
2022-05-20,eastus,Compute,722.0,891.0,59.68,99.9,0,96.52,3.11,4.89,0,0,99.44,375.7747
2022-05-20,eastus,Storage,,1555.0,29.96,100.8,0,102.75,4.15,3.26,0,0,70.87,911.2208
2022-05-20,westeurope,Compute,2255.0,,193.12,99.87,0,119.51,3.62,0.74,0,0,56.2,179.69672
2022-05-20,westeurope,Storage,1182.0,1482.0,25.7,99.95,0,123.71,3.2,0.62,0,0,51.71,887.01324
2022-05-20,southeastasia,Compute,424.0,517.0,34.5,99.98,0,109.7,1.48,5.28,0,0,64.05,840.7561
2022-05-20,southeastasia,Storage,489.0,573.0,11.07,99.86,0,88.43,2.97,1.38,1,0,56.86,412.80502
2022-05-20,centralus,Compute,960.0,1149.0,,99.85,0,99.6,3.0,2.03,0,0,97.14,364.792
2022-05-20,centralus,Storage,905.0,,19.7,99.87,0,124.04,2.4,4.55,0,0,95.36,591.29584
2022-05-20,uksouth,Compute,1928.0,2463.0,160.04,99.98,0,107.9,1.62,2.88,0,0,78.06,556.1946
2022-05-20,uksouth,Storage,529.0,694.0,12.12,99.97,0,119.38,2.38,1.83,0,0,97.93,1087.6962
2022-05-21,eastus,Compute,1823.0,2551.0,147.97,99.91,1,107.6,2.19,3.64,0,0,66.62,729.58624
2022-05-21,eastus,Storage,927.0,1143.0,19.64,99.96,1,118.7,2.0,3.45,0,0,80.37,341.69904
2022-05-21,westeurope,Compute,1156.0,1454.0,96.61,99.91,1,115.14,4.5,3.21,0,0,52.12,658.0532
2022-05-21,westeurope,Storage,577.0,786.0,12.52,99.87,1,101.62,2.7,3.43,0,0,92.09,958.70667
2022-05-21,southeastasia,Compute,540.0,724.0,46.67,100.8,1,131.96,3.11,1.81,0,0,82.54,289.58334
2022-05-21,southeastasia,Storage,1134.0,1497.0,24.33,99.92,1,122.34,3.06,0.96,0,0,62.89,440.7641
2022-05-21,centralus,Compute,539.0,647.0,43.83,99.87,1,134.22,2.75,5.27,0,0,85.33,785.21045
2022-05-21,centralus,Storage,,952.0,15.61,100.8,1,131.23,1.54,3.49,0,0,82.29,859.9486
2022-05-21,uksouth,Compute,295.0,386.0,,99.86,1,130.94,3.21,4.94,0,0,93.44,611.7406
2022-05-21,uksouth,Storage,612.0,750.0,13.72,99.85,1,94.43,3.47,0.86,0,0,88.3,980.5917
2022-05-22,eastus,Compute,1076.0,,87.37,99.95,1,93.62,1.3,2.98,0,0,50.64,685.0815
2022-05-22,eastus,Storage,630.0,739.0,13.5,99.86,1,119.6,1.3,3.9,0,0,96.65,1156.7302
2022-05-22,westeurope,Compute,1030.0,1360.0,86.25,99.88,1,98.92,1.79,5.46,0,0,78.61,663.62146
2022-05-22,westeurope,Storage,180.0,212.0,3.86,99.86,1,125.37,1.65,3.77,0,0,81.97,1140.174
2022-05-22,southeastasia,Compute,799.0,1016.0,65.45,99.98,1,132.78,4.03,5.14,0,0,70.02,818.36835
2022-05-22,southeastasia,Storage,598.0,,13.66,99.86,1,105.96,3.12,1.31,0,0,95.17,273.49365
2022-05-22,centralus,Compute,1305.0,,110.01,99.97,1,90.48,2.25,1.47,0,0,72.05,689.4451
2022-05-22,centralus,Storage,693.0,844.0,15.46,99.92,1,127.9,2.33,1.97,0,0,51.45,754.05585
2022-05-22,uksouth,Compute,387.0,509.0,,99.89,1,131.69,3.81,1.13,0,0,54.07,393.019
2022-05-22,uksouth,Storage,517.0,686.0,11.67,100.8,1,90.68,3.53,5.18,0,0,75.2,1170.9073
2022-05-23,eastus,Compute,2142.0,2784.0,177.66,99.9,0,107.08,2.95,2.97,0,0,57.95,397.32925
2022-05-23,eastus,Storage,517.0,706.0,11.25,99.9,0,134.91,2.79,4.93,0,0,54.24,205.37065
2022-05-23,westeurope,Compute,828.0,1060.0,,99.87,0,93.79,3.76,3.33,1,0,71.18,372.5019
2022-05-23,westeurope,Storage,369.0,490.0,7.75,99.88,0,113.02,2.26,5.03,0,0,78.15,235.38292
2022-05-23,southeastasia,Compute,1459.0,1681.0,118.03,99.91,0,96.4,1.72,3.88,0,0,77.32,330.60138
2022-05-23,southeastasia,Storage,746.0,957.0,17.0,99.86,0,111.33,2.98,5.23,0,0,70.33,1204.9453
2022-05-23,centralus,Compute,841.0,1052.0,74.86,99.92,0,133.49,1.85,5.48,1,0,71.15,1248.9429
2022-05-23,centralus,Storage,237.0,326.0,5.2,99.86,0,107.89,2.44,3.68,0,1,99.7,1129.4928
2022-05-23,uksouth,Compute,1454.0,2003.0,126.22,99.91,0,88.29,3.87,5.74,0,0,66.33,777.6454
2022-05-23,uksouth,Storage,515.0,,11.49,99.98,0,124.15,1.8,4.9,0,0,91.61,1197.4486
2022-05-24,eastus,Compute,1308.0,1810.0,109.15,99.87,0,88.69,3.64,4.87,0,0,97.71,528.8523
2022-05-24,eastus,Storage,421.0,523.0,9.25,99.91,0,117.53,2.38,5.8,0,0,96.02,450.12177
2022-05-24,westeurope,Compute,936.0,1096.0,81.46,100.8,0,109.02,4.42,2.39,0,0,94.71,1131.7477
2022-05-24,westeurope,Storage,473.0,636.0,10.82,99.88,0,116.27,2.49,5.94,0,0,69.09,376.6053
2022-05-24,southeastasia,Compute,1316.0,1693.0,110.17,99.91,0,101.76,2.31,3.48,0,0,63.95,640.6125
2022-05-24,southeastasia,Storage,284.0,328.0,,99.96,0,114.31,3.78,4.6,0,0,61.35,1088.241
2022-05-24,centralus,Compute,1605.0,,142.92,99.92,0,87.88,4.29,3.72,0,0,91.74,285.1212
2022-05-24,centralus,Storage,,4627.0,76.92,99.95,0,104.68,2.1,0.52,0,0,69.75,886.7396
2022-05-24,uksouth,Compute,383.0,500.0,30.97,99.92,0,117.21,4.23,2.6,0,0,96.35,754.5124
2022-05-24,uksouth,Storage,250.0,,5.49,99.94,0,113.6,4.46,5.04,0,0,60.72,911.0388
2022-05-25,eastus,Compute,1447.0,1731.0,124.53,99.95,0,109.38,1.33,4.11,0,0,91.5,1294.6511
2022-05-25,eastus,Storage,,1324.0,22.52,99.97,0,132.09,3.36,1.77,0,0,94.89,1063.3195
2022-05-25,westeurope,Compute,448.0,550.0,36.73,99.93,0,99.3,1.97,2.69,0,0,60.82,722.57623
2022-05-25,westeurope,Storage,,867.0,13.59,99.98,0,97.53,3.62,2.07,0,0,87.39,662.4704
2022-05-25,southeastasia,Compute,507.0,622.0,43.92,99.96,0,92.57,2.52,3.16,0,0,84.32,833.19476
2022-05-25,southeastasia,Storage,460.0,,10.24,99.87,0,88.83,3.39,5.52,0,0,94.01,573.5489
2022-05-25,centralus,Compute,782.0,986.0,63.55,99.96,0,86.75,3.51,0.63,0,0,75.71,567.1383
2022-05-25,centralus,Storage,921.0,1067.0,19.91,99.98,0,132.47,1.24,1.61,0,0,78.64,595.4219
2022-05-25,uksouth,Compute,1309.0,,115.34,99.85,0,118.98,3.01,1.43,0,0,64.69,1076.8026
2022-05-25,uksouth,Storage,1084.0,,23.53,99.94,0,130.5,3.81,3.6,0,0,76.33,378.49863
2022-05-26,eastus,Compute,1725.0,2301.0,147.31,99.98,0,94.16,3.2,1.66,0,0,86.12,367.28262
2022-05-26,eastus,Storage,372.0,458.0,8.22,99.98,0,112.02,3.53,2.47,0,0,72.99,556.5606
2022-05-26,westeurope,Compute,2108.0,2438.0,171.26,100.8,0,133.03,3.47,2.5,0,0,92.22,466.4203
2022-05-26,westeurope,Storage,743.0,958.0,16.81,99.97,0,90.26,2.38,4.02,1,0,76.4,644.58856
2022-05-26,southeastasia,Compute,1025.0,,88.08,99.85,0,134.49,2.4,5.16,0,0,89.88,830.6403
2022-05-26,southeastasia,Storage,733.0,,16.7,99.98,0,124.44,2.71,1.63,0,0,77.33,823.45667
2022-05-26,centralus,Compute,,2548.0,165.37,99.89,0,87.43,3.66,4.6,0,0,62.19,429.64285
2022-05-26,centralus,Storage,741.0,883.0,16.13,99.96,0,131.94,2.61,4.76,0,0,86.96,213.19089
2022-05-26,uksouth,Compute,,994.0,64.11,99.96,0,95.69,2.08,1.78,0,0,57.71,626.3118
2022-05-26,uksouth,Storage,236.0,275.0,5.4,99.91,0,117.99,4.37,1.05,0,0,74.98,1097.5393
2022-05-27,eastus,Compute,1399.0,,115.42,99.93,0,90.54,2.15,1.64,0,0,51.59,1309.9626
2022-05-27,eastus,Storage,1333.0,1659.0,27.87,99.94,0,106.27,1.62,2.13,0,0,73.12,1180.1665
2022-05-27,westeurope,Compute,1682.0,2184.0,147.28,99.89,0,95.5,3.79,4.27,0,0,78.18,556.57764
2022-05-27,westeurope,Storage,278.0,344.0,6.34,99.89,0,112.32,3.52,6.0,0,0,92.13,428.99664
2022-05-27,southeastasia,Compute,1260.0,1714.0,106.84,99.95,0,101.84,3.26,3.24,0,0,55.64,255.13821
2022-05-27,southeastasia,Storage,882.0,1104.0,18.48,99.93,0,89.8,3.95,4.64,0,0,94.87,1341.7301
2022-05-27,centralus,Compute,392.0,503.0,33.58,99.93,0,117.01,2.1,2.71,1,0,91.85,588.48346
2022-05-27,centralus,Storage,871.0,1056.0,18.96,99.99,0,97.24,2.44,2.16,0,0,68.93,618.3921
2022-05-27,uksouth,Compute,430.0,,37.0,99.91,0,131.78,2.49,2.72,0,0,68.72,531.0486
2022-05-27,uksouth,Storage,1075.0,1393.0,24.63,99.89,0,126.0,1.23,0.52,0,0,89.45,246.96982
2022-05-28,eastus,Compute,2036.0,2488.0,175.04,99.93,1,124.22,2.09,4.09,0,0,80.25,979.63824
2022-05-28,eastus,Storage,525.0,685.0,11.55,99.89,1,90.96,2.55,0.66,0,0,70.93,520.14703
2022-05-28,westeurope,Compute,952.0,1204.0,84.46,99.88,1,86.74,3.82,3.78,0,0,82.66,579.1884
2022-05-28,westeurope,Storage,781.0,1042.0,17.01,99.86,1,123.38,1.44,5.57,0,0,86.15,510.457
2022-05-28,southeastasia,Compute,4032.0,5401.0,352.46,99.98,1,103.81,2.87,2.5,0,0,66.98,1162.4478
2022-05-28,southeastasia,Storage,430.0,571.0,9.86,99.94,1,108.58,3.77,4.03,0,0,51.9,2242.7075
2022-05-28,centralus,Compute,913.0,1191.0,78.89,99.98,1,92.66,4.45,4.1,0,0,84.72,1719.0043
2022-05-28,centralus,Storage,174.0,224.0,3.66,99.87,1,94.05,3.29,3.89,0,0,68.56,846.78925
2022-05-28,uksouth,Compute,722.0,992.0,64.31,99.94,1,130.84,3.32,0.68,0,0,84.13,714.9301
2022-05-28,uksouth,Storage,577.0,756.0,12.61,99.89,1,101.72,2.33,5.78,0,0,59.99,386.89377
2022-05-29,eastus,Compute,524.0,631.0,45.05,99.97,1,119.81,2.01,4.07,0,0,58.91,1127.9641
2022-05-29,eastus,Storage,795.0,936.0,16.86,99.96,1,129.29,1.97,1.12,0,0,85.77,539.8295
2022-05-29,westeurope,Compute,839.0,,70.47,99.98,1,98.87,1.88,2.5,0,0,56.6,662.0291
2022-05-29,westeurope,Storage,1029.0,1259.0,22.78,99.89,1,88.65,3.61,2.14,0,0,90.13,799.8269
2022-05-29,southeastasia,Compute,793.0,980.0,67.29,99.96,1,88.38,1.92,3.04,0,0,64.92,703.38043
2022-05-29,southeastasia,Storage,1354.0,1607.0,29.62,99.87,1,118.11,1.72,5.47,0,0,92.55,543.41345
2022-05-29,centralus,Compute,,1081.0,77.89,99.9,1,106.95,3.83,1.02,0,0,75.3,449.04013
2022-05-29,centralus,Storage,431.0,532.0,9.32,99.85,1,117.57,2.97,3.03,0,0,50.48,597.9971
2022-05-29,uksouth,Compute,1063.0,1231.0,90.38,99.89,1,94.02,3.68,1.62,0,0,75.59,585.8536
2022-05-29,uksouth,Storage,415.0,535.0,9.21,99.92,1,121.94,3.63,2.85,0,0,69.07,456.8325
2022-05-30,eastus,Compute,1880.0,2271.0,156.04,99.88,0,94.79,1.63,5.64,0,0,62.31,808.6919
2022-05-30,eastus,Storage,223.0,258.0,4.83,99.93,0,101.43,1.29,2.94,0,0,80.98,710.25977
2022-05-30,westeurope,Compute,2181.0,2637.0,183.97,99.85,0,128.97,1.71,5.24,0,0,51.96,403.96234
2022-05-30,westeurope,Storage,217.0,,4.6,99.89,0,133.68,2.45,3.61,0,0,84.4,395.64453
2022-05-30,southeastasia,Compute,1620.0,1920.0,,99.93,0,96.88,3.44,3.2,0,0,55.79,237.63821
2022-05-30,southeastasia,Storage,982.0,1179.0,22.57,99.86,0,95.58,1.47,5.89,0,0,71.3,864.12726
2022-05-30,centralus,Compute,1520.0,2001.0,127.41,99.93,0,109.38,2.46,4.45,0,1,96.68,1459.7965
2022-05-30,centralus,Storage,951.0,1297.0,20.85,99.97,0,93.88,1.73,4.12,0,0,82.19,896.8643
2022-05-30,uksouth,Compute,804.0,1121.0,67.11,99.95,0,111.6,3.21,2.66,0,0,96.89,528.4166
2022-05-30,uksouth,Storage,995.0,1285.0,22.74,99.96,0,133.26,4.37,1.74,0,0,60.73,533.8439
2022-05-31,eastus,Compute,716.0,834.0,60.99,99.9,0,87.23,2.31,2.65,0,0,77.24,859.52246
2022-05-31,eastus,Storage,1055.0,1377.0,22.14,99.96,0,90.3,2.53,3.64,1,0,82.99,494.30905
2022-05-31,westeurope,Compute,720.0,985.0,60.95,99.88,0,128.27,2.58,4.63,0,0,90.49,629.8565
2022-05-31,westeurope,Storage,986.0,1141.0,20.93,99.93,0,92.88,3.63,0.7,0,0,62.78,1088.1093
2022-05-31,southeastasia,Compute,1265.0,1694.0,107.8,99.94,0,122.88,3.98,4.69,0,0,71.73,937.54224
2022-05-31,southeastasia,Storage,551.0,685.0,12.53,99.99,0,106.78,3.05,3.96,0,0,80.56,639.9738
2022-05-31,centralus,Compute,2096.0,2710.0,186.44,99.97,0,128.8,1.78,1.96,0,0,53.49,334.22772
2022-05-31,centralus,Storage,674.0,816.0,15.56,99.96,0,126.85,3.09,5.29,0,0,64.07,580.0178
2022-05-31,uksouth,Compute,1667.0,2142.0,139.25,99.95,0,106.95,2.15,1.34,0,0,78.44,940.5879
2022-05-31,uksouth,Storage,489.0,564.0,11.06,99.9,0,108.6,3.84,0.76,0,0,61.5,286.45697
2022-06-01,eastus,Compute,2099.0,2658.0,177.87,99.9,0,131.45,2.02,2.24,0,0,50.7,661.492
2022-06-01,eastus,Storage,1154.0,1473.0,25.46,99.97,0,104.03,4.2,2.93,0,0,95.38,252.3185
2022-06-01,westeurope,Compute,798.0,1054.0,66.52,99.87,0,106.14,4.38,2.76,0,0,50.61,588.8966
2022-06-01,westeurope,Storage,601.0,809.0,13.48,99.9,0,129.37,4.42,3.57,0,0,79.23,729.79
2022-06-01,southeastasia,Compute,,2998.0,203.77,99.93,0,115.08,3.21,2.63,0,0,73.81,1066.3024
2022-06-01,southeastasia,Storage,734.0,991.0,16.21,99.89,0,98.36,1.92,5.03,0,0,93.01,819.0497
2022-06-01,centralus,Compute,347.0,473.0,30.7,99.91,0,99.02,1.66,4.26,0,0,83.55,576.3687
2022-06-01,centralus,Storage,797.0,923.0,17.14,99.99,0,118.83,4.17,4.76,0,0,67.43,725.0411
2022-06-01,uksouth,Compute,1067.0,1287.0,,99.99,0,88.78,4.29,2.09,0,0,98.39,643.36707
2022-06-01,uksouth,Storage,206.0,282.0,4.36,99.86,0,115.14,1.61,3.28,0,0,80.87,680.7351
2022-06-02,eastus,Compute,1991.0,2505.0,166.57,99.98,0,97.12,2.76,5.66,0,0,80.42,607.4216
2022-06-02,eastus,Storage,908.0,1206.0,,99.87,0,131.61,2.69,4.54,0,0,65.14,1697.2484
2022-06-02,westeurope,Compute,364.0,507.0,30.55,99.87,0,127.65,2.25,3.79,0,0,86.62,649.3823
2022-06-02,westeurope,Storage,2673.0,,57.77,99.89,0,122.44,2.24,3.98,0,0,80.16,1548.7455
2022-06-02,southeastasia,Compute,1012.0,1405.0,86.71,99.95,0,101.87,2.46,4.54,0,0,89.49,851.4778
2022-06-02,southeastasia,Storage,539.0,690.0,12.31,99.93,0,115.81,4.2,4.43,0,0,81.65,873.19183
2022-06-02,centralus,Compute,1303.0,1701.0,105.61,99.85,0,101.02,1.85,4.97,0,0,66.28,680.84534
2022-06-02,centralus,Storage,843.0,1109.0,,99.89,0,120.08,2.48,0.5,0,0,61.13,255.49197
2022-06-02,uksouth,Compute,613.0,,51.66,99.94,0,130.73,1.32,1.84,0,0,71.49,641.23505
2022-06-02,uksouth,Storage,584.0,673.0,13.43,99.96,0,94.6,2.15,5.91,0,0,72.34,250.03996
2022-06-03,eastus,Compute,1717.0,2376.0,141.38,99.94,0,122.32,4.26,4.06,0,0,67.5,957.0229
2022-06-03,eastus,Storage,928.0,1105.0,19.42,99.94,0,105.31,2.24,5.92,0,0,58.87,571.55444
2022-06-03,westeurope,Compute,2137.0,2500.0,186.29,99.85,0,132.95,2.9,5.91,0,0,67.47,800.61664
2022-06-03,westeurope,Storage,608.0,738.0,13.85,99.9,0,85.84,2.49,4.1,0,0,52.84,590.45166
2022-06-03,southeastasia,Compute,1025.0,1420.0,84.56,99.9,0,86.26,3.72,5.53,0,0,56.11,1005.0618
2022-06-03,southeastasia,Storage,749.0,958.0,17.09,99.88,0,87.04,3.42,2.4,1,0,65.47,340.51056
2022-06-03,centralus,Compute,1180.0,1478.0,100.12,99.91,0,133.7,1.35,5.73,0,0,71.52,781.36273
2022-06-03,centralus,Storage,229.0,313.0,5.05,99.9,0,98.3,3.15,1.33,0,0,80.4,640.3388
2022-06-03,uksouth,Compute,1080.0,1350.0,96.09,99.94,0,121.43,2.34,4.18,0,0,85.74,730.0641
2022-06-03,uksouth,Storage,180.0,218.0,3.79,99.93,0,127.29,2.54,4.81,0,0,79.55,713.2272
2022-06-04,eastus,Compute,875.0,1158.0,75.89,99.95,1,104.64,2.5,1.9,0,0,54.66,435.43198
2022-06-04,eastus,Storage,605.0,825.0,13.85,99.91,1,127.34,1.72,0.62,0,0,99.43,610.98425
2022-06-04,westeurope,Compute,1710.0,2082.0,139.87,99.87,1,124.13,3.14,2.59,0,0,93.74,451.4918
2022-06-04,westeurope,Storage,878.0,1169.0,18.81,99.9,1,113.37,2.14,2.58,0,0,54.11,389.35187
2022-06-04,southeastasia,Compute,514.0,653.0,45.55,99.9,1,121.23,2.19,0.51,0,0,57.5,648.44934
2022-06-04,southeastasia,Storage,257.0,314.0,5.39,99.87,1,104.76,2.24,1.03,0,0,56.13,997.44116
2022-06-04,centralus,Compute,1489.0,1848.0,126.2,99.96,1,108.03,1.41,5.48,0,0,78.62,575.24866
2022-06-04,centralus,Storage,295.0,381.0,6.3,99.92,1,107.97,3.26,1.93,0,0,72.32,2064.676
2022-06-04,uksouth,Compute,1135.0,1528.0,99.72,99.93,1,112.72,3.29,2.92,0,0,98.06,825.46674
2022-06-04,uksouth,Storage,479.0,626.0,10.86,99.97,1,113.9,1.26,5.86,0,0,69.75,859.3943
2022-06-05,eastus,Compute,1737.0,2425.0,145.7,99.92,1,127.41,2.94,2.28,0,0,56.5,485.4233
2022-06-05,eastus,Storage,311.0,363.0,6.78,99.85,1,110.56,1.84,5.27,0,1,72.56,157.12862
2022-06-05,westeurope,Compute,828.0,1060.0,71.14,99.99,1,99.94,2.27,1.51,0,0,55.28,738.0566
2022-06-05,westeurope,Storage,904.0,1203.0,19.22,99.92,1,98.46,3.94,0.54,0,0,54.84,147.50328
2022-06-05,southeastasia,Compute,1169.0,1423.0,94.83,99.9,1,104.0,3.86,4.09,0,0,52.64,377.61154
2022-06-05,southeastasia,Storage,581.0,770.0,12.51,99.86,1,87.24,1.88,1.78,0,0,81.55,561.5523
2022-06-05,centralus,Compute,,953.0,67.65,99.9,1,111.29,1.97,0.76,0,0,59.1,241.16301
2022-06-05,centralus,Storage,357.0,470.0,7.66,99.96,1,97.8,1.7,2.42,0,0,82.4,604.74304
2022-06-05,uksouth,Compute,611.0,724.0,52.49,99.92,1,89.8,2.51,3.33,0,0,67.42,553.87146
2022-06-05,uksouth,Storage,639.0,781.0,14.54,100.8,1,109.92,4.42,5.71,0,0,66.28,597.745
2022-06-06,eastus,Compute,460.0,594.0,39.11,99.93,0,115.82,1.76,4.28,0,0,51.52,336.27185
2022-06-06,eastus,Storage,1184.0,1544.0,26.7,99.92,0,115.92,2.5,4.86,0,0,81.07,704.7548
2022-06-06,westeurope,Compute,1071.0,1432.0,92.08,99.91,0,115.91,2.33,0.66,0,0,81.32,736.7606
2022-06-06,westeurope,Storage,1086.0,1271.0,23.64,99.92,0,126.95,3.61,2.53,0,0,56.3,538.7122
2022-06-06,southeastasia,Compute,985.0,1325.0,85.1,99.95,0,109.08,3.4,0.94,0,0,57.44,206.82166
2022-06-06,southeastasia,Storage,484.0,,10.89,99.9,0,114.27,2.86,1.58,0,0,82.44,672.3877
2022-06-06,centralus,Compute,,1083.0,65.06,99.88,0,99.88,2.66,2.23,0,0,88.13,306.0773
2022-06-06,centralus,Storage,972.0,1312.0,21.33,99.96,0,110.28,2.45,4.33,0,0,73.04,516.47864
2022-06-06,uksouth,Compute,1456.0,1957.0,120.06,99.96,0,106.46,4.48,1.59,0,0,91.77,589.0036
2022-06-06,uksouth,Storage,778.0,,16.57,99.96,0,115.6,1.84,3.1,0,0,71.36,759.78796
2022-06-07,eastus,Compute,,1652.0,105.25,100.8,0,118.06,2.65,2.45,0,0,89.39,237.83829
2022-06-07,eastus,Storage,830.0,1071.0,18.91,99.98,0,117.44,3.59,3.52,0,0,95.41,278.35263
2022-06-07,westeurope,Compute,574.0,,48.13,99.95,0,93.94,2.4,2.1,0,0,77.44,537.7743
2022-06-07,westeurope,Storage,276.0,357.0,5.79,99.99,0,120.29,2.31,1.31,0,0,52.28,860.21515
2022-06-07,southeastasia,Compute,1112.0,1441.0,90.42,99.94,0,109.44,2.97,5.08,0,0,77.59,710.5207
2022-06-07,southeastasia,Storage,312.0,412.0,7.14,99.9,0,114.25,1.24,2.33,0,0,90.87,417.20557
2022-06-07,centralus,Compute,1937.0,2609.0,167.69,99.98,0,106.44,1.46,1.17,0,0,95.39,886.3351
2022-06-07,centralus,Storage,1173.0,1575.0,26.76,99.88,0,114.78,1.51,1.61,0,0,51.24,382.94803
2022-06-07,uksouth,Compute,731.0,976.0,62.96,99.95,0,125.32,3.39,2.3,0,0,50.86,320.48843
2022-06-07,uksouth,Storage,965.0,1280.0,22.28,99.95,0,86.72,3.93,2.07,0,0,63.43,281.01398
2022-06-08,eastus,Compute,,1733.0,107.54,99.95,0,87.27,3.04,0.89,0,0,90.36,275.43475
2022-06-08,eastus,Storage,778.0,1015.0,16.42,99.91,0,96.37,2.04,3.27,0,0,79.55,377.44086
2022-06-08,westeurope,Compute,1107.0,1542.0,94.66,99.89,0,96.5,3.22,3.38,1,0,85.21,542.3225
2022-06-08,westeurope,Storage,460.0,598.0,10.24,99.97,0,93.5,2.41,3.72,0,0,63.16,727.48663
2022-06-08,southeastasia,Compute,,629.0,47.73,99.86,0,132.64,3.39,5.68,0,0,74.41,428.38107
2022-06-08,southeastasia,Storage,668.0,896.0,14.25,99.94,0,124.73,4.14,3.08,0,0,84.41,700.30365
2022-06-08,centralus,Compute,1202.0,1401.0,105.19,99.94,0,100.75,1.74,0.72,0,0,62.36,237.55336
2022-06-08,centralus,Storage,870.0,1112.0,19.58,99.85,0,103.26,2.78,1.53,0,0,96.97,172.84244
2022-06-08,uksouth,Compute,1556.0,2033.0,136.02,99.97,0,120.73,2.93,2.0,0,0,81.04,434.79755
2022-06-08,uksouth,Storage,,432.0,7.5,99.95,0,118.09,3.93,4.27,0,0,87.19,722.4127
2022-06-09,eastus,Compute,829.0,965.0,67.7,99.92,0,111.36,1.33,5.04,0,0,65.94,400.94043
2022-06-09,eastus,Storage,963.0,1192.0,22.15,99.97,0,99.73,1.22,2.13,0,0,98.36,489.2745
2022-06-09,westeurope,Compute,1212.0,,98.2,99.86,0,127.28,3.35,5.77,0,0,78.1,697.2271
2022-06-09,westeurope,Storage,537.0,736.0,11.75,99.98,0,128.29,2.65,2.6,0,0,96.41,145.9654
2022-06-09,southeastasia,Compute,732.0,,62.29,99.94,0,118.54,2.4,4.61,0,0,82.85,469.9303
2022-06-09,southeastasia,Storage,577.0,666.0,13.06,99.89,0,127.69,3.85,4.14,0,0,72.24,543.34424
2022-06-09,centralus,Compute,1925.0,2224.0,159.36,99.93,0,120.88,4.11,4.03,0,0,88.0,1817.0829
2022-06-09,centralus,Storage,997.0,1289.0,22.09,99.98,0,111.31,1.65,3.65,0,0,51.56,397.48868
2022-06-09,uksouth,Compute,1675.0,2163.0,135.58,99.99,0,112.88,1.32,3.74,0,0,96.22,181.18541
2022-06-09,uksouth,Storage,846.0,1088.0,19.46,99.95,0,127.51,2.37,3.55,0,0,78.51,353.99646
2022-06-10,eastus,Compute,1205.0,1633.0,102.83,99.89,0,106.86,1.42,5.7,0,0,83.83,535.90295
2022-06-10,eastus,Storage,776.0,942.0,17.12,99.98,0,89.48,3.45,5.79,0,0,96.68,423.76553
2022-06-10,westeurope,Compute,1186.0,1512.0,102.13,99.87,0,86.93,1.65,2.07,0,0,72.79,357.2019
2022-06-10,westeurope,Storage,466.0,621.0,10.59,99.95,0,116.53,2.61,5.46,0,0,54.17,416.09274
2022-06-10,southeastasia,Compute,786.0,,64.27,99.96,0,96.14,4.48,1.42,0,0,66.11,764.2623
2022-06-10,southeastasia,Storage,604.0,,13.65,99.88,0,115.81,2.0,5.94,0,0,84.95,417.80984
2022-06-10,centralus,Compute,3300.0,,293.36,99.93,0,116.82,4.0,4.18,0,0,68.56,404.7355
2022-06-10,centralus,Storage,839.0,1084.0,18.1,99.9,0,120.74,2.41,1.75,0,0,59.03,539.811
2022-06-10,uksouth,Compute,316.0,413.0,27.1,99.98,0,129.91,4.4,4.17,0,0,63.54,760.657
2022-06-10,uksouth,Storage,304.0,422.0,6.61,99.91,0,118.29,3.87,3.94,0,0,73.97,426.33167
2022-06-11,eastus,Compute,1518.0,1920.0,126.52,99.88,1,95.65,2.55,5.95,1,0,59.42,1268.5596
2022-06-11,eastus,Storage,987.0,1247.0,,99.91,1,90.16,2.96,1.04,0,0,86.2,176.47322
2022-06-11,westeurope,Compute,1301.0,1701.0,115.64,99.9,1,115.91,4.1,2.97,0,0,56.83,359.06918
2022-06-11,westeurope,Storage,681.0,823.0,14.24,99.97,1,107.19,1.99,1.95,0,0,92.06,705.2095
2022-06-11,southeastasia,Compute,724.0,857.0,61.96,99.96,1,111.28,1.5,3.71,0,0,88.06,213.38243
2022-06-11,southeastasia,Storage,713.0,858.0,15.54,99.96,1,132.67,1.46,3.45,0,0,75.29,169.36024
2022-06-11,centralus,Compute,1179.0,1561.0,100.13,99.97,1,96.65,2.69,1.03,0,0,86.64,631.64
2022-06-11,centralus,Storage,2361.0,3087.0,51.33,99.92,1,126.81,2.85,4.09,0,0,81.91,610.41614
2022-06-11,uksouth,Compute,341.0,419.0,28.77,99.92,1,127.82,2.93,2.49,0,0,75.79,443.32468
2022-06-11,uksouth,Storage,574.0,762.0,12.94,99.91,1,90.5,2.08,1.93,0,0,71.67,639.89545
2022-06-12,eastus,Compute,621.0,799.0,52.5,99.96,1,97.17,4.11,3.59,0,0,90.88,279.2155
2022-06-12,eastus,Storage,395.0,490.0,8.67,99.91,1,121.28,3.17,2.12,0,0,67.63,288.9905
2022-06-12,westeurope,Compute,343.0,444.0,29.43,100.8,1,110.3,2.88,4.49,0,0,94.89,192.69461
2022-06-12,westeurope,Storage,742.0,856.0,16.53,99.87,1,123.52,4.06,5.7,0,0,67.61,542.1369
2022-06-12,southeastasia,Compute,1079.0,1405.0,88.69,99.98,1,95.03,4.47,0.54,0,0,50.7,556.5995
2022-06-12,southeastasia,Storage,598.0,791.0,12.78,99.95,1,114.82,2.41,2.91,0,0,82.09,585.26276
2022-06-12,centralus,Compute,1572.0,2065.0,129.01,99.89,1,104.66,2.12,1.75,0,0,78.27,245.36414
2022-06-12,centralus,Storage,488.0,599.0,10.35,99.86,1,87.24,1.73,0.67,0,0,68.44,717.08716
2022-06-12,uksouth,Compute,583.0,709.0,,99.9,1,109.0,4.39,1.83,0,0,61.05,345.19943
2022-06-12,uksouth,Storage,162.0,216.0,3.46,99.96,1,94.49,3.58,2.33,0,0,74.76,775.09247
2022-06-13,eastus,Compute,704.0,982.0,59.12,99.94,0,93.05,4.44,4.37,0,0,88.17,238.59834
2022-06-13,eastus,Storage,973.0,1134.0,20.64,99.97,0,105.51,3.23,3.41,0,0,77.77,162.32343
2022-06-13,westeurope,Compute,535.0,668.0,,99.94,0,131.09,1.79,2.13,0,0,51.13,212.47449
2022-06-13,westeurope,Storage,1040.0,1379.0,21.9,99.96,0,112.34,2.12,5.24,0,0,90.31,154.31804
2022-06-13,southeastasia,Compute,758.0,1048.0,64.65,99.95,0,129.82,1.68,1.76,0,0,75.63,442.5362
2022-06-13,southeastasia,Storage,557.0,650.0,,99.92,0,105.87,3.83,3.48,0,0,99.51,128.60678
2022-06-13,centralus,Compute,,2010.0,132.08,99.87,0,91.74,3.55,2.58,0,0,99.18,568.1389
2022-06-13,centralus,Storage,804.0,990.0,17.64,99.9,0,102.13,1.27,2.48,0,0,57.27,440.97986
2022-06-13,uksouth,Compute,814.0,1078.0,66.76,99.97,0,100.08,2.7,3.39,0,0,96.48,236.48991
2022-06-13,uksouth,Storage,421.0,484.0,,99.9,0,125.46,3.14,3.99,0,0,94.02,777.0519
2022-06-14,eastus,Compute,1628.0,1903.0,139.9,99.95,0,110.28,3.49,1.45,0,0,70.04,522.98047
2022-06-14,eastus,Storage,547.0,667.0,12.17,100.8,0,107.07,1.4,1.26,0,0,52.4,596.4424
2022-06-14,westeurope,Compute,1688.0,2019.0,144.27,99.95,0,130.2,4.12,3.3,0,0,73.41,446.7528
2022-06-14,westeurope,Storage,468.0,585.0,10.29,99.95,0,132.61,2.17,1.85,0,0,79.13,576.55
2022-06-14,southeastasia,Compute,413.0,548.0,36.13,99.92,0,127.85,3.0,2.76,0,0,86.7,582.04834
2022-06-14,southeastasia,Storage,804.0,996.0,17.08,99.95,0,133.01,3.32,3.89,0,0,86.48,596.77576
2022-06-14,centralus,Compute,,1422.0,,99.95,0,130.24,4.16,0.79,0,0,53.92,277.5971
2022-06-14,centralus,Storage,2661.0,3544.0,61.29,99.93,0,96.76,3.98,5.19,0,0,93.39,828.5119
2022-06-14,uksouth,Compute,1266.0,1570.0,109.13,99.89,0,124.74,1.96,1.37,0,0,59.13,1628.4152
2022-06-14,uksouth,Storage,165.0,223.0,3.76,99.87,0,120.29,1.68,4.82,0,0,72.75,676.80035
2022-06-15,eastus,Compute,1469.0,1852.0,119.19,99.9,0,122.82,2.42,4.43,0,0,78.19,377.24738
2022-06-15,eastus,Storage,248.0,335.0,5.32,99.98,0,131.37,1.86,1.95,0,0,85.49,379.3278
2022-06-15,westeurope,Compute,428.0,572.0,36.37,99.91,0,116.98,2.7,3.02,1,0,74.43,423.87546
2022-06-15,westeurope,Storage,1045.0,1352.0,22.18,99.89,0,103.07,1.67,0.75,0,1,53.07,855.5114
2022-06-15,southeastasia,Compute,1560.0,1887.0,133.5,99.97,0,94.63,3.54,0.84,0,0,95.71,446.9761
2022-06-15,southeastasia,Storage,856.0,1005.0,,99.87,0,128.09,2.98,5.33,0,0,84.03,173.79727
2022-06-15,centralus,Compute,1927.0,2528.0,169.97,99.9,0,114.5,4.07,1.68,0,0,73.68,362.749
2022-06-15,centralus,Storage,776.0,915.0,17.23,99.99,0,92.84,4.01,4.36,0,0,64.39,279.78925
2022-06-15,uksouth,Compute,1352.0,1828.0,115.7,99.99,0,132.65,3.36,3.06,0,0,57.89,322.37625
2022-06-15,uksouth,Storage,284.0,350.0,6.03,99.93,0,115.12,1.84,1.58,0,0,91.91,152.74069
2022-06-16,eastus,Compute,1878.0,2324.0,157.12,99.9,0,97.15,3.21,5.45,0,0,91.93,617.40436
2022-06-16,eastus,Storage,1274.0,1628.0,29.01,99.94,0,93.8,1.72,2.77,0,0,70.07,147.77386
2022-06-16,westeurope,Compute,847.0,1124.0,72.49,99.96,0,116.47,3.8,4.33,0,0,95.17,167.69377
2022-06-16,westeurope,Storage,,856.0,14.91,99.9,0,121.93,2.17,3.66,0,0,66.51,381.3796
2022-06-16,southeastasia,Compute,1429.0,1867.0,115.53,99.96,0,122.0,3.94,5.13,0,0,74.62,409.13416
2022-06-16,southeastasia,Storage,483.0,603.0,10.96,99.95,0,126.44,2.14,1.52,0,0,91.7,378.99036
2022-06-16,centralus,Compute,,2309.0,,99.94,0,102.52,4.48,3.6,0,0,92.64,274.02716
2022-06-16,centralus,Storage,211.0,257.0,4.83,99.92,0,104.61,3.59,5.5,1,0,80.54,601.94495
2022-06-16,uksouth,Compute,781.0,1006.0,,99.94,0,91.16,2.82,4.1,0,0,58.07,251.73143
2022-06-16,uksouth,Storage,211.0,290.0,4.79,99.99,0,105.41,2.29,0.66,0,0,90.77,530.0451
2022-06-17,eastus,Compute,1939.0,2343.0,167.73,99.91,0,90.73,3.56,1.7,0,0,82.66,633.10175
2022-06-17,eastus,Storage,661.0,835.0,13.86,99.98,0,106.54,1.87,3.56,0,0,77.29,285.93134
2022-06-17,westeurope,Compute,2100.0,,184.91,99.85,0,87.53,3.21,3.94,0,0,61.39,416.01822
2022-06-17,westeurope,Storage,786.0,994.0,16.58,99.99,0,112.58,3.51,2.74,0,0,58.32,147.60811
2022-06-17,southeastasia,Compute,1618.0,2181.0,131.51,99.86,0,99.92,2.9,2.73,0,0,97.64,203.10089
2022-06-17,southeastasia,Storage,912.0,1180.0,19.54,99.89,0,109.56,2.58,2.1,0,0,82.74,767.44507
2022-06-17,centralus,Compute,1009.0,1244.0,89.33,99.96,0,101.21,1.49,3.89,0,0,97.09,781.0723
2022-06-17,centralus,Storage,1060.0,1246.0,24.19,99.92,0,104.26,1.39,2.59,0,0,73.73,445.16376
2022-06-17,uksouth,Compute,422.0,581.0,37.51,99.87,0,90.96,4.29,2.13,0,0,63.78,623.8105
2022-06-17,uksouth,Storage,829.0,1120.0,17.82,99.97,0,87.75,4.31,3.58,0,0,89.1,644.6936
2022-06-18,eastus,Compute,3034.0,3860.0,248.45,99.96,1,104.03,2.94,0.66,0,0,88.34,570.4704
2022-06-18,eastus,Storage,257.0,352.0,5.74,99.9,1,115.9,3.1,2.67,0,0,78.7,246.99124
2022-06-18,westeurope,Compute,1611.0,2159.0,,99.86,1,103.42,4.12,4.65,0,0,53.83,446.7388
2022-06-18,westeurope,Storage,1524.0,1756.0,33.31,99.9,1,111.95,3.83,5.13,0,0,57.41,523.5586
2022-06-18,southeastasia,Compute,2260.0,2635.0,196.59,99.93,1,94.93,2.98,1.51,0,0,73.1,584.5621
2022-06-18,southeastasia,Storage,230.0,272.0,5.06,99.87,1,93.51,1.21,2.26,0,0,79.89,882.82196
2022-06-18,centralus,Compute,2910.0,3885.0,252.21,99.98,1,96.86,1.83,3.85,0,0,50.22,403.272
2022-06-18,centralus,Storage,731.0,901.0,16.83,99.9,1,91.99,2.51,3.22,0,0,76.84,278.87582
2022-06-18,uksouth,Compute,675.0,924.0,57.52,99.97,1,101.49,1.4,3.12,0,0,97.86,819.32324
2022-06-18,uksouth,Storage,680.0,940.0,15.46,99.93,1,118.77,3.26,4.16,0,0,79.63,466.50766
2022-06-19,eastus,Compute,1342.0,1699.0,116.36,99.95,1,118.11,3.01,5.35,0,0,92.23,305.099
2022-06-19,eastus,Storage,562.0,693.0,12.91,99.96,1,130.56,3.09,3.14,0,0,87.26,633.5931
2022-06-19,westeurope,Compute,693.0,870.0,58.4,99.91,1,89.11,4.14,5.28,0,0,87.56,668.4303
2022-06-19,westeurope,Storage,753.0,933.0,17.01,99.99,1,119.92,2.58,4.44,0,0,63.26,711.14844
2022-06-19,southeastasia,Compute,,1422.0,95.13,99.92,1,131.73,1.69,2.81,0,0,88.4,416.42957
2022-06-19,southeastasia,Storage,358.0,499.0,7.79,99.97,1,134.42,4.45,2.89,0,0,65.7,221.39941
2022-06-19,centralus,Compute,1651.0,2192.0,140.84,99.98,1,125.53,2.26,3.28,0,0,51.58,541.57996
2022-06-19,centralus,Storage,433.0,502.0,9.54,99.88,1,89.77,2.6,5.53,0,0,93.6,346.12277
2022-06-19,uksouth,Compute,626.0,720.0,55.76,99.91,1,110.87,1.84,3.86,0,0,89.4,353.75305
2022-06-19,uksouth,Storage,156.0,199.0,3.39,99.95,1,128.71,4.11,1.75,0,0,65.47,2067.1633
2022-06-20,eastus,Compute,2100.0,2442.0,176.24,99.95,0,101.35,3.28,4.13,0,0,71.63,282.8654
2022-06-20,eastus,Storage,1181.0,1631.0,24.96,99.86,0,128.97,3.51,2.82,0,0,52.0,353.19333
2022-06-20,westeurope,Compute,1220.0,1537.0,108.71,99.93,0,95.14,2.17,4.31,0,0,54.12,1096.991
2022-06-20,westeurope,Storage,435.0,589.0,9.85,99.95,0,88.85,3.83,5.56,0,0,99.42,700.83356
2022-06-20,southeastasia,Compute,686.0,,58.69,99.91,0,91.37,2.73,1.4,0,0,73.48,694.7868
2022-06-20,southeastasia,Storage,160.0,214.0,3.58,99.91,0,129.53,3.25,5.95,0,0,66.03,821.2343
2022-06-20,centralus,Compute,1007.0,1206.0,,99.88,0,110.97,3.41,4.9,0,0,50.98,430.1958
2022-06-20,centralus,Storage,1989.0,2459.0,42.21,99.93,0,104.19,1.51,2.7,0,0,68.22,173.55952
2022-06-20,uksouth,Compute,868.0,1047.0,71.51,99.93,0,122.05,2.25,1.08,0,0,58.32,578.132
2022-06-20,uksouth,Storage,546.0,763.0,11.94,99.88,0,123.86,4.26,4.99,0,0,53.22,1857.7716
2022-06-21,eastus,Compute,1297.0,1547.0,105.47,99.94,0,108.17,3.94,1.04,0,0,88.29,480.09677
2022-06-21,eastus,Storage,782.0,1093.0,17.08,99.87,0,108.6,1.98,3.59,0,0,92.99,518.39276
2022-06-21,westeurope,Compute,1052.0,1318.0,90.57,99.96,0,119.25,3.42,1.32,0,0,85.97,654.33527
2022-06-21,westeurope,Storage,421.0,537.0,8.85,99.88,0,89.49,2.53,5.01,0,0,52.01,821.2399
2022-06-21,southeastasia,Compute,504.0,,42.67,99.97,0,117.97,1.4,5.77,0,0,81.81,853.8497
2022-06-21,southeastasia,Storage,729.0,902.0,15.63,99.86,0,111.73,4.13,3.33,0,0,72.41,571.62744
2022-06-21,centralus,Compute,904.0,1087.0,80.18,99.96,0,87.78,4.5,4.32,0,0,84.62,571.59076
2022-06-21,centralus,Storage,635.0,847.0,14.51,99.88,0,89.26,2.24,4.12,0,0,87.22,866.6986
2022-06-21,uksouth,Compute,1468.0,2040.0,128.13,99.88,0,104.21,3.0,3.87,0,0,88.38,632.1197
2022-06-21,uksouth,Storage,589.0,787.0,13.32,99.98,0,98.32,2.08,5.39,0,0,53.16,547.0966
2022-06-22,eastus,Compute,396.0,,32.31,99.9,0,109.08,3.41,3.22,0,0,51.98,670.5886
2022-06-22,eastus,Storage,1073.0,1319.0,23.21,99.97,0,117.39,3.54,4.0,0,0,99.45,476.56815
2022-06-22,westeurope,Compute,1388.0,1850.0,118.19,99.85,0,110.85,1.53,4.12,0,1,60.23,829.8026
2022-06-22,westeurope,Storage,1000.0,1274.0,21.59,99.98,0,111.83,3.5,0.96,0,0,65.46,281.6582
2022-06-22,southeastasia,Compute,1410.0,1624.0,123.42,99.93,0,134.3,3.15,0.8,0,0,92.06,556.67645
2022-06-22,southeastasia,Storage,267.0,364.0,5.93,99.86,0,125.23,2.67,4.71,1,0,58.54,909.0114
2022-06-22,centralus,Compute,504.0,651.0,41.06,99.93,0,119.33,1.93,2.67,0,0,68.75,2211.8152
2022-06-22,centralus,Storage,1089.0,,23.15,100.8,0,110.4,1.53,2.5,0,0,92.15,355.23502
2022-06-22,uksouth,Compute,1259.0,1496.0,112.11,99.88,0,120.88,1.67,2.31,0,0,72.5,737.5245
2022-06-22,uksouth,Storage,,3264.0,52.19,99.97,0,94.26,1.94,4.14,0,0,56.41,741.3492
2022-06-23,eastus,Compute,1693.0,2355.0,140.52,99.89,0,131.02,4.4,2.07,0,0,96.48,641.49603
2022-06-23,eastus,Storage,1042.0,1311.0,23.85,99.93,0,113.31,2.06,3.84,0,0,99.53,612.98047
2022-06-23,westeurope,Compute,1351.0,1821.0,109.41,99.96,0,100.0,1.62,1.12,0,0,83.31,432.0718
2022-06-23,westeurope,Storage,1128.0,1445.0,23.74,99.91,0,118.31,4.39,2.84,0,0,87.21,944.3774
2022-06-23,southeastasia,Compute,1597.0,2143.0,136.4,99.93,0,89.41,2.56,3.5,0,0,95.33,818.6326
2022-06-23,southeastasia,Storage,476.0,666.0,10.4,99.87,0,105.09,3.65,5.16,0,0,92.24,891.958
2022-06-23,centralus,Compute,869.0,1176.0,74.43,99.85,0,87.06,4.43,1.3,0,0,59.75,339.00043
2022-06-23,centralus,Storage,645.0,885.0,13.9,99.95,0,124.0,4.38,3.24,0,0,83.91,710.66046
2022-06-23,uksouth,Compute,1522.0,,124.66,99.88,0,97.25,3.61,0.99,0,0,77.83,914.3429
2022-06-23,uksouth,Storage,467.0,616.0,10.72,99.96,0,117.19,1.59,2.56,0,0,87.48,910.57166
2022-06-24,eastus,Compute,1196.0,1527.0,98.1,99.9,0,91.85,3.59,1.38,0,0,72.97,946.52924
2022-06-24,eastus,Storage,317.0,416.0,7.22,99.89,0,117.08,1.37,3.14,0,0,67.73,1107.6937
2022-06-24,westeurope,Compute,1140.0,,94.35,99.9,0,124.68,3.64,5.59,0,1,84.96,679.61725
2022-06-24,westeurope,Storage,1020.0,1257.0,22.63,99.95,0,104.37,2.84,3.0,1,0,79.37,382.49954
2022-06-24,southeastasia,Compute,1546.0,1858.0,132.78,99.91,0,123.71,3.2,3.22,0,0,61.0,919.9835
2022-06-24,southeastasia,Storage,349.0,405.0,7.67,99.92,0,93.1,3.96,4.88,0,0,55.02,355.77667
2022-06-24,centralus,Compute,,2123.0,138.04,99.89,0,112.54,3.27,3.15,0,0,92.53,224.38841
2022-06-24,centralus,Storage,948.0,1181.0,21.38,99.98,0,86.49,2.41,1.73,0,0,60.32,706.6767
2022-06-24,uksouth,Compute,776.0,926.0,65.52,99.94,0,86.3,2.54,1.35,0,0,76.24,824.5236
2022-06-24,uksouth,Storage,279.0,329.0,6.16,99.94,0,134.89,4.42,5.82,0,0,72.77,345.40784
2022-06-25,eastus,Compute,612.0,820.0,,99.96,1,106.99,4.02,4.56,0,0,64.17,812.0627
2022-06-25,eastus,Storage,498.0,586.0,11.2,99.87,1,108.39,2.38,3.53,0,0,75.78,587.3712
2022-06-25,westeurope,Compute,1683.0,2298.0,140.64,99.89,1,122.17,2.39,5.16,0,0,52.26,996.6872
2022-06-25,westeurope,Storage,750.0,1015.0,17.27,99.91,1,126.24,3.51,5.82,0,0,85.66,639.7273
2022-06-25,southeastasia,Compute,697.0,863.0,,99.96,1,107.2,3.77,4.62,0,0,59.78,595.3056
2022-06-25,southeastasia,Storage,439.0,528.0,9.66,99.97,1,128.1,3.23,5.6,0,0,72.7,691.6
2022-06-25,centralus,Compute,,798.0,54.92,99.98,1,122.2,2.22,3.59,0,0,84.08,737.28754
2022-06-25,centralus,Storage,381.0,442.0,8.43,99.89,1,91.68,3.75,1.7,0,0,79.34,359.8684
2022-06-25,uksouth,Compute,1524.0,2033.0,123.47,99.89,1,98.37,4.33,1.52,0,0,59.88,1081.8989
2022-06-25,uksouth,Storage,317.0,426.0,7.15,99.93,1,100.61,3.66,1.64,0,0,91.11,847.4036
2022-06-26,eastus,Compute,1858.0,2291.0,150.49,99.87,1,107.29,3.9,4.76,0,0,69.46,1121.9696
2022-06-26,eastus,Storage,972.0,1249.0,20.5,99.92,1,91.34,1.47,1.55,0,0,82.26,1112.6471
2022-06-26,westeurope,Compute,1034.0,1298.0,85.72,99.96,1,134.29,2.05,0.81,0,0,97.98,378.2097
2022-06-26,westeurope,Storage,608.0,774.0,12.82,99.89,1,91.3,1.94,1.08,0,0,72.19,529.152
2022-06-26,southeastasia,Compute,1100.0,1446.0,93.12,99.9,1,98.23,1.42,3.36,0,0,86.18,720.2811
2022-06-26,southeastasia,Storage,717.0,986.0,15.05,99.91,1,132.39,2.02,5.68,0,0,78.18,458.88098
2022-06-26,centralus,Compute,1952.0,2623.0,168.08,99.99,1,119.28,4.42,0.82,0,0,69.24,277.215
2022-06-26,centralus,Storage,173.0,209.0,3.98,99.93,1,86.67,2.53,5.81,0,0,78.76,1018.5413
2022-06-26,uksouth,Compute,1291.0,1514.0,109.05,99.85,1,102.34,3.51,1.0,0,0,55.25,624.30457
2022-06-26,uksouth,Storage,140.0,184.0,2.99,99.93,1,130.27,2.37,1.66,0,0,62.69,281.3113
2022-06-27,eastus,Compute,1956.0,2294.0,163.04,99.91,0,109.9,2.99,2.15,0,0,78.89,934.2064
2022-06-27,eastus,Storage,494.0,651.0,10.86,99.96,0,109.71,1.57,1.14,0,0,90.8,851.1551
2022-06-27,westeurope,Compute,1795.0,2358.0,147.37,99.95,0,119.5,2.99,3.61,0,0,54.33,881.1988
2022-06-27,westeurope,Storage,470.0,548.0,10.53,99.86,0,97.53,2.37,4.57,0,0,80.84,328.6623
2022-06-27,southeastasia,Compute,1756.0,2238.0,152.38,99.88,0,123.05,3.58,5.47,1,0,83.96,284.77173
2022-06-27,southeastasia,Storage,444.0,510.0,,99.98,0,94.96,3.31,4.04,0,0,73.1,844.3343
2022-06-27,centralus,Compute,,2411.0,151.22,99.98,0,106.46,3.89,2.64,0,0,57.05,834.7379
2022-06-27,centralus,Storage,1078.0,1324.0,23.07,99.91,0,86.21,4.23,2.63,0,0,54.03,463.15063
2022-06-27,uksouth,Compute,642.0,795.0,,99.94,0,120.65,2.12,0.5,0,0,56.16,1037.2534
2022-06-27,uksouth,Storage,848.0,1061.0,18.95,99.88,0,133.27,1.61,3.14,0,0,96.13,372.5001
2022-06-28,eastus,Compute,617.0,718.0,51.02,99.89,0,104.33,3.85,2.63,0,0,53.97,351.75977
2022-06-28,eastus,Storage,239.0,326.0,5.16,99.9,0,88.7,4.12,1.46,0,0,64.06,591.9682
2022-06-28,westeurope,Compute,3465.0,,287.03,99.87,0,121.85,4.22,1.09,0,0,50.75,708.57385
2022-06-28,westeurope,Storage,490.0,579.0,10.24,99.98,0,112.74,4.26,2.34,0,0,85.3,829.3011
2022-06-28,southeastasia,Compute,1574.0,1898.0,139.79,99.96,0,133.11,2.05,5.1,0,0,97.32,1067.008
2022-06-28,southeastasia,Storage,844.0,1037.0,17.92,99.85,0,133.51,4.31,3.16,0,0,53.44,614.28436
2022-06-28,centralus,Compute,1907.0,2237.0,164.64,99.92,0,86.5,4.4,4.11,0,0,82.9,1135.7797
2022-06-28,centralus,Storage,981.0,1237.0,21.24,99.92,0,106.46,3.33,5.65,0,0,92.64,245.81294
2022-06-28,uksouth,Compute,414.0,,36.68,99.94,0,90.29,4.15,4.86,0,0,89.95,296.43118
2022-06-28,uksouth,Storage,647.0,793.0,13.93,99.89,0,118.4,4.35,2.31,0,0,71.62,1196.6724
2022-06-29,eastus,Compute,1586.0,2006.0,131.94,99.9,0,86.45,4.44,3.94,0,0,76.97,1315.0079
2022-06-29,eastus,Storage,343.0,421.0,7.73,99.95,0,110.01,1.35,0.92,0,0,83.91,635.7851
2022-06-29,westeurope,Compute,1186.0,1540.0,105.14,99.91,0,134.16,2.18,1.82,0,0,81.32,961.4133
2022-06-29,westeurope,Storage,201.0,261.0,4.32,99.9,0,112.66,4.31,4.03,0,1,99.08,1307.792
2022-06-29,southeastasia,Compute,1295.0,1777.0,106.48,99.98,0,111.14,3.56,1.11,0,0,63.31,1101.8507
2022-06-29,southeastasia,Storage,350.0,407.0,7.39,99.94,0,88.55,3.16,1.71,0,0,62.43,1386.8636
2022-06-29,centralus,Compute,1917.0,2237.0,167.7,99.95,0,130.1,1.98,3.01,0,0,76.11,290.84296
2022-06-29,centralus,Storage,793.0,978.0,17.39,99.98,0,104.23,2.53,3.85,0,0,50.99,1278.8413
2022-06-29,uksouth,Compute,1200.0,1583.0,104.17,99.99,0,112.07,2.1,4.26,0,0,66.3,685.3297
2022-06-29,uksouth,Storage,627.0,809.0,14.14,99.86,0,127.75,3.83,4.76,1,0,52.71,629.8811
2022-06-30,eastus,Compute,1777.0,2059.0,154.76,99.94,0,97.48,2.87,1.21,0,0,81.3,1121.746
2022-06-30,eastus,Storage,217.0,251.0,4.71,99.97,0,123.05,1.93,2.77,0,0,79.91,299.99536
2022-06-30,westeurope,Compute,1990.0,2381.0,166.31,99.93,0,121.32,2.79,3.39,0,0,96.44,1271.6016
2022-06-30,westeurope,Storage,1632.0,1887.0,37.15,99.98,0,118.11,2.89,4.49,0,0,85.95,552.71454
2022-06-30,southeastasia,Compute,,1030.0,66.75,99.9,0,127.88,1.33,1.33,0,0,99.85,715.2604
2022-06-30,southeastasia,Storage,566.0,657.0,12.29,99.88,0,89.97,1.97,1.55,0,0,61.55,359.14578
2022-06-30,centralus,Compute,801.0,1005.0,67.7,99.91,0,101.33,2.14,5.35,0,0,78.59,546.3197
2022-06-30,centralus,Storage,763.0,998.0,16.34,99.97,0,121.61,3.65,5.98,0,0,97.57,1244.1846
2022-06-30,uksouth,Compute,,2227.0,143.7,99.97,0,123.12,3.58,5.98,0,0,77.57,1148.3884
2022-06-30,uksouth,Storage,924.0,1278.0,19.64,99.85,0,106.92,3.61,5.88,0,0,51.32,360.387
2022-07-01,eastus,Compute,1038.0,1448.0,92.61,99.92,0,133.19,2.51,0.64,0,0,50.69,1269.5211
2022-07-01,eastus,Storage,641.0,816.0,,100.8,0,118.84,3.63,1.84,0,0,69.0,1175.7034
2022-07-01,westeurope,Compute,1786.0,2270.0,157.06,99.94,0,125.07,3.8,1.55,0,0,79.17,328.91595
2022-07-01,westeurope,Storage,,205.0,3.62,99.97,0,94.11,3.73,1.76,0,0,95.55,420.6834
2022-07-01,southeastasia,Compute,812.0,945.0,71.45,99.95,0,119.93,2.32,2.59,0,0,88.69,587.0274
2022-07-01,southeastasia,Storage,348.0,413.0,7.38,99.91,0,97.32,2.89,2.62,0,0,57.52,1297.7477
2022-07-01,centralus,Compute,1433.0,1652.0,126.7,99.93,0,128.43,4.11,2.95,0,0,72.47,321.5008
2022-07-01,centralus,Storage,436.0,598.0,9.89,99.96,0,113.64,1.29,0.98,0,0,78.37,286.94382
2022-07-01,uksouth,Compute,1096.0,1326.0,92.79,99.92,0,93.88,4.09,3.39,0,0,58.62,655.5293
2022-07-01,uksouth,Storage,394.0,489.0,8.7,99.91,0,99.21,4.18,1.52,0,0,76.93,1114.4762
2022-07-02,eastus,Compute,1330.0,1814.0,116.27,99.97,1,98.83,2.74,3.03,0,0,79.92,210.99852
2022-07-02,eastus,Storage,421.0,565.0,9.21,99.85,1,120.51,4.12,3.33,0,0,61.03,648.6363
2022-07-02,westeurope,Compute,1212.0,1675.0,103.24,99.88,1,98.3,2.47,3.93,0,0,78.24,1073.7156
2022-07-02,westeurope,Storage,572.0,797.0,13.04,99.86,1,121.29,2.31,4.25,0,0,92.65,1233.9532
2022-07-02,southeastasia,Compute,672.0,839.0,56.55,99.91,1,89.9,4.42,1.26,0,0,53.73,333.89313
2022-07-02,southeastasia,Storage,276.0,383.0,6.24,99.89,1,117.07,3.42,5.99,0,0,57.78,842.23047
2022-07-02,centralus,Compute,1243.0,1588.0,102.9,99.98,1,134.08,3.89,2.23,0,0,94.54,362.33258
2022-07-02,centralus,Storage,499.0,650.0,11.53,99.94,1,103.62,2.29,5.62,0,0,67.67,788.9084
2022-07-02,uksouth,Compute,1126.0,1497.0,96.18,99.89,1,134.96,3.15,4.25,0,0,50.48,400.28992
2022-07-02,uksouth,Storage,584.0,731.0,,99.88,1,119.6,1.87,0.8,0,0,88.06,2189.2449
2022-07-03,eastus,Compute,1206.0,1625.0,99.58,99.9,1,128.73,1.37,3.32,0,0,64.09,757.1058
2022-07-03,eastus,Storage,525.0,678.0,11.09,99.88,1,134.94,1.85,3.86,0,0,87.76,944.4304
2022-07-03,westeurope,Compute,1224.0,1669.0,105.62,99.86,1,107.03,3.38,5.88,0,0,80.8,597.85
2022-07-03,westeurope,Storage,624.0,746.0,13.49,99.97,1,103.41,3.59,0.96,0,0,98.9,305.34186
2022-07-03,southeastasia,Compute,629.0,830.0,54.35,99.89,1,96.72,1.54,0.78,0,0,54.44,923.6566
2022-07-03,southeastasia,Storage,130.0,152.0,2.93,99.97,1,130.18,3.09,4.64,0,0,58.21,1054.584
2022-07-03,centralus,Compute,1389.0,1689.0,122.02,99.93,1,92.78,1.88,3.08,0,0,83.17,1331.9387
2022-07-03,centralus,Storage,671.0,831.0,15.35,99.9,1,119.47,3.17,0.79,0,0,68.54,552.39435
2022-07-03,uksouth,Compute,478.0,607.0,42.33,99.91,1,96.16,1.74,3.01,0,0,75.63,1107.8152
2022-07-03,uksouth,Storage,131.0,156.0,2.93,100.8,1,117.63,2.57,1.05,0,0,70.35,314.9397
2022-07-04,eastus,Compute,1044.0,1272.0,93.01,99.97,0,100.83,2.21,1.07,0,0,78.63,240.25165
2022-07-04,eastus,Storage,374.0,484.0,7.94,99.89,0,109.12,3.48,1.83,0,0,72.44,930.1869
2022-07-04,westeurope,Compute,1644.0,2043.0,144.23,99.9,0,103.67,3.77,3.19,0,0,62.03,586.08875
2022-07-04,westeurope,Storage,1947.0,2661.0,43.58,99.94,0,114.88,1.87,2.86,0,0,50.93,265.07056
2022-07-04,southeastasia,Compute,,1358.0,100.41,99.95,0,109.21,4.2,0.66,0,0,81.41,924.2346
2022-07-04,southeastasia,Storage,548.0,,11.5,99.91,0,120.92,1.87,4.06,0,0,80.03,1217.9172
2022-07-04,centralus,Compute,301.0,369.0,26.01,99.93,0,104.63,1.8,3.81,0,0,80.53,659.1094
2022-07-04,centralus,Storage,663.0,839.0,13.86,99.91,0,90.29,1.28,5.03,0,0,76.96,310.48486
2022-07-04,uksouth,Compute,1176.0,1473.0,103.6,99.9,0,133.22,1.77,1.83,0,0,86.58,850.87164
2022-07-04,uksouth,Storage,600.0,755.0,13.06,99.92,0,111.43,3.48,4.41,0,0,68.68,921.51666
2022-07-05,eastus,Compute,522.0,709.0,42.68,99.87,0,89.01,4.0,0.94,0,0,66.44,442.7451
2022-07-05,eastus,Storage,658.0,918.0,14.36,99.88,0,111.08,3.34,2.23,0,0,94.85,778.5348
2022-07-05,westeurope,Compute,526.0,,44.24,99.86,0,123.1,2.41,5.34,0,0,99.43,1237.9198
2022-07-05,westeurope,Storage,349.0,422.0,7.75,99.95,0,130.25,3.21,2.99,0,0,84.45,1234.4218
2022-07-05,southeastasia,Compute,655.0,823.0,53.29,99.98,0,115.57,1.58,3.31,0,0,80.34,904.5623
2022-07-05,southeastasia,Storage,623.0,762.0,13.87,99.88,0,95.95,1.42,4.61,0,0,77.81,839.94965
2022-07-05,centralus,Compute,1336.0,1542.0,114.79,99.92,0,94.8,4.49,5.43,0,0,65.83,1165.6079
2022-07-05,centralus,Storage,696.0,862.0,15.78,99.92,0,104.83,4.3,3.31,0,0,63.06,687.9913
2022-07-05,uksouth,Compute,308.0,395.0,25.49,99.97,0,121.05,3.84,5.69,0,0,64.55,918.92804
2022-07-05,uksouth,Storage,686.0,941.0,15.83,99.93,0,123.73,4.03,4.36,0,0,53.55,892.91455
2022-07-06,eastus,Compute,434.0,581.0,37.2,99.86,0,89.22,1.87,1.29,0,0,80.12,981.4421
2022-07-06,eastus,Storage,1056.0,1408.0,24.24,99.88,0,134.73,3.75,4.5,0,0,82.7,754.5537
2022-07-06,westeurope,Compute,901.0,1137.0,79.25,99.94,0,93.97,1.9,0.54,0,0,97.5,288.40173
2022-07-06,westeurope,Storage,962.0,1290.0,21.65,100.8,0,115.19,2.95,5.9,0,0,92.54,194.57994
2022-07-06,southeastasia,Compute,648.0,752.0,56.74,99.97,0,129.67,1.81,1.18,0,0,80.31,356.33536
2022-07-06,southeastasia,Storage,370.0,437.0,7.78,99.86,0,106.6,2.26,4.39,0,0,76.53,1179.2279
2022-07-06,centralus,Compute,1668.0,2026.0,135.91,99.89,0,89.62,2.88,2.91,0,0,81.31,1194.3796
2022-07-06,centralus,Storage,721.0,961.0,15.17,99.93,0,132.64,2.06,5.5,0,0,87.71,1141.6145
2022-07-06,uksouth,Compute,1144.0,1394.0,100.24,99.98,0,119.21,1.55,3.38,0,0,99.56,695.56696
2022-07-06,uksouth,Storage,721.0,907.0,15.92,99.89,0,93.15,2.79,3.05,0,0,80.19,686.1267
2022-07-07,eastus,Compute,1765.0,2382.0,151.46,99.92,0,126.91,4.45,1.5,0,0,52.14,735.7955
2022-07-07,eastus,Storage,337.0,394.0,7.59,100.8,0,116.19,3.5,2.27,0,0,93.45,544.7747
2022-07-07,westeurope,Compute,1619.0,2237.0,143.14,99.86,0,98.43,1.71,3.44,0,0,87.9,402.28455
2022-07-07,westeurope,Storage,590.0,741.0,13.36,99.88,0,132.44,3.1,4.68,0,0,95.05,1022.83856
2022-07-07,southeastasia,Compute,756.0,1054.0,64.41,99.86,0,134.86,3.66,5.11,0,0,75.75,450.5159
2022-07-07,southeastasia,Storage,563.0,663.0,12.65,99.88,0,105.72,1.31,1.25,0,0,94.98,580.74536
2022-07-07,centralus,Compute,1127.0,1349.0,,100.8,0,119.19,4.36,5.25,0,0,74.95,760.1544
2022-07-07,centralus,Storage,734.0,886.0,16.42,99.92,0,100.12,3.06,1.19,0,0,60.83,829.19763
2022-07-07,uksouth,Compute,723.0,839.0,59.62,99.96,0,120.47,2.15,0.84,0,0,59.79,418.95795
2022-07-07,uksouth,Storage,278.0,364.0,6.26,99.96,0,134.74,3.85,4.11,0,0,98.66,727.0558
2022-07-08,eastus,Compute,1923.0,2422.0,164.65,99.95,0,123.65,4.24,2.85,0,0,70.79,597.1199
2022-07-08,eastus,Storage,966.0,1270.0,22.06,99.86,0,99.78,3.48,0.69,0,0,83.47,900.35516
2022-07-08,westeurope,Compute,340.0,,28.15,99.96,0,89.21,2.93,1.65,0,0,74.98,865.34515
2022-07-08,westeurope,Storage,429.0,595.0,9.03,99.94,0,87.12,3.34,1.15,0,0,51.12,556.8734
2022-07-08,southeastasia,Compute,1287.0,1639.0,110.52,99.94,0,129.22,3.73,3.66,0,0,65.01,171.62326
2022-07-08,southeastasia,Storage,426.0,564.0,9.43,99.93,0,101.55,2.72,0.93,0,0,97.66,372.89
2022-07-08,centralus,Compute,1727.0,2247.0,142.18,99.95,0,88.53,2.14,4.18,0,0,91.59,711.4473
2022-07-08,centralus,Storage,522.0,718.0,11.51,99.99,0,134.19,3.18,5.33,0,0,82.85,719.0664
2022-07-08,uksouth,Compute,1076.0,1399.0,95.35,99.88,0,109.69,4.12,0.93,0,0,81.65,310.6164
2022-07-08,uksouth,Storage,885.0,1119.0,,99.88,0,100.03,3.22,5.7,0,0,68.34,496.66833
2022-07-09,eastus,Compute,655.0,885.0,55.43,100.8,1,134.44,1.44,0.75,0,0,56.55,200.37491
2022-07-09,eastus,Storage,1926.0,2366.0,41.04,99.98,1,118.47,4.21,5.85,0,0,59.69,597.0395
2022-07-09,westeurope,Compute,1170.0,,,99.88,1,105.67,4.03,4.73,0,0,95.16,621.48114
2022-07-09,westeurope,Storage,264.0,335.0,5.6,99.97,1,99.21,3.78,4.19,0,0,61.04,921.6069
2022-07-09,southeastasia,Compute,,,57.18,99.9,1,122.73,2.65,4.82,0,0,93.12,1798.1947
2022-07-09,southeastasia,Storage,272.0,,5.92,99.94,1,94.28,3.92,1.49,0,0,91.88,567.0452
2022-07-09,centralus,Compute,1352.0,1649.0,109.34,99.87,1,128.87,3.96,2.12,0,0,96.89,718.4725
2022-07-09,centralus,Storage,560.0,665.0,12.06,99.92,1,91.07,1.21,5.55,0,0,84.92,696.97864
2022-07-09,uksouth,Compute,,748.0,,99.98,1,113.68,2.88,5.12,0,0,96.36,882.1992
2022-07-09,uksouth,Storage,580.0,,12.57,99.91,1,101.4,2.54,5.02,0,0,89.34,633.36743
2022-07-10,eastus,Compute,1727.0,2033.0,149.06,99.93,1,108.64,2.12,2.72,0,0,86.94,272.32318
2022-07-10,eastus,Storage,202.0,245.0,4.41,99.97,1,123.55,3.89,3.35,0,0,57.83,832.55316
2022-07-10,westeurope,Compute,1065.0,1305.0,88.45,99.85,1,111.02,4.46,4.98,0,0,74.07,564.26556
2022-07-10,westeurope,Storage,874.0,1122.0,19.87,99.9,1,97.62,2.12,5.72,0,1,89.08,160.57094
2022-07-10,southeastasia,Compute,949.0,1178.0,81.6,99.91,1,110.15,3.5,3.07,0,0,67.81,755.5652
2022-07-10,southeastasia,Storage,601.0,782.0,12.85,100.8,1,123.27,2.38,4.91,0,0,51.69,657.7824
2022-07-10,centralus,Compute,899.0,1254.0,74.75,99.91,1,88.15,4.08,3.63,0,0,97.34,384.24927
2022-07-10,centralus,Storage,732.0,855.0,16.26,99.88,1,98.2,4.08,1.13,0,0,59.54,243.54076
2022-07-10,uksouth,Compute,,1158.0,70.49,99.97,1,131.87,2.11,2.33,0,0,83.66,811.2147
2022-07-10,uksouth,Storage,1332.0,1675.0,29.47,99.93,1,127.81,2.22,5.02,0,0,64.76,634.9605
2022-07-11,eastus,Compute,1962.0,2369.0,173.78,99.93,0,131.0,1.35,2.38,1,0,93.1,647.8138
2022-07-11,eastus,Storage,476.0,645.0,10.04,99.88,0,123.46,2.8,4.68,0,0,89.18,809.55585
2022-07-11,westeurope,Compute,1487.0,2051.0,127.36,99.95,0,105.85,1.94,4.48,0,0,81.2,811.1581
2022-07-11,westeurope,Storage,235.0,291.0,5.15,99.91,0,106.65,2.67,5.94,0,0,77.59,939.16876
2022-07-11,southeastasia,Compute,1312.0,1522.0,106.72,99.85,0,130.66,2.55,3.08,0,0,80.48,162.90308
2022-07-11,southeastasia,Storage,566.0,694.0,12.6,99.92,0,101.17,1.88,4.76,0,0,63.08,705.41016
2022-07-11,centralus,Compute,840.0,1072.0,,99.97,0,133.44,3.35,4.22,0,0,57.36,802.46045
2022-07-11,centralus,Storage,632.0,,14.12,99.89,0,108.16,4.11,5.47,0,0,51.96,649.9802
2022-07-11,uksouth,Compute,564.0,667.0,47.39,99.87,0,95.01,1.37,2.91,0,0,80.32,512.29193
2022-07-11,uksouth,Storage,475.0,583.0,10.75,99.91,0,90.85,2.46,1.78,0,0,89.0,672.84546
2022-07-12,eastus,Compute,990.0,1379.0,80.65,99.86,0,114.78,3.59,5.78,0,0,80.14,643.3724
2022-07-12,eastus,Storage,365.0,506.0,7.71,99.86,0,133.68,1.46,2.62,0,0,62.73,630.3677
2022-07-12,westeurope,Compute,1387.0,1822.0,123.72,99.94,0,115.33,2.55,2.22,0,0,74.84,275.4214
2022-07-12,westeurope,Storage,286.0,400.0,6.31,99.97,0,92.47,3.4,5.52,0,0,56.37,949.5758
2022-07-12,southeastasia,Compute,437.0,525.0,36.86,99.94,0,88.55,2.3,0.6,0,0,53.13,275.87384
2022-07-12,southeastasia,Storage,613.0,705.0,13.59,99.96,0,86.82,1.21,4.5,0,0,83.08,341.4533
2022-07-12,centralus,Compute,1284.0,1608.0,112.12,99.91,0,119.18,1.53,1.23,0,0,77.07,253.45387
2022-07-12,centralus,Storage,153.0,210.0,3.35,100.8,0,114.43,1.65,3.59,0,0,76.51,1876.2668
2022-07-12,uksouth,Compute,1015.0,1321.0,,99.94,0,109.87,3.57,5.03,0,0,61.19,556.11426
2022-07-12,uksouth,Storage,854.0,1055.0,18.55,99.97,0,110.77,2.97,5.23,0,0,54.28,1520.4648
2022-07-13,eastus,Compute,,2366.0,165.29,99.99,0,127.56,2.24,5.8,0,0,85.08,397.43668
2022-07-13,eastus,Storage,588.0,733.0,12.5,99.96,0,102.85,4.29,5.13,0,0,78.69,530.29535
2022-07-13,westeurope,Compute,1359.0,1711.0,115.19,99.92,0,129.21,3.19,4.32,0,0,96.55,205.99437
2022-07-13,westeurope,Storage,180.0,222.0,4.04,99.86,0,107.22,2.86,4.67,0,0,65.15,189.83086
2022-07-13,southeastasia,Compute,307.0,,25.66,99.9,0,87.58,1.59,1.56,0,0,64.94,721.0246
2022-07-13,southeastasia,Storage,159.0,203.0,3.47,99.96,0,123.34,3.79,3.03,1,0,87.07,678.5588
2022-07-13,centralus,Compute,789.0,1052.0,67.32,99.88,0,100.5,4.39,5.17,0,0,81.19,309.8315
2022-07-13,centralus,Storage,578.0,782.0,12.9,99.87,0,116.54,3.17,0.86,0,0,62.24,293.79312
2022-07-13,uksouth,Compute,317.0,396.0,26.89,99.93,0,98.75,2.93,3.3,0,0,77.28,402.11758
2022-07-13,uksouth,Storage,305.0,407.0,7.04,99.94,0,129.98,1.38,3.61,0,0,57.74,333.00775
2022-07-14,eastus,Compute,530.0,663.0,46.88,99.96,0,134.07,3.76,2.97,0,0,77.58,535.02814
2022-07-14,eastus,Storage,457.0,587.0,10.51,99.89,0,100.47,2.79,3.33,1,0,99.87,878.3967
2022-07-14,westeurope,Compute,,1061.0,71.59,99.97,0,122.61,1.97,5.92,0,0,75.25,360.40094
2022-07-14,westeurope,Storage,631.0,727.0,14.2,99.9,0,111.13,2.16,2.27,1,0,85.54,161.32405
2022-07-14,southeastasia,Compute,1199.0,1571.0,106.83,99.89,0,94.31,2.53,3.09,0,0,64.61,593.78973
2022-07-14,southeastasia,Storage,398.0,473.0,8.82,99.98,0,127.13,3.14,2.57,0,0,87.6,250.97649
2022-07-14,centralus,Compute,1398.0,1933.0,122.65,99.94,0,91.84,1.68,1.07,0,0,92.13,478.44354
2022-07-14,centralus,Storage,212.0,244.0,4.49,99.93,0,99.87,4.19,2.73,0,0,89.75,151.71599
2022-07-14,uksouth,Compute,367.0,493.0,30.32,99.97,0,87.65,3.78,3.89,0,0,89.12,737.7366
2022-07-14,uksouth,Storage,314.0,432.0,,99.93,0,103.72,1.65,4.39,0,0,74.73,304.7223
2022-07-15,eastus,Compute,672.0,853.0,58.92,99.91,0,112.93,1.21,2.51,0,0,73.95,366.48907
2022-07-15,eastus,Storage,597.0,717.0,13.69,99.86,0,128.27,2.89,3.9,0,0,64.09,826.5758
2022-07-15,westeurope,Compute,1734.0,2044.0,140.55,99.94,0,102.09,2.29,4.28,0,0,66.25,555.92303
2022-07-15,westeurope,Storage,729.0,845.0,16.64,99.89,0,134.85,4.35,5.67,0,0,76.63,649.17944
2022-07-15,southeastasia,Compute,1345.0,1770.0,113.31,99.95,0,96.44,4.49,2.87,0,0,96.41,797.3316
2022-07-15,southeastasia,Storage,756.0,953.0,16.51,99.98,0,93.77,1.5,5.34,0,0,75.55,696.7068
2022-07-15,centralus,Compute,979.0,1195.0,82.61,99.87,0,130.67,3.64,2.51,0,0,71.21,548.9501
2022-07-15,centralus,Storage,443.0,593.0,9.75,99.97,0,87.01,4.24,1.58,0,0,91.64,526.1208
2022-07-15,uksouth,Compute,343.0,473.0,28.41,99.88,0,125.71,1.55,1.72,0,0,57.37,379.28
2022-07-15,uksouth,Storage,208.0,254.0,4.71,99.97,0,115.91,2.46,4.16,0,0,75.38,553.9307
2022-07-16,eastus,Compute,3416.0,4453.0,,99.95,1,112.91,1.94,5.68,0,0,66.12,245.20755
2022-07-16,eastus,Storage,472.0,590.0,9.9,99.86,1,99.2,3.28,3.71,0,0,50.95,721.0207
2022-07-16,westeurope,Compute,1107.0,1316.0,89.63,99.99,1,132.98,3.06,5.96,0,0,69.47,597.7948
2022-07-16,westeurope,Storage,,706.0,12.63,99.89,1,133.77,4.46,4.87,0,0,98.53,574.854
2022-07-16,southeastasia,Compute,843.0,1036.0,70.46,99.97,1,92.49,4.32,3.29,0,0,85.8,528.7792
2022-07-16,southeastasia,Storage,136.0,161.0,2.87,99.97,1,86.56,4.41,4.2,0,0,86.16,506.70392
2022-07-16,centralus,Compute,907.0,1137.0,73.75,99.89,1,100.75,1.23,0.55,0,0,81.2,281.06754
2022-07-16,centralus,Storage,675.0,894.0,14.16,99.96,1,86.67,2.7,1.33,0,0,72.7,722.5566
2022-07-16,uksouth,Compute,939.0,1246.0,82.3,99.88,1,130.08,1.43,5.46,0,0,80.26,839.005
2022-07-16,uksouth,Storage,393.0,491.0,8.93,99.86,1,94.82,2.19,3.95,0,0,97.19,816.0988
2022-07-17,eastus,Compute,1037.0,,84.07,99.98,1,129.89,1.55,2.47,0,0,63.37,729.4318
2022-07-17,eastus,Storage,535.0,644.0,11.2,99.89,1,94.55,2.88,1.62,0,0,85.35,518.13043
2022-07-17,westeurope,Compute,2208.0,3091.0,194.62,99.96,1,104.32,3.69,5.76,1,0,60.9,439.92255
2022-07-17,westeurope,Storage,624.0,807.0,13.8,99.98,1,112.61,3.99,2.26,0,0,63.94,620.08594
2022-07-17,southeastasia,Compute,785.0,1016.0,67.64,99.9,1,100.79,3.22,1.23,0,0,53.63,708.4061
2022-07-17,southeastasia,Storage,402.0,525.0,8.49,99.99,1,96.84,3.27,4.88,0,0,62.95,326.48654
2022-07-17,centralus,Compute,567.0,792.0,49.98,99.92,1,118.32,3.42,1.57,0,0,95.58,786.68634
2022-07-17,centralus,Storage,585.0,681.0,12.84,99.94,1,119.34,1.39,2.8,0,0,56.75,584.8467
2022-07-17,uksouth,Compute,1195.0,1422.0,101.93,99.98,1,85.78,3.32,0.91,1,0,71.15,801.6497
2022-07-17,uksouth,Storage,606.0,717.0,12.72,99.96,1,120.79,2.22,0.82,0,0,69.89,601.3166
2022-07-18,eastus,Compute,1208.0,1612.0,107.28,99.85,0,107.02,3.34,4.36,0,0,80.76,189.69069
2022-07-18,eastus,Storage,706.0,969.0,15.04,99.86,0,92.92,1.83,3.3,0,0,52.55,394.22867
2022-07-18,westeurope,Compute,1753.0,2324.0,155.39,99.95,0,119.06,1.94,3.44,0,0,99.84,553.11206
2022-07-18,westeurope,Storage,616.0,798.0,13.17,99.9,0,114.2,2.47,1.29,0,0,93.21,525.40985
2022-07-18,southeastasia,Compute,752.0,972.0,61.52,99.87,0,134.45,3.59,0.77,0,0,65.36,545.356
2022-07-18,southeastasia,Storage,754.0,964.0,17.15,99.89,0,130.37,3.3,2.91,0,0,88.6,793.3033
2022-07-18,centralus,Compute,534.0,677.0,45.67,99.96,0,94.52,4.08,4.67,0,0,51.08,772.823
2022-07-18,centralus,Storage,760.0,985.0,16.24,99.86,0,119.98,3.58,1.45,1,0,79.14,584.33997
2022-07-18,uksouth,Compute,919.0,1271.0,76.96,99.9,0,95.47,4.37,3.01,0,0,62.65,384.21646
2022-07-18,uksouth,Storage,1260.0,1749.0,27.58,99.87,0,90.49,3.34,2.91,0,0,89.97,627.5517
2022-07-19,eastus,Compute,851.0,1125.0,68.8,99.89,0,104.94,3.96,2.65,1,0,74.95,339.76544
2022-07-19,eastus,Storage,850.0,1025.0,18.63,99.88,0,129.2,2.32,3.67,0,0,57.83,611.0238
2022-07-19,westeurope,Compute,777.0,992.0,69.21,99.87,0,103.64,4.28,5.32,0,0,54.39,175.61311
2022-07-19,westeurope,Storage,1008.0,1189.0,22.62,99.95,0,112.42,1.5,2.44,0,0,95.32,743.75354
2022-07-19,southeastasia,Compute,634.0,855.0,51.25,99.85,0,115.54,3.8,4.77,0,0,94.14,459.6974
2022-07-19,southeastasia,Storage,,,9.84,99.9,0,94.48,3.86,2.02,0,0,71.69,614.9278
2022-07-19,centralus,Compute,617.0,753.0,50.5,99.96,0,87.31,1.7,1.08,0,0,83.23,621.9486
2022-07-19,centralus,Storage,574.0,791.0,12.61,99.96,0,120.32,3.83,4.72,0,0,98.02,214.7926
2022-07-19,uksouth,Compute,,1369.0,89.5,99.94,0,125.79,2.5,0.68,0,0,81.25,356.6182
2022-07-19,uksouth,Storage,665.0,874.0,14.63,99.94,0,119.3,1.27,0.8,0,0,81.63,731.1855
2022-07-20,eastus,Compute,1330.0,1680.0,117.6,99.95,0,88.09,1.33,3.62,0,0,62.39,1523.884
2022-07-20,eastus,Storage,994.0,1206.0,21.1,99.95,0,105.33,1.41,5.31,0,0,67.2,1820.6909
2022-07-20,westeurope,Compute,626.0,824.0,55.86,99.87,0,89.39,1.66,1.98,0,0,64.18,1926.7698
2022-07-20,westeurope,Storage,882.0,1060.0,19.88,99.94,0,131.16,1.76,4.63,0,0,77.59,2077.9917
2022-07-20,southeastasia,Compute,1014.0,1311.0,,99.92,0,89.3,2.62,1.1,0,0,95.66,2008.697
2022-07-20,southeastasia,Storage,722.0,832.0,16.44,99.95,0,111.56,3.61,1.02,0,0,98.63,2198.1228
2022-07-20,centralus,Compute,1507.0,2069.0,123.34,99.89,0,97.15,3.09,4.92,0,0,68.76,1173.2642
2022-07-20,centralus,Storage,666.0,,14.71,99.96,0,95.06,2.8,3.84,0,0,64.97,1564.171
2022-07-20,uksouth,Compute,1085.0,1278.0,95.63,99.93,0,127.49,4.06,3.78,0,0,85.63,1260.8491
2022-07-20,uksouth,Storage,133.0,159.0,2.92,99.86,0,120.06,2.91,3.23,0,0,54.52,1171.6584
2022-07-21,eastus,Compute,,900.0,61.52,99.88,0,97.83,1.61,4.42,0,0,75.37,1271.9486
2022-07-21,eastus,Storage,,746.0,12.54,99.96,0,113.75,2.06,5.52,1,0,86.44,1829.895
2022-07-21,westeurope,Compute,635.0,849.0,56.18,99.99,0,102.99,2.41,5.9,0,0,78.67,2107.2803
2022-07-21,westeurope,Storage,883.0,1059.0,18.62,99.95,0,129.73,4.29,3.9,0,0,55.5,1222.8323
2022-07-21,southeastasia,Compute,1202.0,1609.0,100.36,99.95,0,96.64,2.61,5.39,1,0,63.34,1305.6727
2022-07-21,southeastasia,Storage,312.0,423.0,6.52,99.97,0,98.12,4.12,4.3,0,0,52.97,1357.9039
2022-07-21,centralus,Compute,1190.0,1396.0,97.54,99.97,0,90.46,1.52,5.67,0,0,98.59,1293.426
2022-07-21,centralus,Storage,318.0,374.0,7.05,99.86,0,115.12,4.01,0.76,0,0,57.97,1902.6124
2022-07-21,uksouth,Compute,,553.0,36.87,99.9,0,110.23,3.13,5.94,0,0,79.4,1543.057
2022-07-21,uksouth,Storage,474.0,652.0,10.79,99.95,0,125.89,2.99,4.21,0,0,78.44,1162.3158
2022-07-22,eastus,Compute,613.0,747.0,50.14,99.9,0,127.6,2.46,4.61,0,0,55.74,1152.594
2022-07-22,eastus,Storage,,394.0,6.47,99.92,0,128.17,1.77,0.61,0,0,99.0,1474.9274
2022-07-22,westeurope,Compute,1161.0,1549.0,101.44,99.96,0,134.89,1.44,5.9,0,0,72.71,1122.3114
2022-07-22,westeurope,Storage,478.0,627.0,10.6,99.88,0,115.17,1.39,3.85,0,0,94.77,2243.9482
2022-07-22,southeastasia,Compute,550.0,707.0,46.38,99.92,0,120.17,3.49,2.47,0,0,96.22,1224.4093
2022-07-22,southeastasia,Storage,219.0,268.0,4.77,99.95,0,130.77,1.49,5.24,0,0,67.76,1778.5533
2022-07-22,centralus,Compute,3382.0,4330.0,277.48,99.96,0,118.27,2.18,1.14,0,0,50.34,1517.2623
2022-07-22,centralus,Storage,245.0,333.0,5.51,99.95,0,90.27,2.09,0.87,1,0,94.02,2029.634
2022-07-22,uksouth,Compute,933.0,,82.6,99.87,0,133.12,2.25,2.65,0,0,79.82,2148.0503
2022-07-22,uksouth,Storage,826.0,1088.0,18.44,99.88,0,122.92,1.49,3.19,1,0,87.58,1516.2748
2022-07-23,eastus,Compute,1367.0,1626.0,,99.86,1,127.02,4.31,4.22,0,0,73.86,2075.975
2022-07-23,eastus,Storage,254.0,337.0,5.82,99.89,1,96.67,1.54,1.97,0,0,63.94,1892.9806
2022-07-23,westeurope,Compute,636.0,733.0,52.33,99.9,1,96.68,4.38,4.08,0,0,87.03,1307.8955
2022-07-23,westeurope,Storage,286.0,359.0,6.14,99.96,1,104.04,3.69,0.6,0,0,55.45,2099.0745
2022-07-23,southeastasia,Compute,1059.0,,,99.89,1,108.28,4.05,4.78,0,0,52.35,1234.5161
2022-07-23,southeastasia,Storage,526.0,642.0,11.56,99.91,1,111.03,3.0,2.32,0,0,70.0,1339.6206
2022-07-23,centralus,Compute,,748.0,46.01,99.91,1,133.77,3.73,2.24,0,0,63.32,1335.9376
2022-07-23,centralus,Storage,225.0,295.0,4.82,99.86,1,86.36,2.16,2.68,0,0,99.2,1455.819
2022-07-23,uksouth,Compute,319.0,375.0,26.47,99.86,1,112.98,3.68,1.58,0,1,91.98,2214.2888
2022-07-23,uksouth,Storage,217.0,266.0,4.79,99.98,1,124.07,1.34,4.31,0,0,84.58,1213.8175
2022-07-24,eastus,Compute,1136.0,1446.0,95.18,100.8,1,120.39,2.68,0.57,0,0,76.15,1348.6587
2022-07-24,eastus,Storage,415.0,572.0,,99.98,1,121.47,3.04,3.75,0,0,70.94,2242.5273
2022-07-24,westeurope,Compute,1236.0,1658.0,103.87,99.92,1,93.34,1.26,4.16,0,0,62.75,1606.5221
2022-07-24,westeurope,Storage,,643.0,11.61,99.87,1,90.18,1.21,2.23,0,0,50.56,1223.288
2022-07-24,southeastasia,Compute,641.0,834.0,55.28,99.91,1,110.64,3.6,3.12,1,1,83.07,1569.62
2022-07-24,southeastasia,Storage,656.0,764.0,14.14,99.9,1,111.16,3.38,4.62,0,0,65.42,1177.0631
2022-07-24,centralus,Compute,822.0,1062.0,70.7,99.86,1,118.2,2.94,5.05,0,0,89.67,2245.8408
2022-07-24,centralus,Storage,205.0,275.0,4.67,100.8,1,118.39,1.39,3.41,0,0,80.65,1179.1914
2022-07-24,uksouth,Compute,829.0,1139.0,69.68,99.94,1,98.91,1.8,0.62,0,0,95.21,1327.4039
2022-07-24,uksouth,Storage,377.0,526.0,8.3,99.87,1,108.52,1.8,3.78,0,0,54.89,2123.6177
2022-07-25,eastus,Compute,919.0,1203.0,81.69,99.91,0,134.62,3.64,4.77,1,0,76.42,1273.9493
2022-07-25,eastus,Storage,370.0,486.0,8.3,99.97,0,94.03,4.34,0.83,0,0,83.01,1303.3744
2022-07-25,westeurope,Compute,940.0,1287.0,83.54,99.85,0,127.14,2.87,3.04,0,0,97.52,2246.683
2022-07-25,westeurope,Storage,618.0,748.0,13.38,99.96,0,114.31,2.04,5.0,0,0,71.96,2046.3386
2022-07-25,southeastasia,Compute,408.0,555.0,34.85,99.97,0,132.8,4.31,1.05,0,0,88.88,1347.4131
2022-07-25,southeastasia,Storage,496.0,630.0,10.67,99.95,0,129.3,1.2,4.28,0,0,74.48,1257.0662
2022-07-25,centralus,Compute,490.0,638.0,41.2,99.9,0,95.9,2.11,4.2,0,0,56.91,1439.6156
2022-07-25,centralus,Storage,641.0,843.0,14.19,99.97,0,115.49,4.2,3.7,0,0,84.08,1195.4298
2022-07-25,uksouth,Compute,1094.0,,94.47,99.98,0,106.1,3.72,1.14,0,0,81.45,1752.2681
2022-07-25,uksouth,Storage,762.0,922.0,16.94,99.99,0,134.38,3.32,5.38,0,0,97.64,2235.0583
2022-07-26,eastus,Compute,644.0,889.0,,99.93,0,97.86,2.89,4.61,0,0,79.1,2238.619
2022-07-26,eastus,Storage,354.0,440.0,7.72,99.9,0,96.77,2.71,4.28,0,0,68.74,1269.2764
2022-07-26,westeurope,Compute,1768.0,2379.0,155.31,99.98,0,107.63,2.85,5.79,0,0,66.61,2235.6199
2022-07-26,westeurope,Storage,294.0,340.0,6.39,100.8,0,124.86,2.65,5.78,0,0,70.95,1647.7181
2022-07-26,southeastasia,Compute,466.0,570.0,38.01,99.92,0,111.44,3.83,5.83,0,0,84.06,2189.5159
2022-07-26,southeastasia,Storage,568.0,794.0,13.06,99.89,0,128.43,2.49,0.89,0,0,98.72,1217.8973
2022-07-26,centralus,Compute,523.0,620.0,42.96,99.87,0,129.54,1.45,4.91,0,0,95.8,1253.5879
2022-07-26,centralus,Storage,657.0,802.0,15.06,99.91,0,114.35,2.72,2.58,0,0,85.91,2238.1487
2022-07-26,uksouth,Compute,840.0,1145.0,74.4,99.87,0,100.2,4.04,1.59,1,0,66.32,1177.6841
2022-07-26,uksouth,Storage,693.0,946.0,,99.98,0,85.99,2.6,1.07,0,0,66.44,1239.6659
2022-07-27,eastus,Compute,1433.0,1817.0,126.94,99.99,0,97.53,4.29,1.94,0,0,89.31,2239.778
2022-07-27,eastus,Storage,,905.0,15.46,99.96,0,91.45,3.58,0.95,0,0,76.11,1620.3962
2022-07-27,westeurope,Compute,688.0,855.0,61.0,99.91,0,125.13,4.26,5.86,0,0,98.13,2206.9797
2022-07-27,westeurope,Storage,801.0,1075.0,17.56,99.88,0,86.2,3.05,1.39,0,0,72.1,1368.6526
2022-07-27,southeastasia,Compute,932.0,1092.0,78.56,99.9,0,102.49,2.22,1.66,0,0,95.97,1387.9309
2022-07-27,southeastasia,Storage,497.0,623.0,,99.9,0,114.49,3.52,0.93,0,0,80.86,1517.231
2022-07-27,centralus,Compute,977.0,1358.0,80.26,99.99,0,104.61,3.59,3.65,0,0,69.79,1261.577
2022-07-27,centralus,Storage,735.0,866.0,15.96,99.89,0,98.96,2.75,5.52,0,0,90.33,1571.7966
2022-07-27,uksouth,Compute,670.0,,58.54,99.94,0,102.04,1.36,5.26,0,0,73.93,1259.1925
2022-07-27,uksouth,Storage,432.0,573.0,9.89,99.89,0,131.56,1.42,4.87,0,0,53.97,2217.5022
2022-07-28,eastus,Compute,1153.0,,,100.8,0,104.37,3.26,2.1,0,0,56.3,2238.4011
2022-07-28,eastus,Storage,1013.0,1179.0,22.11,99.91,0,132.7,2.77,4.62,0,0,66.13,2236.1826
2022-07-28,westeurope,Compute,1126.0,1555.0,,99.88,0,120.29,3.11,1.88,0,0,72.52,1256.667
2022-07-28,westeurope,Storage,448.0,611.0,9.72,99.92,0,90.87,2.58,2.48,0,0,57.4,2232.3293
2022-07-28,southeastasia,Compute,348.0,417.0,30.46,99.89,0,124.8,2.98,4.72,0,0,95.54,1336.2365
2022-07-28,southeastasia,Storage,480.0,650.0,10.94,99.85,0,131.96,1.34,3.88,0,0,52.4,1187.0502
2022-07-28,centralus,Compute,968.0,1139.0,84.44,99.97,0,114.37,1.73,0.58,0,0,82.54,2227.2678
2022-07-28,centralus,Storage,836.0,1099.0,18.08,99.98,0,129.18,3.56,2.5,0,0,62.65,2195.5657
2022-07-28,uksouth,Compute,881.0,1103.0,75.33,99.91,0,129.42,2.79,5.03,0,0,86.11,2093.82
2022-07-28,uksouth,Storage,153.0,190.0,3.2,99.89,0,130.75,3.47,4.55,0,0,82.31,1352.7969
2022-07-29,eastus,Compute,1924.0,2347.0,168.33,99.92,0,121.58,2.46,2.41,0,0,98.74,1186.7572
2022-07-29,eastus,Storage,298.0,399.0,6.38,99.99,0,116.12,1.22,2.79,0,0,65.26,1729.3439
2022-07-29,westeurope,Compute,1072.0,1495.0,88.34,99.94,0,113.78,3.06,3.88,0,1,95.0,1704.3195
2022-07-29,westeurope,Storage,814.0,1022.0,18.64,99.92,0,98.49,2.49,2.9,0,0,69.47,1256.3374
2022-07-29,southeastasia,Compute,812.0,1027.0,70.1,99.89,0,86.15,1.67,2.92,0,0,55.33,1354.1868
2022-07-29,southeastasia,Storage,177.0,243.0,3.81,99.94,0,88.43,2.46,2.98,0,0,73.07,1280.0758
2022-07-29,centralus,Compute,1039.0,1391.0,89.86,99.92,0,115.27,1.51,5.36,0,0,96.0,1199.3475
2022-07-29,centralus,Storage,386.0,457.0,8.38,99.95,0,122.11,3.88,1.59,1,0,50.72,1262.106
2022-07-29,uksouth,Compute,1223.0,1471.0,100.74,99.94,0,97.14,4.3,0.56,1,0,74.4,1162.7334
2022-07-29,uksouth,Storage,448.0,,9.6,99.86,0,92.33,1.68,1.62,0,0,95.79,2063.3423
2022-07-30,eastus,Compute,665.0,,57.37,99.93,1,88.9,2.94,4.85,0,0,78.92,1559.799
2022-07-30,eastus,Storage,161.0,211.0,3.66,99.89,1,90.38,2.63,1.68,0,0,78.71,1263.0665
2022-07-30,westeurope,Compute,1392.0,1886.0,123.57,99.94,1,108.8,2.25,2.48,0,0,84.73,2119.5664
2022-07-30,westeurope,Storage,440.0,615.0,9.49,99.97,1,115.15,2.7,1.72,0,0,61.77,2077.8457
2022-07-30,southeastasia,Compute,461.0,,38.08,99.96,1,96.38,4.14,5.24,0,0,85.08,2223.9338
2022-07-30,southeastasia,Storage,149.0,195.0,3.43,99.93,1,126.06,3.88,2.36,0,0,88.44,1394.4545
2022-07-30,centralus,Compute,456.0,598.0,39.0,100.8,1,128.31,3.19,4.99,0,0,71.53,1546.6185
2022-07-30,centralus,Storage,399.0,464.0,8.75,99.87,1,120.74,3.45,5.96,0,0,63.41,2228.9016
2022-07-30,uksouth,Compute,655.0,863.0,54.51,99.97,1,122.38,2.6,4.41,0,0,97.62,2225.973
2022-07-30,uksouth,Storage,725.0,864.0,15.56,99.96,1,122.11,2.04,5.68,0,0,86.89,2234.3936
2022-07-31,eastus,Compute,871.0,,77.61,99.97,1,108.98,4.1,2.41,0,0,88.62,1406.1256
2022-07-31,eastus,Storage,455.0,594.0,10.31,99.86,1,95.51,1.71,1.55,0,0,79.67,2217.3606
2022-07-31,westeurope,Compute,690.0,955.0,59.3,99.94,1,121.82,2.3,4.35,0,1,93.51,1856.7218
2022-07-31,westeurope,Storage,816.0,1129.0,17.61,99.96,1,117.74,2.12,4.89,0,0,99.67,1253.249
2022-07-31,southeastasia,Compute,276.0,351.0,24.2,99.95,1,86.02,3.28,2.9,0,0,77.38,1278.3195
2022-07-31,southeastasia,Storage,432.0,556.0,9.75,99.86,1,86.35,1.48,2.91,0,0,77.11,2248.528
2022-07-31,centralus,Compute,1107.0,1330.0,98.31,99.98,1,125.89,4.29,4.16,0,0,66.26,1565.3962
2022-07-31,centralus,Storage,224.0,295.0,4.84,99.91,1,96.56,4.43,3.23,0,0,60.99,2230.6167
2022-07-31,uksouth,Compute,2148.0,2529.0,191.15,99.88,1,96.02,2.72,2.3,0,0,65.32,1196.5582
2022-07-31,uksouth,Storage,168.0,235.0,3.73,100.8,1,110.18,3.55,4.76,1,0,61.76,1264.4071
2022-08-01,eastus,Compute,526.0,644.0,45.29,99.95,0,104.92,1.29,1.02,0,0,79.6,1249.9989
2022-08-01,eastus,Storage,156.0,206.0,3.28,99.97,0,125.83,4.45,5.65,0,0,87.3,1621.2291
2022-08-01,westeurope,Compute,498.0,587.0,42.14,99.93,0,95.56,1.29,4.46,1,0,61.08,1908.4761
2022-08-01,westeurope,Storage,901.0,1247.0,20.72,99.97,0,97.76,2.35,1.77,0,0,68.33,2067.5603
2022-08-01,southeastasia,Compute,804.0,1122.0,68.44,99.95,0,119.15,4.0,1.69,0,0,58.58,1229.1608
2022-08-01,southeastasia,Storage,349.0,469.0,7.51,99.93,0,105.22,2.82,2.45,0,0,88.93,1227.9105
2022-08-01,centralus,Compute,1229.0,1676.0,107.12,99.9,0,106.73,3.48,4.96,0,0,97.72,2216.2405
2022-08-01,centralus,Storage,717.0,,16.16,99.98,0,88.81,4.27,2.68,0,0,85.76,1549.4078
2022-08-01,uksouth,Compute,443.0,573.0,38.0,99.93,0,111.48,1.59,1.7,0,0,85.3,1184.9623
2022-08-01,uksouth,Storage,1370.0,1597.0,31.48,100.8,0,110.62,1.41,5.42,0,0,64.79,1960.2878
2022-08-02,eastus,Compute,467.0,577.0,38.05,99.89,0,91.87,2.74,1.36,0,0,86.94,1522.0076
2022-08-02,eastus,Storage,771.0,986.0,16.42,99.96,0,134.87,4.4,4.78,0,0,53.43,1698.8087
2022-08-02,westeurope,Compute,1543.0,1869.0,129.82,99.9,0,123.56,4.22,5.17,0,0,84.86,1306.5654
2022-08-02,westeurope,Storage,757.0,871.0,16.88,99.95,0,130.89,4.12,5.13,0,0,50.35,1911.2695
2022-08-02,southeastasia,Compute,334.0,420.0,28.25,99.91,0,130.89,2.39,5.21,0,0,72.35,1260.0674
2022-08-02,southeastasia,Storage,666.0,806.0,15.26,99.92,0,105.39,2.37,2.83,0,0,66.21,1309.7432
2022-08-02,centralus,Compute,641.0,862.0,55.73,99.91,0,101.24,3.99,5.48,0,1,89.63,1231.4867
2022-08-02,centralus,Storage,485.0,652.0,10.62,99.97,0,113.74,3.24,5.64,0,0,52.91,1182.4276
2022-08-02,uksouth,Compute,847.0,1008.0,69.08,99.92,0,108.25,3.36,3.09,0,0,95.34,2225.0332
2022-08-02,uksouth,Storage,,1921.0,33.37,99.87,0,132.08,3.25,5.16,0,0,89.05,1232.1937
2022-08-03,eastus,Compute,,796.0,55.7,99.97,0,90.21,2.74,1.57,0,0,74.64,1581.5565
2022-08-03,eastus,Storage,561.0,757.0,12.39,99.87,0,108.57,1.43,3.69,0,0,59.18,1131.8214
2022-08-03,westeurope,Compute,521.0,645.0,45.5,99.94,0,96.72,1.68,3.96,0,0,66.32,2084.7852
2022-08-03,westeurope,Storage,658.0,846.0,14.86,100.8,0,126.31,1.62,2.9,0,0,84.79,1369.9783
2022-08-03,southeastasia,Compute,662.0,818.0,53.52,99.89,0,109.3,3.18,5.64,0,0,93.47,1461.9126
2022-08-03,southeastasia,Storage,611.0,796.0,12.88,99.95,0,120.43,3.76,1.19,0,0,88.01,1587.5533
2022-08-03,centralus,Compute,1519.0,1748.0,124.21,100.8,0,132.79,4.48,3.62,0,0,88.19,1384.2645
2022-08-03,centralus,Storage,630.0,866.0,14.26,99.86,0,105.36,2.31,4.82,0,0,80.12,1890.4717
2022-08-03,uksouth,Compute,,1642.0,110.81,99.93,0,99.04,3.23,0.96,0,0,75.58,1320.5746
2022-08-03,uksouth,Storage,264.0,347.0,5.81,99.94,0,88.32,4.09,5.66,0,0,56.57,1655.2235
2022-08-04,eastus,Compute,1575.0,2135.0,,99.99,0,100.82,4.1,2.69,0,0,92.51,1163.1842
2022-08-04,eastus,Storage,325.0,405.0,7.18,99.94,0,102.39,2.17,3.11,0,0,53.1,2024.651
2022-08-04,westeurope,Compute,1147.0,1594.0,,99.96,0,87.27,1.55,4.98,0,0,70.24,1845.2616
2022-08-04,westeurope,Storage,369.0,478.0,7.93,99.98,0,99.49,2.51,5.12,0,0,77.38,1648.4331
2022-08-04,southeastasia,Compute,522.0,718.0,42.59,99.86,0,124.82,2.03,0.82,0,0,56.33,1220.9109
2022-08-04,southeastasia,Storage,1356.0,1596.0,29.39,99.86,0,127.3,4.05,4.66,0,0,59.21,1644.5349
2022-08-04,centralus,Compute,1443.0,2002.0,121.68,99.97,0,118.04,1.6,4.59,0,0,64.48,1337.9675
2022-08-04,centralus,Storage,669.0,795.0,14.35,99.96,0,106.68,1.87,4.08,0,0,63.85,1326.8907
2022-08-04,uksouth,Compute,405.0,538.0,34.98,99.85,0,92.11,1.94,2.0,0,0,53.76,1329.171
2022-08-04,uksouth,Storage,189.0,234.0,4.09,99.96,0,122.38,1.22,2.13,0,0,53.56,1238.8524
2022-08-05,eastus,Compute,1083.0,1477.0,95.03,99.98,0,87.41,1.81,2.13,0,0,89.95,1317.3652
2022-08-05,eastus,Storage,847.0,1019.0,17.93,99.92,0,112.38,2.3,3.97,0,0,77.31,1504.8445
2022-08-05,westeurope,Compute,2802.0,3694.0,235.58,99.91,0,123.24,2.85,4.49,0,0,88.04,1183.7091
2022-08-05,westeurope,Storage,620.0,760.0,13.58,99.86,0,99.1,3.29,1.7,0,0,50.25,1264.1179
2022-08-05,southeastasia,Compute,1114.0,1286.0,94.35,99.98,0,96.22,1.3,2.88,0,0,73.0,1486.3036
2022-08-05,southeastasia,Storage,500.0,594.0,10.89,99.94,0,126.42,3.81,4.47,0,0,60.84,1434.5496
2022-08-05,centralus,Compute,608.0,802.0,50.19,99.96,0,108.96,2.97,3.5,0,0,50.24,1628.3993
2022-08-05,centralus,Storage,1299.0,1735.0,27.34,99.98,0,98.2,2.41,0.77,0,0,96.44,1778.6093
2022-08-05,uksouth,Compute,1213.0,1450.0,,99.91,0,129.96,2.06,2.66,0,0,93.44,2223.8333
2022-08-05,uksouth,Storage,728.0,846.0,15.73,99.91,0,97.4,1.33,2.25,0,0,66.17,1382.042
2022-08-06,eastus,Compute,1107.0,1406.0,92.59,99.87,1,131.96,2.24,4.9,0,0,96.84,1950.1903
2022-08-06,eastus,Storage,557.0,772.0,12.47,99.86,1,92.76,2.52,1.69,0,0,82.93,1280.5627
2022-08-06,westeurope,Compute,1052.0,1404.0,89.09,99.93,1,105.79,1.73,1.48,0,0,92.43,1372.2416
2022-08-06,westeurope,Storage,479.0,605.0,10.79,99.87,1,98.58,1.97,2.69,0,0,86.43,1607.0193
2022-08-06,southeastasia,Compute,510.0,593.0,42.77,100.8,1,90.21,1.67,0.51,0,0,90.98,1246.0743
2022-08-06,southeastasia,Storage,116.0,137.0,2.49,99.93,1,100.95,2.85,2.56,0,0,50.23,1170.1392
2022-08-06,centralus,Compute,908.0,,80.44,99.88,1,94.39,3.07,0.78,0,0,84.96,1612.584
2022-08-06,centralus,Storage,,607.0,11.17,99.9,1,125.19,2.26,3.02,0,0,89.66,1656.7639
2022-08-06,uksouth,Compute,1102.0,1529.0,89.16,99.9,1,129.0,1.47,1.58,0,0,95.6,1284.3864
2022-08-06,uksouth,Storage,454.0,590.0,9.99,99.89,1,129.19,4.17,2.1,0,0,74.22,1555.5026
2022-08-07,eastus,Compute,766.0,915.0,,99.87,1,96.99,1.85,3.54,0,0,52.91,1549.8137
2022-08-07,eastus,Storage,530.0,683.0,11.71,99.99,1,95.23,1.67,3.86,0,0,98.62,1169.4403
2022-08-07,westeurope,Compute,1356.0,1617.0,,99.93,1,118.11,3.65,3.81,0,0,53.98,1416.3467
2022-08-07,westeurope,Storage,441.0,560.0,9.84,99.85,1,97.66,2.12,1.01,0,0,98.44,1311.0898
2022-08-07,southeastasia,Compute,,912.0,59.01,99.94,1,100.24,2.79,4.41,0,0,77.4,1216.0544
2022-08-07,southeastasia,Storage,284.0,373.0,6.28,99.89,1,116.04,2.55,1.3,0,0,59.53,1305.6808
2022-08-07,centralus,Compute,731.0,955.0,61.63,99.91,1,119.51,3.64,3.31,0,0,70.62,1362.4396
2022-08-07,centralus,Storage,,334.0,5.91,99.91,1,113.43,3.6,4.76,0,0,69.86,1694.4136
2022-08-07,uksouth,Compute,1038.0,1344.0,87.04,99.93,1,106.93,2.15,1.02,0,1,50.08,1813.5013
2022-08-07,uksouth,Storage,145.0,190.0,3.21,99.97,1,94.16,4.0,3.68,0,0,69.52,1222.4508
2022-08-08,eastus,Compute,1773.0,,158.14,99.88,0,120.54,1.71,3.47,0,0,79.25,1593.4106
2022-08-08,eastus,Storage,472.0,581.0,,99.99,0,117.34,1.57,5.14,0,0,70.95,1862.5636
2022-08-08,westeurope,Compute,894.0,1087.0,77.72,99.97,0,124.21,2.1,2.71,0,0,58.37,1169.3297
2022-08-08,westeurope,Storage,884.0,1134.0,,99.92,0,96.54,3.39,4.89,0,0,57.35,1811.7487
2022-08-08,southeastasia,Compute,820.0,956.0,67.38,99.97,0,101.74,3.53,4.35,0,0,86.89,1302.6938
2022-08-08,southeastasia,Storage,395.0,532.0,8.95,99.97,0,87.57,2.94,1.09,0,0,74.84,1181.7966
2022-08-08,centralus,Compute,707.0,870.0,60.68,99.96,0,108.77,3.63,0.61,0,0,69.71,2227.1267
2022-08-08,centralus,Storage,489.0,632.0,10.78,99.91,0,125.9,1.8,0.81,0,1,98.84,1161.952
2022-08-08,uksouth,Compute,729.0,957.0,64.4,99.9,0,119.6,1.64,3.47,0,0,63.38,1303.1313
2022-08-08,uksouth,Storage,264.0,351.0,5.74,99.97,0,97.61,2.7,4.01,0,0,68.68,1214.4828
2022-08-09,eastus,Compute,1133.0,1371.0,96.44,99.92,0,128.31,2.2,4.89,0,0,95.46,1423.3636
2022-08-09,eastus,Storage,480.0,571.0,10.78,99.95,0,106.96,1.46,3.92,0,0,69.68,1214.3525
2022-08-09,westeurope,Compute,943.0,1277.0,79.97,99.96,0,131.51,3.62,4.77,0,0,98.72,1266.5653
2022-08-09,westeurope,Storage,144.0,183.0,3.03,100.8,0,129.51,2.27,5.53,0,0,66.58,1377.6261
2022-08-09,southeastasia,Compute,887.0,1219.0,75.19,99.97,0,131.36,1.5,1.03,0,0,71.29,1228.9276
2022-08-09,southeastasia,Storage,,921.0,15.2,99.89,0,131.65,1.43,2.31,0,0,77.12,1229.536
2022-08-09,centralus,Compute,1415.0,1934.0,122.35,100.8,0,132.92,4.15,2.89,0,0,99.13,1229.1738
2022-08-09,centralus,Storage,632.0,821.0,14.55,99.86,0,117.98,3.76,1.67,0,0,64.87,1527.9141
2022-08-09,uksouth,Compute,934.0,1160.0,81.83,99.96,0,124.84,3.07,2.29,0,0,79.1,1227.0883
2022-08-09,uksouth,Storage,593.0,827.0,12.98,99.98,0,130.72,2.04,2.71,0,0,54.8,1737.8784
2022-08-10,eastus,Compute,1654.0,2083.0,142.25,99.86,0,109.77,4.27,5.43,0,0,84.87,1141.9026
2022-08-10,eastus,Storage,410.0,496.0,9.29,99.93,0,99.81,2.81,1.7,0,0,97.24,1257.4698
2022-08-10,westeurope,Compute,1653.0,2088.0,138.94,99.95,0,98.31,1.27,1.68,0,0,66.07,1345.0577
2022-08-10,westeurope,Storage,462.0,568.0,9.85,99.88,0,129.56,1.88,5.34,0,0,70.4,1363.4102
2022-08-10,southeastasia,Compute,,489.0,32.82,99.91,0,116.62,2.98,1.33,0,0,97.54,1197.1416
2022-08-10,southeastasia,Storage,,379.0,6.34,99.98,0,113.19,4.05,5.04,0,0,56.29,1551.1682
2022-08-10,centralus,Compute,850.0,1002.0,72.06,99.89,0,129.7,1.8,3.02,0,0,91.51,1220.825
2022-08-10,centralus,Storage,591.0,796.0,13.04,99.91,0,86.47,3.69,5.85,0,0,75.84,1186.58
2022-08-10,uksouth,Compute,547.0,686.0,48.61,99.89,0,103.76,3.67,1.78,0,0,82.2,1254.8762
2022-08-10,uksouth,Storage,,720.0,,99.99,0,114.89,2.29,1.73,0,0,73.76,1622.7783
2022-08-11,eastus,Compute,1784.0,2378.0,151.61,99.9,0,116.27,3.96,0.84,0,0,75.59,1222.9412
2022-08-11,eastus,Storage,283.0,386.0,6.1,99.98,0,99.05,4.26,5.8,0,0,54.29,1557.7301
2022-08-11,westeurope,Compute,804.0,1124.0,68.26,99.93,0,119.72,4.4,4.81,0,0,54.88,1678.5685
2022-08-11,westeurope,Storage,281.0,344.0,6.06,99.85,0,102.71,1.58,2.86,0,0,54.03,1555.2609
2022-08-11,southeastasia,Compute,937.0,1166.0,81.9,99.96,0,124.91,4.35,4.88,0,0,75.43,1271.5187
2022-08-11,southeastasia,Storage,162.0,212.0,,99.9,0,130.84,2.27,3.42,0,0,84.79,1183.3601
2022-08-11,centralus,Compute,,468.0,29.84,99.87,0,100.45,1.34,2.2,0,0,63.28,1551.3799
2022-08-11,centralus,Storage,812.0,1013.0,18.3,99.98,0,100.31,1.5,1.78,0,0,53.09,1352.3807
2022-08-11,uksouth,Compute,967.0,1274.0,80.03,99.95,0,102.37,2.7,3.57,0,0,91.8,1198.1855
2022-08-11,uksouth,Storage,131.0,182.0,2.93,99.91,0,92.88,2.96,1.41,0,0,86.0,1359.3047
2022-08-12,eastus,Compute,1662.0,,140.48,99.96,0,116.27,2.22,2.62,0,0,66.63,1214.007
2022-08-12,eastus,Storage,910.0,1080.0,19.79,99.86,0,111.23,3.17,4.54,0,0,86.71,1547.9238
2022-08-12,westeurope,Compute,1315.0,1610.0,113.84,99.96,0,103.92,3.66,5.36,0,0,91.37,1214.1904
2022-08-12,westeurope,Storage,706.0,836.0,15.25,99.9,0,100.72,4.05,3.7,0,0,63.2,1553.0309
2022-08-12,southeastasia,Compute,224.0,277.0,18.86,99.95,0,133.59,1.73,0.84,0,0,59.73,1315.2632
2022-08-12,southeastasia,Storage,542.0,667.0,,99.87,0,108.44,4.5,1.37,0,0,98.61,1481.6787
2022-08-12,centralus,Compute,734.0,847.0,63.79,99.94,0,93.9,3.81,2.15,0,0,54.55,1306.274
2022-08-12,centralus,Storage,209.0,284.0,4.73,99.91,0,121.23,3.08,2.37,0,0,80.95,1230.6737
2022-08-12,uksouth,Compute,3891.0,4848.0,,99.87,0,129.19,2.33,1.19,0,0,90.77,1355.9321
2022-08-12,uksouth,Storage,280.0,336.0,6.46,99.98,0,99.33,4.15,4.65,0,0,83.72,1332.5591
2022-08-13,eastus,Compute,967.0,1126.0,80.64,99.87,1,111.29,2.91,3.66,0,0,93.91,1313.0879
2022-08-13,eastus,Storage,280.0,336.0,5.97,99.85,1,101.49,1.28,3.24,0,0,62.0,1246.3455
2022-08-13,westeurope,Compute,621.0,781.0,53.83,99.95,1,123.1,3.94,1.78,0,0,92.75,2116.7932
2022-08-13,westeurope,Storage,687.0,910.0,15.09,99.89,1,101.32,1.44,2.11,0,0,94.9,1211.8898
2022-08-13,southeastasia,Compute,564.0,726.0,49.3,99.95,1,130.38,4.12,4.84,0,0,75.35,1357.3975
2022-08-13,southeastasia,Storage,194.0,258.0,4.39,99.94,1,106.89,4.34,4.41,0,0,90.9,1278.6359
2022-08-13,centralus,Compute,1578.0,,138.68,99.92,1,112.63,4.11,5.56,0,0,72.18,1392.6777
2022-08-13,centralus,Storage,361.0,491.0,7.6,99.9,1,121.87,3.36,1.57,0,0,80.67,1523.2638
2022-08-13,uksouth,Compute,1115.0,1340.0,,99.88,1,133.13,1.71,5.52,0,0,61.57,1508.5498
2022-08-13,uksouth,Storage,,425.0,6.94,99.99,1,113.52,4.19,5.23,0,0,71.57,1593.326
2022-08-14,eastus,Compute,1044.0,1414.0,84.45,99.93,1,129.04,1.92,1.51,0,0,59.6,1510.741
2022-08-14,eastus,Storage,854.0,1050.0,19.2,99.95,1,101.27,2.64,1.64,0,0,56.64,1216.953
2022-08-14,westeurope,Compute,382.0,453.0,32.21,99.86,1,117.75,1.46,0.82,0,0,71.34,1206.0754
2022-08-14,westeurope,Storage,414.0,579.0,8.91,99.86,1,119.55,3.21,6.0,0,0,83.83,1362.0139
2022-08-14,southeastasia,Compute,938.0,1092.0,76.97,99.98,1,112.14,1.41,4.31,0,0,87.5,1347.2108
2022-08-14,southeastasia,Storage,170.0,212.0,,99.92,1,120.87,2.9,0.54,0,0,70.0,1376.01
2022-08-14,centralus,Compute,527.0,689.0,42.91,99.87,1,97.94,3.67,1.4,0,0,51.76,1334.4515
2022-08-14,centralus,Storage,543.0,745.0,11.49,99.91,1,106.43,2.31,0.5,0,0,82.64,1224.8971
2022-08-14,uksouth,Compute,,392.0,24.94,99.98,1,98.19,1.99,3.88,0,0,80.39,1253.8567
2022-08-14,uksouth,Storage,159.0,,3.42,99.87,1,107.72,1.92,5.44,0,0,63.17,1302.901
2022-08-15,eastus,Compute,1590.0,1912.0,135.94,99.98,0,115.43,2.2,4.01,0,0,57.97,1439.5427
2022-08-15,eastus,Storage,244.0,310.0,5.57,99.87,0,131.46,2.11,3.43,0,0,56.29,1494.2999
2022-08-15,westeurope,Compute,893.0,1159.0,77.99,99.94,0,114.68,4.21,2.99,0,0,70.0,1270.601
2022-08-15,westeurope,Storage,859.0,1178.0,18.57,99.92,0,127.71,3.2,4.49,0,0,61.52,1232.5786
2022-08-15,southeastasia,Compute,939.0,1268.0,77.73,99.97,0,132.65,1.33,0.83,0,0,59.47,1227.8885
2022-08-15,southeastasia,Storage,533.0,682.0,11.59,99.92,0,116.77,4.28,3.78,0,0,75.94,1585.6395
2022-08-15,centralus,Compute,1402.0,1670.0,122.73,99.87,0,88.89,3.96,5.87,0,0,92.96,1276.5433
2022-08-15,centralus,Storage,133.0,167.0,2.81,99.98,0,106.62,3.4,3.42,0,0,89.63,1205.0536
2022-08-15,uksouth,Compute,1108.0,1405.0,95.23,99.86,0,113.02,1.44,3.5,0,0,86.25,1462.3324
2022-08-15,uksouth,Storage,605.0,741.0,12.74,99.98,0,107.57,1.82,3.72,0,0,65.3,1290.9948
2022-08-16,eastus,Compute,1338.0,1593.0,115.65,99.95,0,99.35,1.29,1.6,0,0,59.7,1310.7552
2022-08-16,eastus,Storage,,710.0,12.75,99.98,0,89.29,3.01,3.37,0,0,96.74,1246.1534
2022-08-16,westeurope,Compute,1660.0,2128.0,144.79,99.9,0,120.84,3.11,5.79,0,0,91.03,1374.2664
2022-08-16,westeurope,Storage,179.0,209.0,4.12,99.86,0,113.16,2.29,2.86,0,0,72.88,1200.4237
2022-08-16,southeastasia,Compute,231.0,296.0,19.44,99.97,0,94.63,2.65,0.63,0,0,78.9,1285.1068
2022-08-16,southeastasia,Storage,203.0,246.0,4.41,99.86,0,114.22,3.2,0.84,0,0,66.69,1493.3917
2022-08-16,centralus,Compute,258.0,316.0,21.73,99.93,0,103.67,3.76,5.36,0,0,65.88,1190.1184
2022-08-16,centralus,Storage,859.0,1160.0,19.79,99.94,0,128.72,1.2,3.42,0,0,76.6,1170.0586
2022-08-16,uksouth,Compute,1351.0,1649.0,113.31,99.94,0,128.5,3.89,1.95,0,0,99.49,1346.806
2022-08-16,uksouth,Storage,220.0,294.0,4.87,99.93,0,90.08,1.21,0.77,0,0,52.22,1724.9034
2022-08-17,eastus,Compute,,779.0,51.05,99.94,0,96.84,2.67,3.98,0,0,64.36,1239.7168
2022-08-17,eastus,Storage,500.0,658.0,10.95,99.98,0,93.97,3.43,3.67,0,0,89.96,1255.0929
2022-08-17,westeurope,Compute,1021.0,1230.0,87.14,99.97,0,123.68,3.83,2.97,0,0,89.66,1400.5378
2022-08-17,westeurope,Storage,930.0,1078.0,19.58,99.95,0,86.22,3.11,5.12,0,0,85.69,1591.7118
2022-08-17,southeastasia,Compute,,788.0,50.37,99.85,0,119.73,1.96,5.22,0,0,87.7,1318.8906
2022-08-17,southeastasia,Storage,265.0,369.0,6.09,99.97,0,120.28,3.39,1.07,0,1,56.87,1350.0298
2022-08-17,centralus,Compute,994.0,,81.17,99.87,0,102.9,2.59,3.72,0,0,90.13,1555.4114
2022-08-17,centralus,Storage,306.0,409.0,6.6,99.96,0,111.7,3.82,2.02,0,0,97.16,1187.2406
2022-08-17,uksouth,Compute,3840.0,5188.0,333.94,99.96,0,115.27,2.01,1.54,0,0,60.66,1330.8206
2022-08-17,uksouth,Storage,589.0,811.0,12.89,99.97,0,133.97,3.44,5.46,0,0,63.56,1235.1587
2022-08-18,eastus,Compute,508.0,601.0,41.81,99.96,0,106.97,1.69,1.05,0,0,68.22,1316.1288
2022-08-18,eastus,Storage,291.0,388.0,6.43,99.98,0,114.36,2.52,5.25,0,0,84.82,1384.9075
2022-08-18,westeurope,Compute,1163.0,1450.0,100.84,99.93,0,89.09,3.32,4.28,0,0,92.15,1184.8265
2022-08-18,westeurope,Storage,,959.0,16.01,99.85,0,117.34,2.98,3.49,0,0,99.77,2016.4819
2022-08-18,southeastasia,Compute,697.0,965.0,57.59,99.97,0,97.91,4.4,3.79,1,0,57.37,1383.2029
2022-08-18,southeastasia,Storage,485.0,,11.17,99.94,0,119.63,1.92,5.41,0,0,97.82,1245.437
2022-08-18,centralus,Compute,650.0,,53.27,99.96,0,115.21,4.39,5.89,0,0,97.84,1168.6658
2022-08-18,centralus,Storage,,1100.0,18.02,99.98,0,125.32,2.37,4.97,0,0,84.16,1161.8156
2022-08-18,uksouth,Compute,3246.0,3882.0,278.59,99.97,0,104.13,3.54,4.21,0,0,78.18,1249.3524
2022-08-18,uksouth,Storage,455.0,610.0,9.87,99.96,0,89.9,3.44,2.11,0,0,83.27,1568.7975
2022-08-19,eastus,Compute,655.0,865.0,54.38,99.87,0,123.42,2.64,1.47,0,0,96.66,1591.0753
2022-08-19,eastus,Storage,901.0,1232.0,19.44,99.95,0,128.08,1.87,2.46,0,0,61.16,1561.83
2022-08-19,westeurope,Compute,,372.0,27.21,99.96,0,117.1,3.82,3.84,0,0,97.84,1218.2148
2022-08-19,westeurope,Storage,690.0,859.0,14.98,99.92,0,113.02,4.47,4.66,1,0,91.21,1575.4618
2022-08-19,southeastasia,Compute,622.0,764.0,54.66,99.96,0,111.8,1.59,4.08,0,0,66.56,1618.1986
2022-08-19,southeastasia,Storage,162.0,200.0,3.4,99.87,0,90.76,2.62,1.67,0,0,61.78,1190.4867
2022-08-19,centralus,Compute,1522.0,1972.0,125.2,99.85,0,101.89,2.61,0.84,0,0,95.68,1561.3868
2022-08-19,centralus,Storage,586.0,777.0,13.39,99.99,0,121.56,2.24,2.14,0,0,52.68,1536.2474
2022-08-19,uksouth,Compute,595.0,689.0,50.91,99.9,0,129.62,1.68,3.6,0,0,87.09,1231.7965
2022-08-19,uksouth,Storage,466.0,608.0,9.86,99.89,0,93.89,1.77,3.89,0,0,99.51,1288.0234
2022-08-20,eastus,Compute,1542.0,1819.0,132.17,99.99,1,113.6,4.33,2.94,0,0,84.87,1624.3088
2022-08-20,eastus,Storage,239.0,308.0,5.49,99.87,1,91.54,3.98,5.13,0,0,83.97,1209.4788
2022-08-20,westeurope,Compute,1293.0,1597.0,115.39,99.97,1,98.0,1.84,2.23,0,0,88.92,1932.6459
2022-08-20,westeurope,Storage,131.0,153.0,3.01,99.93,1,131.56,3.29,2.87,0,0,66.31,1234.8813
2022-08-20,southeastasia,Compute,329.0,460.0,28.95,99.96,1,118.11,2.59,4.52,0,0,89.81,1236.08
2022-08-20,southeastasia,Storage,198.0,254.0,4.22,99.88,1,130.25,3.97,0.56,0,0,72.91,1241.5085
2022-08-20,centralus,Compute,1238.0,1571.0,104.23,99.98,1,87.06,3.46,5.18,0,0,76.57,1266.9761
2022-08-20,centralus,Storage,211.0,249.0,4.8,99.87,1,110.66,2.92,5.84,0,0,62.04,1311.5444
2022-08-20,uksouth,Compute,289.0,382.0,24.83,99.86,1,123.14,3.32,5.8,0,0,69.08,1317.4574
2022-08-20,uksouth,Storage,334.0,390.0,,99.88,1,128.49,1.79,2.19,0,0,90.41,1709.3408
2022-08-21,eastus,Compute,942.0,1126.0,81.56,99.9,1,134.03,2.19,0.54,0,0,52.22,1811.0095
2022-08-21,eastus,Storage,509.0,611.0,11.57,99.87,1,128.19,3.74,3.63,0,0,51.99,1350.5361
2022-08-21,westeurope,Compute,1030.0,1383.0,86.39,99.87,1,97.57,1.91,4.52,0,0,70.81,1223.049
2022-08-21,westeurope,Storage,620.0,735.0,13.83,99.97,1,89.77,3.62,4.58,0,0,66.05,1230.0566
2022-08-21,southeastasia,Compute,477.0,556.0,40.89,99.89,1,108.33,3.04,5.37,0,0,53.97,2117.7869
2022-08-21,southeastasia,Storage,,475.0,7.91,99.97,1,131.01,1.33,4.59,1,0,73.08,1295.9216
2022-08-21,centralus,Compute,410.0,555.0,34.3,99.9,1,96.14,3.46,0.92,0,0,61.47,1614.3009
2022-08-21,centralus,Storage,538.0,651.0,12.27,99.94,1,85.07,2.37,5.22,1,1,64.06,1338.9944
2022-08-21,uksouth,Compute,219.0,297.0,19.06,99.97,1,132.84,1.23,0.99,0,0,90.96,1281.036
2022-08-21,uksouth,Storage,123.0,159.0,2.77,99.88,1,99.67,3.08,5.91,0,0,85.72,1342.1687
2022-08-22,eastus,Compute,1694.0,2099.0,136.82,99.89,0,110.73,3.39,1.76,0,0,67.7,1551.0342
2022-08-22,eastus,Storage,837.0,1033.0,18.91,99.86,0,96.49,1.23,5.83,0,0,82.57,1309.1776
2022-08-22,westeurope,Compute,1104.0,1520.0,94.81,99.88,0,105.98,2.38,4.35,0,1,59.89,1250.8597
2022-08-22,westeurope,Storage,202.0,277.0,4.56,99.99,0,97.7,2.81,1.8,0,0,56.36,1604.457
2022-08-22,southeastasia,Compute,340.0,432.0,29.24,99.97,0,122.02,2.72,5.91,0,0,99.63,1330.053
2022-08-22,southeastasia,Storage,159.0,183.0,3.4,99.94,0,90.07,3.51,0.57,0,0,73.46,1207.2913
2022-08-22,centralus,Compute,1097.0,1445.0,,99.89,0,128.04,3.34,4.89,0,0,98.97,1338.9719
2022-08-22,centralus,Storage,779.0,936.0,16.92,99.91,0,131.07,4.13,5.03,0,1,84.08,1367.5079
2022-08-22,uksouth,Compute,1273.0,1656.0,110.6,99.86,0,116.39,2.7,5.37,0,0,61.41,1376.8892
2022-08-22,uksouth,Storage,335.0,395.0,7.13,99.85,0,127.94,3.05,2.61,0,0,53.69,1302.572
2022-08-23,eastus,Compute,558.0,710.0,47.78,99.89,0,118.15,2.86,2.34,0,0,69.68,2229.0176
2022-08-23,eastus,Storage,848.0,1081.0,,99.92,0,113.6,1.57,2.88,0,0,59.58,1267.4177
2022-08-23,westeurope,Compute,493.0,589.0,42.13,99.98,0,124.43,4.19,3.71,0,0,63.07,1237.3446
2022-08-23,westeurope,Storage,170.0,217.0,3.8,99.86,0,87.71,3.14,5.38,0,0,90.55,1547.435
2022-08-23,southeastasia,Compute,,1048.0,67.45,99.89,0,105.93,2.67,5.51,0,0,76.88,1237.3075
2022-08-23,southeastasia,Storage,575.0,677.0,13.09,99.89,0,87.56,1.59,5.74,0,0,76.06,1998.5093
2022-08-23,centralus,Compute,1414.0,1632.0,115.05,100.8,0,87.74,2.52,2.35,0,0,79.8,2233.6116
2022-08-23,centralus,Storage,580.0,805.0,12.23,99.98,0,100.56,2.89,1.1,0,0,87.08,1218.0684
2022-08-23,uksouth,Compute,428.0,503.0,36.09,99.86,0,99.28,2.33,5.19,0,1,76.61,2240.4797
2022-08-23,uksouth,Storage,483.0,599.0,10.47,99.94,0,133.08,4.42,4.39,0,0,87.79,1644.9764
2022-08-24,eastus,Compute,1576.0,1885.0,135.17,99.86,0,125.73,2.11,5.94,0,0,74.84,1253.759
2022-08-24,eastus,Storage,958.0,1249.0,21.83,99.87,0,130.04,3.19,0.67,0,0,53.96,1176.4546
2022-08-24,westeurope,Compute,358.0,421.0,30.33,99.93,0,116.58,4.46,5.55,0,0,60.74,1328.5293
2022-08-24,westeurope,Storage,586.0,729.0,12.64,99.97,0,131.74,4.08,3.37,0,0,70.46,1249.3864
2022-08-24,southeastasia,Compute,291.0,383.0,23.86,99.94,0,86.79,3.18,4.05,0,0,52.3,1961.996
2022-08-24,southeastasia,Storage,702.0,932.0,15.68,99.87,0,100.95,2.95,5.16,0,0,67.63,2001.2175
2022-08-24,centralus,Compute,913.0,1170.0,,99.98,0,111.93,4.27,4.49,0,0,83.37,1528.0287
2022-08-24,centralus,Storage,341.0,398.0,7.84,99.98,0,131.32,4.43,1.52,0,0,94.59,1268.8049
2022-08-24,uksouth,Compute,388.0,450.0,32.67,99.94,0,129.13,4.47,4.94,0,0,92.18,1157.4088
2022-08-24,uksouth,Storage,658.0,,14.51,99.94,0,121.34,2.38,3.64,0,0,61.36,1336.6782
2022-08-25,eastus,Compute,832.0,1016.0,74.21,99.88,0,95.41,3.0,5.13,0,0,64.13,1259.2098
2022-08-25,eastus,Storage,368.0,424.0,8.08,99.9,0,118.74,3.31,2.59,1,0,81.67,1143.2904
2022-08-25,westeurope,Compute,1084.0,1421.0,94.5,99.9,0,109.48,4.32,5.7,0,0,79.7,1361.5071
2022-08-25,westeurope,Storage,636.0,761.0,,99.9,0,101.31,2.09,2.99,0,0,90.23,1138.5298
2022-08-25,southeastasia,Compute,719.0,939.0,58.87,99.9,0,120.35,4.41,1.42,0,0,62.12,1640.4138
2022-08-25,southeastasia,Storage,275.0,343.0,5.8,99.9,0,113.52,4.1,2.06,0,0,67.7,2242.4253
2022-08-25,centralus,Compute,919.0,1182.0,76.18,99.9,0,92.83,2.37,1.33,0,0,59.47,1562.4489
2022-08-25,centralus,Storage,472.0,616.0,10.19,99.91,0,103.0,3.34,3.09,0,0,87.01,1061.3977
2022-08-25,uksouth,Compute,1226.0,1472.0,105.9,99.99,0,120.26,2.05,2.05,0,0,75.92,2219.273
2022-08-25,uksouth,Storage,187.0,216.0,4.01,99.96,0,115.3,1.88,1.92,0,0,66.71,2245.422
2022-08-26,eastus,Compute,640.0,825.0,56.3,99.85,0,91.17,2.01,2.12,0,0,64.7,1962.1659
2022-08-26,eastus,Storage,995.0,1178.0,22.34,99.98,0,113.82,1.81,1.2,0,0,75.67,1451.8162
2022-08-26,westeurope,Compute,908.0,1076.0,75.68,99.86,0,89.55,1.67,4.42,1,0,97.21,1943.1337
2022-08-26,westeurope,Storage,659.0,794.0,15.13,99.92,0,107.32,3.78,4.42,0,0,71.11,1364.7734
2022-08-26,southeastasia,Compute,245.0,333.0,20.32,99.89,0,118.89,1.9,1.76,0,0,94.47,1268.1824
2022-08-26,southeastasia,Storage,678.0,793.0,14.74,99.87,0,117.47,3.7,1.86,0,0,64.18,1787.3601
2022-08-26,centralus,Compute,443.0,534.0,38.62,99.96,0,125.02,2.46,1.43,0,0,87.4,2230.905
2022-08-26,centralus,Storage,834.0,1040.0,19.15,99.94,0,113.79,3.5,0.75,0,0,58.05,773.4518
2022-08-26,uksouth,Compute,474.0,622.0,40.22,99.95,0,127.67,1.85,2.31,0,0,68.27,637.46466
2022-08-26,uksouth,Storage,598.0,738.0,13.34,99.98,0,124.9,3.47,5.84,0,0,70.34,1161.3834
2022-08-27,eastus,Compute,322.0,443.0,27.17,99.94,1,86.67,2.57,4.99,0,0,60.49,1542.4657
2022-08-27,eastus,Storage,309.0,426.0,7.05,99.89,1,134.48,3.41,2.07,0,0,80.31,1071.4917
2022-08-27,westeurope,Compute,539.0,751.0,47.45,99.95,1,86.32,3.15,4.39,0,0,95.79,1176.5449
2022-08-27,westeurope,Storage,246.0,282.0,5.33,99.87,1,129.15,4.26,1.91,0,0,78.3,1499.0157
2022-08-27,southeastasia,Compute,981.0,1313.0,84.91,99.91,1,112.76,2.04,0.7,0,0,58.12,2222.8003
2022-08-27,southeastasia,Storage,402.0,553.0,8.84,99.92,1,116.42,1.57,3.84,0,0,78.26,2239.4915
2022-08-27,centralus,Compute,676.0,866.0,59.51,99.89,1,106.26,3.85,0.99,0,0,50.07,1111.8622
2022-08-27,centralus,Storage,599.0,,,99.87,1,115.76,1.94,4.25,0,0,71.88,1528.7916
2022-08-27,uksouth,Compute,1068.0,1463.0,,99.86,1,111.47,3.34,2.02,0,0,82.52,474.66708
2022-08-27,uksouth,Storage,1292.0,1574.0,28.64,99.89,1,122.24,1.36,0.75,0,0,67.06,2241.3315
2022-08-28,eastus,Compute,577.0,695.0,49.75,99.98,1,107.29,2.8,1.81,0,0,67.53,1977.3569
2022-08-28,eastus,Storage,764.0,1042.0,16.07,99.88,1,129.66,1.6,3.96,0,0,69.16,2031.5999
2022-08-28,westeurope,Compute,612.0,808.0,52.96,99.94,1,110.01,2.91,4.0,0,0,79.35,444.68903
2022-08-28,westeurope,Storage,193.0,235.0,4.4,99.87,1,128.77,2.54,2.02,0,0,75.33,1954.5715
2022-08-28,southeastasia,Compute,827.0,1038.0,71.5,99.93,1,97.22,3.88,4.89,0,0,92.39,2204.3296
2022-08-28,southeastasia,Storage,131.0,165.0,2.84,99.95,1,115.18,3.36,1.66,0,0,55.42,1351.9264
2022-08-28,centralus,Compute,221.0,,18.96,99.91,1,133.98,2.22,4.67,0,0,50.87,2243.0427
2022-08-28,centralus,Storage,297.0,348.0,6.47,99.98,1,124.08,3.59,3.43,0,0,57.48,2243.6694
2022-08-28,uksouth,Compute,911.0,1059.0,73.73,99.87,1,132.49,4.19,0.98,0,0,54.88,2246.4255
2022-08-28,uksouth,Storage,297.0,397.0,6.38,99.89,1,108.92,1.26,2.14,0,0,56.31,524.2831
2022-08-29,eastus,Compute,1194.0,1621.0,101.96,99.92,0,104.21,1.84,1.31,0,0,89.52,1035.1484
2022-08-29,eastus,Storage,,535.0,10.12,99.9,0,132.34,2.86,3.1,0,0,75.64,1478.6027
2022-08-29,westeurope,Compute,1609.0,1956.0,135.97,99.94,0,110.04,4.18,5.67,0,0,74.09,1864.6942
2022-08-29,westeurope,Storage,728.0,1013.0,16.03,99.93,0,97.29,2.47,0.65,0,0,77.02,1483.4513
2022-08-29,southeastasia,Compute,592.0,747.0,50.23,99.98,0,120.31,2.06,3.27,0,0,91.67,1545.928
2022-08-29,southeastasia,Storage,356.0,452.0,8.06,99.96,0,96.53,1.36,4.37,0,0,62.98,1023.979
2022-08-29,centralus,Compute,1459.0,1797.0,123.07,99.94,0,98.66,1.37,2.55,0,0,98.24,415.7608
2022-08-29,centralus,Storage,842.0,1045.0,18.53,99.99,0,110.94,4.38,0.59,0,0,84.27,2237.6177
2022-08-29,uksouth,Compute,2295.0,2990.0,,99.91,0,101.78,2.36,1.0,0,0,68.66,2248.4722
2022-08-29,uksouth,Storage,481.0,645.0,10.89,99.95,0,98.79,4.03,0.51,0,0,55.53,2246.4436
2022-08-30,eastus,Compute,1220.0,1473.0,105.31,99.92,0,107.92,3.74,3.01,0,0,50.41,1105.3279
2022-08-30,eastus,Storage,220.0,299.0,4.66,99.98,0,88.97,2.35,3.86,0,0,89.95,2241.457
2022-08-30,westeurope,Compute,3087.0,4240.0,263.89,99.98,0,93.8,3.81,0.83,0,0,68.51,2232.0479
2022-08-30,westeurope,Storage,880.0,1083.0,19.54,99.98,0,85.5,2.5,5.17,0,0,84.6,1945.132
2022-08-30,southeastasia,Compute,420.0,577.0,34.69,99.94,0,129.04,1.32,5.06,0,0,68.62,1017.24023
2022-08-30,southeastasia,Storage,553.0,729.0,12.26,99.97,0,90.1,2.19,3.22,0,0,66.85,1887.3602
2022-08-30,centralus,Compute,658.0,816.0,56.84,99.9,0,102.36,3.62,2.2,0,0,90.27,1407.8228
2022-08-30,centralus,Storage,757.0,915.0,16.2,99.9,0,123.9,1.94,4.83,0,0,73.74,1725.8873
2022-08-30,uksouth,Compute,490.0,,43.11,99.91,0,120.48,1.69,4.66,0,0,74.73,2240.2327
2022-08-30,uksouth,Storage,980.0,,21.65,99.88,0,122.65,2.2,2.02,0,0,96.44,615.5971
2022-08-31,eastus,Compute,,5663.0,423.26,99.91,0,120.35,2.26,5.14,0,0,53.94,1339.9552
2022-08-31,eastus,Storage,484.0,645.0,11.05,99.97,0,97.69,1.96,5.25,0,0,91.03,2167.217
2022-08-31,westeurope,Compute,1222.0,1568.0,102.77,99.98,0,127.56,2.7,0.5,0,0,62.23,745.70166
2022-08-31,westeurope,Storage,658.0,,15.2,99.97,0,112.32,3.05,0.54,0,0,51.84,1231.0343
2022-08-31,southeastasia,Compute,505.0,624.0,43.06,99.94,0,115.47,3.6,4.14,0,0,83.2,638.53
2022-08-31,southeastasia,Storage,504.0,616.0,10.8,99.9,0,125.69,2.61,2.21,0,0,94.53,1086.9908
2022-08-31,centralus,Compute,859.0,,76.55,99.93,0,99.57,2.61,1.92,1,0,64.62,1397.2139
2022-08-31,centralus,Storage,582.0,700.0,12.98,99.87,0,94.5,3.27,5.95,0,0,76.93,2241.527
2022-08-31,uksouth,Compute,964.0,1209.0,85.3,99.88,0,89.88,3.29,1.03,0,0,77.38,2106.773
2022-08-31,uksouth,Storage,609.0,827.0,13.27,99.86,0,133.31,2.04,5.65,0,0,83.21,2251.323
2022-09-01,eastus,Compute,837.0,1053.0,74.58,99.97,0,121.72,4.13,4.55,0,0,72.8,2254.0637
2022-09-01,eastus,Storage,816.0,1055.0,18.09,99.89,0,116.64,4.19,2.64,0,0,52.41,2222.069
2022-09-01,westeurope,Compute,1564.0,1961.0,130.89,99.86,0,131.52,1.42,4.58,0,0,70.98,1718.7155
2022-09-01,westeurope,Storage,765.0,952.0,16.15,99.87,0,118.98,1.25,5.36,0,0,61.99,2249.4285
2022-09-01,southeastasia,Compute,1076.0,1496.0,95.66,99.95,0,99.81,2.01,5.94,0,0,67.77,1137.4331
2022-09-01,southeastasia,Storage,667.0,782.0,14.46,99.98,0,119.95,3.69,4.67,0,0,74.56,551.60535
2022-09-01,centralus,Compute,1169.0,1552.0,100.16,99.95,0,88.1,1.31,2.58,0,0,71.67,2243.6072
2022-09-01,centralus,Storage,466.0,595.0,10.67,99.92,0,92.87,3.27,3.76,1,0,57.84,2185.8945
2022-09-01,uksouth,Compute,462.0,583.0,38.77,99.97,0,115.61,4.09,3.4,0,0,91.1,2240.0203
2022-09-01,uksouth,Storage,276.0,335.0,5.83,99.89,0,110.49,4.43,0.85,0,0,65.22,2181.101
2022-09-02,eastus,Compute,318.0,385.0,27.09,99.85,0,106.59,3.09,1.5,0,0,53.53,1917.4949
2022-09-02,eastus,Storage,,680.0,,99.86,0,85.46,3.76,0.81,0,0,57.35,661.6535
2022-09-02,westeurope,Compute,844.0,,72.63,99.99,0,90.02,2.65,5.88,0,0,51.52,840.10864
2022-09-02,westeurope,Storage,208.0,268.0,4.39,99.97,0,111.74,2.57,2.36,0,0,87.06,2034.7338
2022-09-02,southeastasia,Compute,1005.0,1231.0,87.82,99.92,0,132.83,2.79,4.22,0,0,69.93,1142.2119
2022-09-02,southeastasia,Storage,,315.0,5.27,99.94,0,100.74,3.08,3.87,0,0,56.82,2239.3835
2022-09-02,centralus,Compute,1359.0,1702.0,,99.86,0,87.88,1.61,2.97,0,0,82.39,1505.4546
2022-09-02,centralus,Storage,132.0,156.0,2.83,99.93,0,130.94,3.12,5.56,0,0,51.09,1899.685
2022-09-02,uksouth,Compute,,1198.0,81.27,99.92,0,117.31,3.18,4.43,0,0,61.93,576.6118
2022-09-02,uksouth,Storage,364.0,,8.36,99.88,0,98.51,1.51,3.76,0,0,58.49,1850.0353
2022-09-03,eastus,Compute,261.0,311.0,21.5,99.96,1,88.05,4.49,3.37,0,0,84.51,2083.0017
2022-09-03,eastus,Storage,293.0,339.0,6.22,99.98,1,114.11,3.82,0.59,0,0,78.99,717.86505
2022-09-03,westeurope,Compute,845.0,1116.0,70.59,99.89,1,88.56,2.61,5.53,0,0,90.86,553.66766
2022-09-03,westeurope,Storage,151.0,200.0,3.45,100.8,1,120.17,3.56,4.47,0,0,64.7,1623.4467
2022-09-03,southeastasia,Compute,743.0,1025.0,61.57,99.88,1,110.66,3.68,2.96,0,0,80.52,1150.5673
2022-09-03,southeastasia,Storage,132.0,155.0,3.03,99.95,1,98.75,2.28,2.61,0,0,58.84,742.0125
2022-09-03,centralus,Compute,306.0,,26.72,99.9,1,118.16,3.58,2.13,0,0,83.86,1285.6138
2022-09-03,centralus,Storage,161.0,215.0,3.57,99.96,1,89.95,4.1,3.45,1,0,75.87,1066.6344
2022-09-03,uksouth,Compute,818.0,997.0,,99.86,1,123.56,1.57,2.76,0,0,50.3,2241.2393
2022-09-03,uksouth,Storage,181.0,211.0,3.83,99.87,1,128.62,4.27,3.11,0,0,69.57,693.8904
2022-09-04,eastus,Compute,1305.0,1783.0,109.16,99.94,1,112.45,2.12,2.0,0,0,90.54,1067.5939
2022-09-04,eastus,Storage,341.0,448.0,7.61,99.92,1,88.12,4.34,5.19,0,0,91.22,1484.6483
2022-09-04,westeurope,Compute,889.0,1170.0,77.52,99.86,1,123.38,3.62,3.74,0,0,55.13,1289.384
2022-09-04,westeurope,Storage,724.0,960.0,16.03,99.93,1,113.72,1.47,4.19,0,0,93.0,2236.843
2022-09-04,southeastasia,Compute,418.0,493.0,33.88,99.89,1,134.42,2.09,4.15,0,0,99.22,1732.4989
2022-09-04,southeastasia,Storage,266.0,,5.67,99.93,1,122.01,2.65,4.63,0,0,62.92,1371.6404
2022-09-04,centralus,Compute,239.0,322.0,19.74,99.95,1,111.93,4.45,2.49,0,0,69.84,1562.8466
2022-09-04,centralus,Storage,296.0,352.0,6.29,99.85,1,124.69,2.74,4.92,0,0,75.19,2245.0613
2022-09-04,uksouth,Compute,604.0,831.0,53.55,99.86,1,114.68,3.06,2.65,0,0,58.51,1424.2799
2022-09-04,uksouth,Storage,1350.0,1872.0,28.52,99.95,1,126.22,3.52,2.62,0,0,69.85,2106.99
2022-09-05,eastus,Compute,1595.0,2089.0,130.61,99.93,0,120.78,1.75,4.37,0,0,75.28,1251.5585
2022-09-05,eastus,Storage,758.0,1011.0,16.48,99.86,0,123.64,1.97,4.55,0,0,53.82,2013.2026
2022-09-05,westeurope,Compute,929.0,1263.0,78.36,99.95,0,118.58,1.9,2.36,0,0,77.14,965.1934
2022-09-05,westeurope,Storage,319.0,390.0,6.69,99.87,0,90.31,2.31,3.85,0,0,69.87,1004.6491
2022-09-05,southeastasia,Compute,,3226.0,211.63,99.97,0,110.92,2.51,3.58,0,0,66.2,1524.0411
2022-09-05,southeastasia,Storage,,629.0,,99.91,0,103.96,4.41,1.14,0,0,54.91,2236.4595
2022-09-05,centralus,Compute,792.0,955.0,68.98,99.86,0,116.49,1.92,4.19,0,0,81.33,1675.4197
2022-09-05,centralus,Storage,628.0,876.0,14.01,99.88,0,90.96,4.32,2.89,0,0,55.23,1709.813
2022-09-05,uksouth,Compute,1970.0,2308.0,164.75,99.87,0,115.22,2.77,0.52,0,0,62.91,2214.3567
2022-09-05,uksouth,Storage,416.0,556.0,9.0,99.89,0,98.54,2.35,2.46,0,0,52.39,2238.7334
2022-09-06,eastus,Compute,1522.0,2101.0,129.32,99.95,0,133.56,3.48,1.06,0,0,63.78,524.51733
2022-09-06,eastus,Storage,158.0,183.0,3.38,99.98,0,127.27,2.65,3.15,0,0,94.04,2022.4546
2022-09-06,westeurope,Compute,954.0,1291.0,84.67,99.9,0,121.43,2.56,3.26,0,0,76.52,1939.486
2022-09-06,westeurope,Storage,747.0,1039.0,16.76,99.94,0,115.68,2.52,5.12,0,0,64.66,1414.7211
2022-09-06,southeastasia,Compute,1185.0,,95.96,99.94,0,115.14,1.29,1.17,0,0,95.33,1258.548
2022-09-06,southeastasia,Storage,341.0,420.0,7.35,99.85,0,132.59,2.85,3.26,0,0,66.61,1444.1077
2022-09-06,centralus,Compute,1405.0,1861.0,122.87,99.93,0,128.14,3.02,1.76,0,0,82.68,2240.5454
2022-09-06,centralus,Storage,271.0,340.0,5.68,99.86,0,118.9,2.43,5.27,0,0,84.34,1446.0576
2022-09-06,uksouth,Compute,784.0,953.0,66.18,99.97,0,101.28,4.08,2.5,0,0,77.35,543.2104
2022-09-06,uksouth,Storage,501.0,672.0,10.75,99.99,0,93.97,4.22,2.28,0,0,86.82,1871.1427
2022-09-07,eastus,Compute,1731.0,2218.0,144.54,99.93,0,117.04,3.39,3.9,0,0,72.31,2245.3276
2022-09-07,eastus,Storage,179.0,225.0,3.88,99.95,0,96.11,1.23,3.09,0,0,64.56,1359.9261
2022-09-07,westeurope,Compute,852.0,1156.0,69.56,99.93,0,92.14,2.18,3.93,0,0,76.55,2069.9482
2022-09-07,westeurope,Storage,777.0,1024.0,16.9,99.99,0,97.18,3.21,5.16,0,0,84.86,2243.4287
2022-09-07,southeastasia,Compute,885.0,1061.0,78.05,99.95,0,86.27,1.23,2.1,0,0,83.19,870.8018
2022-09-07,southeastasia,Storage,407.0,532.0,9.21,99.96,0,120.94,1.37,4.8,0,0,97.82,1568.2296
2022-09-07,centralus,Compute,1150.0,1562.0,100.92,99.89,0,121.53,3.42,3.1,0,0,83.89,678.9928
2022-09-07,centralus,Storage,711.0,891.0,15.34,99.97,0,112.39,3.11,4.14,0,0,87.08,450.49103
2022-09-07,uksouth,Compute,1359.0,1606.0,109.82,99.87,0,132.81,3.72,5.82,1,0,52.21,2232.481
2022-09-07,uksouth,Storage,,734.0,11.73,99.94,0,102.74,4.26,5.17,0,0,52.6,2139.8691
2022-09-08,eastus,Compute,1556.0,2014.0,126.14,99.97,0,87.57,1.76,1.06,0,0,52.75,1340.0905
2022-09-08,eastus,Storage,611.0,732.0,12.77,99.9,0,130.95,3.11,4.5,0,0,76.45,1256.0043
2022-09-08,westeurope,Compute,1031.0,1393.0,89.38,99.93,0,115.86,2.4,5.13,0,0,61.99,2231.4946
2022-09-08,westeurope,Storage,747.0,933.0,15.92,99.94,0,94.22,2.75,4.23,0,0,51.99,2249.2815
2022-09-08,southeastasia,Compute,,993.0,63.18,99.94,0,133.57,3.24,2.59,0,0,50.69,1445.4493
2022-09-08,southeastasia,Storage,199.0,263.0,4.44,100.8,0,101.34,3.6,4.09,0,0,77.78,661.5399
2022-09-08,centralus,Compute,936.0,1226.0,76.17,99.92,0,124.03,3.51,5.84,1,0,77.46,2245.3472
2022-09-08,centralus,Storage,589.0,690.0,12.53,99.9,0,113.21,3.37,2.32,0,0,82.6,2199.6406
2022-09-08,uksouth,Compute,804.0,1023.0,65.43,99.94,0,94.11,4.0,2.01,0,0,79.82,1007.4942
2022-09-08,uksouth,Storage,295.0,362.0,6.59,99.87,0,100.44,3.52,4.08,0,0,57.36,622.68365
2022-09-09,eastus,Compute,1147.0,1459.0,94.44,99.92,0,123.25,3.99,2.62,0,1,77.52,1182.695
2022-09-09,eastus,Storage,691.0,877.0,14.53,99.94,0,114.07,1.87,4.89,1,0,51.33,1078.5449
2022-09-09,westeurope,Compute,364.0,441.0,31.63,99.89,0,110.56,4.22,0.77,0,0,56.34,2234.644
2022-09-09,westeurope,Storage,,1677.0,32.11,99.99,0,104.19,3.28,4.79,0,0,71.69,639.9708
2022-09-09,southeastasia,Compute,1194.0,1409.0,105.56,100.8,0,131.1,4.22,5.4,0,0,57.18,1520.1935
2022-09-09,southeastasia,Storage,580.0,736.0,12.5,99.91,0,118.25,1.89,2.46,0,0,66.31,609.07916
2022-09-09,centralus,Compute,980.0,1303.0,,99.95,0,101.76,1.42,4.74,0,0,90.21,1858.1771
2022-09-09,centralus,Storage,652.0,782.0,14.47,99.97,0,87.44,3.17,4.04,0,0,81.57,1959.5812
2022-09-09,uksouth,Compute,438.0,507.0,38.68,99.87,0,129.3,4.05,2.98,0,0,99.84,1640.9294
2022-09-09,uksouth,Storage,477.0,623.0,10.01,99.86,0,89.07,3.77,2.43,0,0,58.5,639.4498
2022-09-10,eastus,Compute,726.0,878.0,62.3,99.93,1,100.92,3.77,0.94,0,0,94.59,2244.0745
2022-09-10,eastus,Storage,129.0,166.0,2.92,99.93,1,90.55,3.87,4.68,0,0,63.58,2101.4417
2022-09-10,westeurope,Compute,629.0,756.0,51.15,99.9,1,110.83,3.85,2.69,0,0,85.18,2240.5237
2022-09-10,westeurope,Storage,301.0,359.0,6.79,99.93,1,96.65,3.69,2.96,0,0,55.53,1842.5023
2022-09-10,southeastasia,Compute,273.0,356.0,22.22,99.86,1,90.34,1.2,4.33,0,0,61.65,2245.953
2022-09-10,southeastasia,Storage,565.0,764.0,11.85,99.85,1,102.86,1.7,4.93,0,0,58.85,1145.2257
2022-09-10,centralus,Compute,717.0,982.0,59.11,99.9,1,123.12,1.89,3.75,0,0,85.32,540.0517
2022-09-10,centralus,Storage,441.0,,10.07,99.85,1,99.41,1.36,4.08,0,0,82.33,1443.8513
2022-09-10,uksouth,Compute,550.0,634.0,44.77,99.93,1,130.59,3.18,1.8,0,0,79.85,718.59705
2022-09-10,uksouth,Storage,462.0,542.0,10.53,99.85,1,130.55,2.21,3.3,0,0,87.49,1649.0745
2022-09-11,eastus,Compute,401.0,479.0,33.43,99.92,1,115.36,4.26,2.61,0,0,57.62,1585.4734
2022-09-11,eastus,Storage,338.0,466.0,7.59,99.98,1,133.18,3.82,2.74,0,0,83.5,650.02686
2022-09-11,westeurope,Compute,1357.0,1626.0,113.55,99.88,1,130.32,1.92,3.56,0,0,62.37,581.36
2022-09-11,westeurope,Storage,699.0,897.0,15.64,99.95,1,122.71,1.32,2.67,0,0,80.11,1136.4232
2022-09-11,southeastasia,Compute,1356.0,1584.0,118.12,99.86,1,94.29,2.58,3.04,0,0,85.66,877.2023
2022-09-11,southeastasia,Storage,506.0,599.0,11.12,99.98,1,121.57,3.64,4.67,0,1,96.23,489.10687
2022-09-11,centralus,Compute,316.0,380.0,26.55,99.94,1,86.44,2.64,3.79,0,0,64.04,827.9092
2022-09-11,centralus,Storage,353.0,487.0,,99.87,1,112.91,3.74,4.45,0,0,53.69,2226.5637
2022-09-11,uksouth,Compute,707.0,904.0,59.76,99.89,1,126.7,2.73,0.83,0,0,94.37,833.9507
2022-09-11,uksouth,Storage,228.0,275.0,4.82,99.92,1,125.56,3.36,4.01,1,0,96.97,971.0991
2022-09-12,eastus,Compute,343.0,468.0,30.35,99.98,0,126.54,2.54,1.37,0,0,61.64,1939.0524
2022-09-12,eastus,Storage,556.0,738.0,11.97,99.87,0,99.39,3.26,5.05,0,0,62.47,1923.0426
2022-09-12,westeurope,Compute,735.0,968.0,62.27,99.9,0,112.78,1.6,3.0,0,0,81.73,392.78983
2022-09-12,westeurope,Storage,782.0,1072.0,17.3,99.94,0,88.49,1.64,3.69,0,0,77.16,1045.5372
2022-09-12,southeastasia,Compute,784.0,1047.0,64.11,99.96,0,103.53,3.44,4.19,0,0,51.94,2123.2947
2022-09-12,southeastasia,Storage,581.0,746.0,12.73,99.92,0,95.17,4.18,4.65,0,0,64.22,1846.9208
2022-09-12,centralus,Compute,1301.0,1498.0,110.12,99.94,0,106.54,1.62,4.78,0,0,77.51,1174.8813
2022-09-12,centralus,Storage,391.0,478.0,8.51,99.98,0,95.07,3.11,2.64,0,0,71.86,1650.3562
2022-09-12,uksouth,Compute,350.0,,30.36,99.92,0,85.57,3.22,5.56,0,0,86.43,734.23975
2022-09-12,uksouth,Storage,,414.0,7.33,99.93,0,88.45,3.96,3.14,0,0,99.63,1004.4093
2022-09-13,eastus,Compute,1349.0,1761.0,110.51,99.86,0,85.67,2.27,0.91,0,0,53.07,1454.6667
2022-09-13,eastus,Storage,687.0,804.0,15.76,99.91,0,118.71,4.11,1.22,0,0,91.98,525.54614
2022-09-13,westeurope,Compute,1561.0,,127.79,99.93,0,134.97,1.66,2.83,0,0,84.49,476.93777
2022-09-13,westeurope,Storage,310.0,365.0,7.05,99.9,0,111.44,2.63,3.12,0,0,55.24,362.53836
2022-09-13,southeastasia,Compute,812.0,983.0,66.49,99.87,0,129.12,3.42,5.58,0,0,77.76,2244.651
2022-09-13,southeastasia,Storage,145.0,168.0,3.13,99.91,0,131.04,1.47,4.77,0,0,75.67,1830.3925
2022-09-13,centralus,Compute,2826.0,3308.0,242.56,99.97,0,88.99,3.03,5.03,0,0,63.92,1316.0508
2022-09-13,centralus,Storage,672.0,818.0,15.26,99.99,0,108.19,2.26,5.62,0,0,70.69,364.82782
2022-09-13,uksouth,Compute,443.0,610.0,39.15,99.96,0,119.75,1.28,1.23,0,0,55.84,1044.4551
2022-09-13,uksouth,Storage,223.0,269.0,4.9,99.9,0,133.18,4.44,4.64,0,0,99.62,1381.6375
2022-09-14,eastus,Compute,1279.0,1520.0,113.9,99.86,0,111.7,4.22,5.7,0,0,86.22,585.5115
2022-09-14,eastus,Storage,893.0,1076.0,,99.9,0,100.51,2.21,3.83,0,0,53.39,825.8252
2022-09-14,westeurope,Compute,494.0,602.0,42.17,100.8,0,121.72,1.74,4.63,0,1,52.94,1339.77
2022-09-14,westeurope,Storage,316.0,374.0,6.64,99.87,0,132.88,3.6,3.4,0,0,86.28,1487.9313
2022-09-14,southeastasia,Compute,814.0,1088.0,71.01,99.98,0,121.82,2.32,1.16,0,0,55.79,1030.535
2022-09-14,southeastasia,Storage,516.0,623.0,11.83,99.86,0,119.45,3.25,2.93,0,0,93.64,2150.8433
2022-09-14,centralus,Compute,,1900.0,130.23,99.94,0,118.21,4.2,4.62,0,0,93.27,1345.0461
2022-09-14,centralus,Storage,146.0,186.0,3.35,99.93,0,97.76,1.3,2.35,0,0,80.49,356.4567
2022-09-14,uksouth,Compute,776.0,1029.0,68.26,99.93,0,117.45,1.87,4.55,0,0,55.78,1588.7643
2022-09-14,uksouth,Storage,221.0,291.0,4.77,99.97,0,103.59,1.34,4.87,0,0,67.44,696.4276
2022-09-15,eastus,Compute,676.0,920.0,59.04,99.94,0,128.52,3.54,3.36,0,0,80.07,941.0243
2022-09-15,eastus,Storage,,682.0,12.89,99.99,0,131.32,4.32,3.89,0,0,88.15,1329.6635
2022-09-15,westeurope,Compute,1335.0,1706.0,111.91,99.97,0,100.92,1.51,2.17,0,0,59.4,1336.9417
2022-09-15,westeurope,Storage,433.0,563.0,9.2,99.91,0,127.63,4.41,4.16,0,0,98.75,1488.4248
2022-09-15,southeastasia,Compute,510.0,682.0,44.7,99.87,0,87.05,2.3,3.94,0,0,79.04,521.2622
2022-09-15,southeastasia,Storage,483.0,574.0,10.24,99.92,0,119.08,2.69,1.18,0,0,69.06,1800.9525
2022-09-15,centralus,Compute,1018.0,1406.0,90.61,99.87,0,129.56,2.28,0.57,0,0,55.41,573.5304
2022-09-15,centralus,Storage,453.0,571.0,10.06,99.95,0,126.3,2.04,1.83,0,0,60.9,1051.5336
2022-09-15,uksouth,Compute,268.0,335.0,23.66,99.88,0,117.24,1.64,5.75,0,0,71.69,778.69604
2022-09-15,uksouth,Storage,1386.0,1803.0,,99.9,0,129.16,1.69,5.65,0,0,73.14,1028.7317
2022-09-16,eastus,Compute,1113.0,1507.0,91.92,99.93,0,109.26,4.24,3.54,0,0,97.93,1715.266
2022-09-16,eastus,Storage,910.0,,20.45,99.86,0,121.48,2.94,2.9,0,0,61.17,1289.9458
2022-09-16,westeurope,Compute,1534.0,1765.0,125.88,99.98,0,127.12,2.11,2.71,0,0,76.63,857.47943
2022-09-16,westeurope,Storage,441.0,584.0,9.43,99.99,0,100.93,2.96,0.6,0,0,59.77,1356.2792
2022-09-16,southeastasia,Compute,479.0,611.0,42.67,99.95,0,116.48,2.93,4.35,0,0,77.09,1776.662
2022-09-16,southeastasia,Storage,606.0,818.0,12.89,99.88,0,132.93,2.67,3.36,0,0,87.17,1292.2961
2022-09-16,centralus,Compute,436.0,511.0,38.65,99.97,0,124.57,3.49,3.34,0,0,90.8,1312.8134
2022-09-16,centralus,Storage,,990.0,16.76,99.89,0,117.61,3.34,0.9,0,0,65.93,989.30585
2022-09-16,uksouth,Compute,,1044.0,74.38,99.92,0,89.55,3.12,5.52,0,0,71.96,290.32574
2022-09-16,uksouth,Storage,236.0,320.0,5.38,99.9,0,103.74,3.7,2.12,0,0,69.37,592.01135
2022-09-17,eastus,Compute,611.0,726.0,49.69,99.86,1,97.88,2.85,5.23,0,0,66.43,1267.0834
2022-09-17,eastus,Storage,456.0,590.0,9.82,99.95,1,103.75,1.64,1.8,0,0,63.63,846.955
2022-09-17,westeurope,Compute,945.0,,82.94,99.95,1,117.29,4.22,0.82,0,0,68.62,1039.1953
2022-09-17,westeurope,Storage,,,11.39,99.96,1,97.26,3.45,5.45,0,0,51.23,1413.2028
2022-09-17,southeastasia,Compute,380.0,508.0,31.64,99.94,1,87.12,2.18,1.79,0,0,80.9,1015.6759
2022-09-17,southeastasia,Storage,343.0,464.0,7.3,99.95,1,109.28,1.82,4.34,0,0,82.33,275.63394
2022-09-17,centralus,Compute,847.0,1176.0,,99.95,1,126.92,2.47,4.26,0,0,79.45,442.41833
2022-09-17,centralus,Storage,495.0,604.0,11.23,99.86,1,99.01,1.33,0.58,0,0,63.42,943.49896
2022-09-17,uksouth,Compute,729.0,980.0,63.05,99.9,1,112.33,2.67,1.21,0,0,94.01,1573.4026
2022-09-17,uksouth,Storage,564.0,677.0,11.97,99.97,1,128.12,2.94,1.07,0,0,96.46,771.5025
2022-09-18,eastus,Compute,1354.0,,118.36,99.86,1,107.45,2.58,1.5,0,0,90.68,1348.9287
2022-09-18,eastus,Storage,408.0,,8.53,99.86,1,116.16,2.9,2.89,0,0,69.22,2232.9033
2022-09-18,westeurope,Compute,348.0,474.0,30.75,99.93,1,119.1,3.51,3.03,0,0,69.2,398.7561
2022-09-18,westeurope,Storage,746.0,998.0,16.41,99.93,1,129.95,1.85,1.04,0,0,92.52,948.6942
2022-09-18,southeastasia,Compute,212.0,292.0,,99.87,1,98.27,1.29,2.62,0,0,76.11,607.3415
2022-09-18,southeastasia,Storage,104.0,120.0,2.28,99.96,1,128.11,3.91,2.79,0,0,52.78,1301.0142
2022-09-18,centralus,Compute,258.0,307.0,21.18,99.89,1,107.31,4.09,0.99,0,0,86.36,1446.2523
2022-09-18,centralus,Storage,225.0,263.0,4.82,99.91,1,130.34,4.08,4.45,1,0,84.12,966.03204
2022-09-18,uksouth,Compute,464.0,551.0,39.11,99.89,1,89.4,4.39,1.96,0,0,95.66,490.2105
2022-09-18,uksouth,Storage,211.0,267.0,4.72,99.96,1,133.32,4.13,4.87,0,0,56.03,1232.0913
2022-09-19,eastus,Compute,1450.0,1890.0,122.5,99.85,0,101.36,2.59,3.17,0,0,75.94,1254.1536
2022-09-19,eastus,Storage,866.0,,18.94,99.99,0,110.7,1.75,3.56,0,0,96.87,286.90613
2022-09-19,westeurope,Compute,1190.0,1456.0,96.79,99.89,0,89.63,2.85,4.4,0,0,67.0,1225.5277
2022-09-19,westeurope,Storage,169.0,209.0,3.64,99.94,0,129.17,2.7,4.61,0,0,57.63,621.8185
2022-09-19,southeastasia,Compute,2166.0,2658.0,185.07,99.99,0,124.67,2.46,3.67,0,0,86.82,1240.6154
2022-09-19,southeastasia,Storage,137.0,174.0,2.87,99.87,0,114.08,3.82,4.7,0,0,52.22,1236.4819
2022-09-19,centralus,Compute,306.0,423.0,25.45,99.92,0,94.36,2.92,5.22,0,0,95.57,496.14078
2022-09-19,centralus,Storage,608.0,800.0,13.86,99.92,0,120.38,1.27,3.85,0,0,96.11,509.01126
2022-09-19,uksouth,Compute,254.0,299.0,,99.87,0,109.44,2.29,4.46,0,0,60.66,1331.7415
2022-09-19,uksouth,Storage,567.0,741.0,12.38,99.85,0,86.41,2.75,1.51,0,0,82.72,1468.0739
2022-09-20,eastus,Compute,1193.0,1587.0,98.87,99.94,0,120.65,4.14,2.33,0,0,82.43,662.0645
2022-09-20,eastus,Storage,692.0,861.0,15.67,99.89,0,93.82,3.0,3.61,0,0,90.73,2241.9631
2022-09-20,westeurope,Compute,1379.0,1657.0,115.87,99.97,0,95.8,3.87,2.06,1,0,87.29,549.76306
2022-09-20,westeurope,Storage,272.0,324.0,5.77,99.88,0,107.38,2.92,5.53,0,0,87.19,837.082
2022-09-20,southeastasia,Compute,,1224.0,84.08,99.88,0,92.28,3.84,2.86,0,0,92.28,2234.9978
2022-09-20,southeastasia,Storage,499.0,686.0,11.31,99.88,0,101.24,2.36,5.52,0,0,74.22,1747.9697
2022-09-20,centralus,Compute,300.0,364.0,26.44,99.97,0,103.36,1.8,5.31,0,0,98.35,927.3754
2022-09-20,centralus,Storage,518.0,653.0,11.43,99.89,0,129.95,2.66,4.98,0,0,74.51,683.39746
2022-09-20,uksouth,Compute,453.0,589.0,39.76,99.86,0,120.53,2.27,1.17,0,0,91.07,1696.4204
2022-09-20,uksouth,Storage,486.0,631.0,10.51,99.88,0,125.49,4.19,3.31,0,0,93.95,1266.706
2022-09-21,eastus,Compute,724.0,,59.0,99.99,0,96.45,3.3,2.06,0,0,89.26,316.2465
2022-09-21,eastus,Storage,692.0,954.0,14.67,99.91,0,89.45,1.57,5.47,0,0,56.95,347.6184
2022-09-21,westeurope,Compute,653.0,844.0,54.8,99.87,0,111.74,2.48,4.54,0,0,71.82,1392.0231
2022-09-21,westeurope,Storage,633.0,732.0,14.41,99.9,0,119.05,4.33,3.61,0,0,96.7,1243.7726
2022-09-21,southeastasia,Compute,500.0,596.0,41.61,99.92,0,102.3,2.87,1.52,0,0,68.07,1023.9724
2022-09-21,southeastasia,Storage,132.0,167.0,3.05,99.91,0,94.12,3.22,1.8,0,0,51.14,2223.2036
2022-09-21,centralus,Compute,252.0,339.0,20.63,99.98,0,114.38,1.29,5.8,0,0,64.21,1379.2344
2022-09-21,centralus,Storage,417.0,558.0,9.5,99.95,0,131.17,2.92,4.23,0,1,87.83,853.5536
2022-09-21,uksouth,Compute,341.0,444.0,,99.97,0,88.09,2.26,1.28,0,0,61.75,382.34912
2022-09-21,uksouth,Storage,407.0,,9.27,99.9,0,88.44,4.47,4.24,0,0,82.38,964.3492
2022-09-22,eastus,Compute,698.0,909.0,59.41,99.93,0,89.81,2.78,5.96,0,0,64.78,809.50977
2022-09-22,eastus,Storage,1340.0,1734.0,30.52,99.9,0,110.82,1.24,4.84,0,0,63.28,588.42706
2022-09-22,westeurope,Compute,476.0,636.0,41.32,99.94,0,129.01,3.85,5.9,0,0,52.88,330.94763
2022-09-22,westeurope,Storage,496.0,644.0,10.43,99.91,0,100.13,1.99,3.82,0,0,57.94,1272.3723
2022-09-22,southeastasia,Compute,1183.0,1417.0,103.96,100.8,0,86.62,3.91,3.06,0,0,52.3,1487.6122
2022-09-22,southeastasia,Storage,264.0,,5.74,99.9,0,134.66,4.45,1.54,0,0,57.72,611.4223
2022-09-22,centralus,Compute,1150.0,1442.0,94.24,99.93,0,134.83,4.17,2.03,0,0,73.09,690.32324
2022-09-22,centralus,Storage,259.0,329.0,5.94,99.92,0,126.55,2.25,5.84,0,0,89.49,1811.257
2022-09-22,uksouth,Compute,1270.0,1522.0,109.46,99.86,0,116.01,2.89,1.13,0,0,60.86,369.58875
2022-09-22,uksouth,Storage,555.0,716.0,12.05,99.87,0,107.48,1.96,5.11,0,0,76.41,1599.0168
2022-09-23,eastus,Compute,,2198.0,147.45,99.94,0,120.41,3.31,4.19,0,0,70.15,1260.5198
2022-09-23,eastus,Storage,594.0,815.0,12.95,99.85,0,119.75,3.79,0.6,0,0,68.94,1312.725
2022-09-23,westeurope,Compute,1092.0,1440.0,92.98,99.88,0,115.33,3.63,5.86,0,0,99.4,830.5418
2022-09-23,westeurope,Storage,846.0,1006.0,18.78,99.97,0,105.93,3.41,3.89,0,0,60.51,1523.2566
2022-09-23,southeastasia,Compute,354.0,474.0,29.66,99.87,0,125.0,2.07,0.79,0,0,90.42,590.5058
2022-09-23,southeastasia,Storage,375.0,,8.11,99.98,0,117.7,2.96,1.62,0,0,62.41,1420.9508
2022-09-23,centralus,Compute,262.0,319.0,21.79,99.85,0,119.62,3.76,0.68,0,0,68.81,1144.1361
2022-09-23,centralus,Storage,771.0,974.0,16.6,99.89,0,96.12,2.3,2.44,0,0,96.64,1390.0745
2022-09-23,uksouth,Compute,237.0,299.0,21.04,99.88,0,131.15,3.57,4.19,0,0,54.95,1330.8109
2022-09-23,uksouth,Storage,247.0,299.0,5.16,99.97,0,99.8,1.49,0.98,0,0,57.25,1399.8842
2022-09-24,eastus,Compute,294.0,338.0,23.75,100.8,1,131.35,3.4,4.5,0,0,95.72,1094.2756
2022-09-24,eastus,Storage,489.0,575.0,11.27,99.95,1,98.63,2.7,2.13,0,0,79.0,1266.8475
2022-09-24,westeurope,Compute,,,45.75,99.94,1,122.58,2.28,3.72,0,0,58.23,1684.536
2022-09-24,westeurope,Storage,,208.0,3.37,99.99,1,90.16,2.72,2.8,0,0,92.07,608.7512
2022-09-24,southeastasia,Compute,377.0,522.0,31.67,99.97,1,131.08,2.82,4.51,0,0,79.33,609.11896
2022-09-24,southeastasia,Storage,239.0,327.0,5.04,99.85,1,115.32,2.29,2.8,0,0,50.18,375.26337
2022-09-24,centralus,Compute,365.0,420.0,30.21,99.88,1,102.46,1.78,0.87,0,0,89.85,1504.0376
2022-09-24,centralus,Storage,270.0,326.0,5.99,99.87,1,126.67,1.63,0.68,0,0,56.47,1798.8195
2022-09-24,uksouth,Compute,697.0,941.0,58.78,99.94,1,105.22,3.02,0.84,0,0,84.55,1444.5507
2022-09-24,uksouth,Storage,415.0,493.0,8.77,99.92,1,118.75,1.57,5.55,0,0,60.13,718.85785
2022-09-25,eastus,Compute,603.0,782.0,,99.89,1,113.57,2.96,4.79,0,0,60.31,901.6837
2022-09-25,eastus,Storage,173.0,221.0,3.87,99.96,1,120.51,1.88,1.14,0,0,54.25,1619.3253
2022-09-25,westeurope,Compute,1104.0,1356.0,98.33,99.96,1,87.88,2.88,3.59,0,0,74.17,1311.7675
2022-09-25,westeurope,Storage,423.0,506.0,9.48,99.91,1,89.6,3.3,2.46,0,0,78.56,413.25394
2022-09-25,southeastasia,Compute,429.0,512.0,35.18,99.93,1,103.33,3.04,3.24,0,0,51.64,1162.688
2022-09-25,southeastasia,Storage,382.0,523.0,8.66,100.8,1,100.74,1.27,4.96,0,0,90.87,1269.6149
2022-09-25,centralus,Compute,668.0,849.0,54.94,99.96,1,98.66,3.91,3.86,0,0,61.62,2226.6167
2022-09-25,centralus,Storage,636.0,890.0,14.13,99.94,1,90.58,2.53,5.23,0,0,95.17,441.98315
2022-09-25,uksouth,Compute,1042.0,1325.0,85.69,99.86,1,119.98,4.05,4.94,0,0,54.7,817.23334
2022-09-25,uksouth,Storage,180.0,222.0,3.82,99.93,1,106.21,2.73,3.49,0,0,81.47,1503.5259
2022-09-26,eastus,Compute,1410.0,1677.0,123.89,99.91,0,124.85,2.95,3.14,0,0,90.1,1459.417
2022-09-26,eastus,Storage,877.0,1219.0,19.2,99.96,0,120.31,2.91,3.91,0,0,82.72,1393.9536
2022-09-26,westeurope,Compute,345.0,429.0,30.29,99.86,0,116.24,4.06,5.11,0,0,71.37,735.55566
2022-09-26,westeurope,Storage,674.0,903.0,14.2,99.93,0,112.51,3.21,4.33,0,0,60.98,1787.8458
2022-09-26,southeastasia,Compute,215.0,299.0,18.34,99.92,0,103.37,2.6,3.15,0,0,90.81,1441.0609
2022-09-26,southeastasia,Storage,220.0,284.0,4.64,99.88,0,123.17,2.2,5.92,0,0,51.82,1339.9634
2022-09-26,centralus,Compute,1022.0,1312.0,85.96,99.91,0,117.17,3.38,1.35,0,0,72.16,809.2155
2022-09-26,centralus,Storage,433.0,550.0,9.59,99.95,0,88.0,3.03,2.87,0,0,94.19,892.4871
2022-09-26,uksouth,Compute,3513.0,4526.0,311.74,99.98,0,113.98,1.66,3.03,0,0,68.19,443.5554
2022-09-26,uksouth,Storage,655.0,811.0,14.65,99.87,0,120.28,4.41,0.74,0,0,71.53,1337.622
2022-09-27,eastus,Compute,760.0,1004.0,66.54,99.89,0,127.47,2.66,1.94,1,0,76.77,783.7204
2022-09-27,eastus,Storage,702.0,821.0,15.58,99.85,0,112.89,2.36,4.04,0,0,58.12,1982.21
2022-09-27,westeurope,Compute,1211.0,1418.0,104.24,99.91,0,93.15,1.59,3.57,0,0,70.3,1317.6238
2022-09-27,westeurope,Storage,680.0,797.0,14.73,99.87,0,133.3,3.11,2.96,0,0,70.78,1057.4657
2022-09-27,southeastasia,Compute,542.0,661.0,45.3,99.93,0,87.32,4.22,1.04,0,0,62.83,1269.3971
2022-09-27,southeastasia,Storage,537.0,714.0,12.16,99.88,0,103.53,2.46,5.76,0,0,81.62,397.00342
2022-09-27,centralus,Compute,1370.0,1880.0,117.54,99.98,0,102.85,3.49,4.07,0,0,61.08,1895.4196
2022-09-27,centralus,Storage,187.0,217.0,4.1,99.91,0,103.0,3.78,4.6,0,0,78.21,1314.6542
2022-09-27,uksouth,Compute,993.0,1383.0,80.86,99.91,0,104.81,3.92,5.45,0,0,65.23,1659.114
2022-09-27,uksouth,Storage,236.0,297.0,5.13,99.98,0,96.71,3.11,2.49,0,0,96.2,1641.3191
2022-09-28,eastus,Compute,561.0,675.0,47.98,99.96,0,91.34,4.07,5.13,0,0,50.08,1768.6401
2022-09-28,eastus,Storage,1402.0,1729.0,31.52,99.86,0,120.47,1.43,3.73,0,0,53.96,2222.2173
2022-09-28,westeurope,Compute,857.0,1057.0,71.71,99.91,0,99.56,3.54,4.08,0,0,68.25,2191.605
2022-09-28,westeurope,Storage,1347.0,1639.0,29.1,99.93,0,123.69,2.51,5.7,0,0,93.81,2125.7827
2022-09-28,southeastasia,Compute,,324.0,22.58,99.98,0,122.81,1.75,5.38,0,0,64.71,1036.3829
2022-09-28,southeastasia,Storage,,869.0,13.52,99.98,0,98.74,4.13,1.58,0,0,82.01,1273.0646
2022-09-28,centralus,Compute,1125.0,1355.0,91.08,99.93,0,120.71,4.1,4.75,0,0,87.25,2097.862
2022-09-28,centralus,Storage,265.0,,6.1,99.97,0,120.86,2.78,2.66,1,0,92.42,1816.726
2022-09-28,uksouth,Compute,1229.0,1496.0,102.11,99.86,0,115.69,2.68,3.83,0,0,87.55,1699.7181
2022-09-28,uksouth,Storage,237.0,329.0,5.17,99.95,0,94.2,3.92,1.69,0,0,57.33,1689.2135
2022-09-29,eastus,Compute,810.0,1036.0,66.52,99.87,0,99.48,3.54,3.74,0,0,77.96,1986.9404
2022-09-29,eastus,Storage,313.0,424.0,6.56,99.94,0,96.69,2.03,4.46,0,0,89.5,1873.1494
2022-09-29,westeurope,Compute,,416.0,30.84,100.8,0,120.01,4.22,2.42,0,0,98.97,966.2601
2022-09-29,westeurope,Storage,764.0,1044.0,16.41,99.94,0,114.2,1.65,3.36,0,0,95.65,1379.1998
2022-09-29,southeastasia,Compute,296.0,,24.07,99.88,0,85.4,3.76,4.99,0,0,50.96,1069.6798
2022-09-29,southeastasia,Storage,437.0,503.0,9.62,99.97,0,112.6,3.21,0.67,0,0,98.74,1053.9747
2022-09-29,centralus,Compute,565.0,661.0,47.25,99.88,0,111.35,3.47,3.2,0,0,51.4,2231.4963
2022-09-29,centralus,Storage,163.0,222.0,3.68,99.9,0,126.09,4.39,1.75,0,0,94.07,1336.0703
2022-09-29,uksouth,Compute,419.0,507.0,36.46,99.95,0,98.82,4.08,4.29,0,0,86.34,1206.4128
2022-09-29,uksouth,Storage,309.0,418.0,6.71,99.92,0,119.25,4.04,2.79,0,0,52.12,1945.7747
2022-09-30,eastus,Compute,1399.0,1611.0,120.07,99.86,0,127.88,3.86,0.68,0,0,68.48,2123.888
2022-09-30,eastus,Storage,380.0,453.0,,99.88,0,107.42,3.66,3.55,0,0,66.24,593.70636
2022-09-30,westeurope,Compute,1499.0,,128.21,99.97,0,123.04,3.38,3.23,1,0,67.8,600.1691
2022-09-30,westeurope,Storage,432.0,595.0,9.73,99.94,0,111.0,1.48,1.09,0,0,97.63,2001.2631
2022-09-30,southeastasia,Compute,404.0,497.0,34.22,99.97,0,131.89,2.61,5.63,0,0,97.46,2203.979
2022-09-30,southeastasia,Storage,402.0,490.0,9.13,99.96,0,121.22,3.47,3.51,0,0,92.94,713.9915
2022-09-30,centralus,Compute,1055.0,1220.0,92.72,99.87,0,118.69,2.38,4.99,0,0,66.19,1446.3182
2022-09-30,centralus,Storage,333.0,453.0,6.97,99.88,0,132.26,2.47,5.66,0,0,60.71,416.30896
2022-09-30,uksouth,Compute,930.0,1085.0,79.47,99.92,0,90.98,3.96,2.79,0,0,95.65,1535.8735
2022-09-30,uksouth,Storage,561.0,737.0,12.76,99.92,0,120.87,4.43,1.34,0,0,82.16,1689.9955
2022-10-01,eastus,Compute,774.0,971.0,65.97,99.85,1,109.83,2.16,5.6,0,0,97.37,2175.5999
2022-10-01,eastus,Storage,817.0,1035.0,17.74,99.93,1,132.35,3.71,4.28,0,0,77.01,1541.2083
2022-10-01,westeurope,Compute,1333.0,1800.0,110.03,99.91,1,91.5,1.45,3.83,0,0,94.85,2234.7844
2022-10-01,westeurope,Storage,,257.0,4.77,99.86,1,110.88,3.83,4.22,0,0,61.39,1380.0829
2022-10-01,southeastasia,Compute,282.0,347.0,23.12,99.97,1,95.61,2.17,4.39,0,0,59.19,1331.5706
2022-10-01,southeastasia,Storage,423.0,543.0,9.11,99.95,1,85.02,1.4,2.88,0,0,99.7,1467.9247
2022-10-01,centralus,Compute,731.0,918.0,60.58,99.91,1,107.74,2.18,5.98,0,0,92.74,1342.647
2022-10-01,centralus,Storage,638.0,819.0,14.39,99.87,1,124.56,1.29,2.94,0,0,78.7,1075.5023
2022-10-01,uksouth,Compute,1413.0,1764.0,119.86,99.88,1,110.04,1.7,4.59,0,0,94.48,1433.7361
2022-10-01,uksouth,Storage,416.0,555.0,8.85,99.95,1,106.1,4.26,3.05,1,0,89.77,1972.1644
2022-10-02,eastus,Compute,593.0,714.0,51.42,99.97,1,90.04,1.99,0.63,0,0,90.03,1845.8525
2022-10-02,eastus,Storage,292.0,,6.15,99.98,1,104.6,2.79,2.95,0,0,85.52,1322.214
2022-10-02,westeurope,Compute,1360.0,1773.0,112.91,99.89,1,128.15,1.24,1.5,0,0,67.92,1717.0714
2022-10-02,westeurope,Storage,544.0,731.0,11.6,99.96,1,127.99,3.54,1.65,0,0,59.2,1265.408
2022-10-02,southeastasia,Compute,,1251.0,,99.89,1,112.23,2.28,5.25,0,0,83.2,1295.6699
2022-10-02,southeastasia,Storage,550.0,721.0,12.18,99.9,1,117.11,1.29,2.53,0,0,75.38,2243.485
2022-10-02,centralus,Compute,310.0,377.0,26.67,99.98,1,118.01,3.4,5.92,0,0,87.28,1294.6943
2022-10-02,centralus,Storage,565.0,681.0,12.44,99.91,1,102.27,2.66,2.61,0,0,92.0,1946.5283
2022-10-02,uksouth,Compute,761.0,,64.08,99.95,1,95.07,3.88,0.96,0,0,87.36,1873.9999
2022-10-02,uksouth,Storage,283.0,366.0,6.5,99.88,1,87.94,3.36,4.57,0,0,52.98,1705.476
2022-10-03,eastus,Compute,1551.0,1809.0,125.82,99.91,0,89.86,3.66,5.44,0,0,52.12,1177.9562
2022-10-03,eastus,Storage,420.0,507.0,9.37,99.87,0,128.04,3.39,4.41,0,0,77.58,1393.6713
2022-10-03,westeurope,Compute,1037.0,1378.0,,99.98,0,96.93,2.22,2.24,0,0,72.78,2249.4304
2022-10-03,westeurope,Storage,1470.0,1841.0,32.38,99.86,0,110.49,4.37,5.88,0,0,64.28,807.5558
2022-10-03,southeastasia,Compute,1248.0,1524.0,106.65,99.93,0,116.5,3.96,4.41,0,0,91.99,1220.6315
2022-10-03,southeastasia,Storage,902.0,1110.0,20.42,99.87,0,119.55,3.06,1.31,0,0,69.92,2237.7227
2022-10-03,centralus,Compute,1149.0,1546.0,94.43,99.96,0,85.36,2.95,3.34,0,0,50.49,1281.4814
2022-10-03,centralus,Storage,847.0,,18.03,99.91,0,106.7,3.02,4.8,0,0,88.56,1812.558
2022-10-03,uksouth,Compute,1031.0,1258.0,87.19,99.85,0,125.19,3.52,1.77,0,0,67.91,822.15466
2022-10-03,uksouth,Storage,306.0,376.0,6.48,99.97,0,97.64,2.89,4.3,0,0,72.99,742.92224
2022-10-04,eastus,Compute,1074.0,1460.0,93.34,99.88,0,121.01,2.01,1.68,0,0,52.65,2156.8037
2022-10-04,eastus,Storage,201.0,278.0,4.31,99.92,0,93.28,2.3,1.97,0,0,66.54,1448.3605
2022-10-04,westeurope,Compute,1167.0,1441.0,99.35,99.87,0,125.31,1.68,3.15,0,0,68.05,651.61194
2022-10-04,westeurope,Storage,647.0,747.0,13.92,99.9,0,119.97,2.98,5.22,0,0,97.05,1191.426
2022-10-04,southeastasia,Compute,772.0,1052.0,66.26,99.93,0,117.96,4.02,4.53,0,0,99.01,2230.207
2022-10-04,southeastasia,Storage,556.0,,12.44,99.9,0,100.22,3.32,2.88,0,0,65.61,1283.2402
2022-10-04,centralus,Compute,369.0,507.0,30.59,99.96,0,103.89,3.88,3.22,0,0,79.88,1513.864
2022-10-04,centralus,Storage,806.0,972.0,17.91,99.87,0,133.92,2.7,5.02,0,0,91.37,2234.1575
2022-10-04,uksouth,Compute,967.0,1184.0,,99.89,0,132.05,2.89,1.21,0,0,50.68,1365.9099
2022-10-04,uksouth,Storage,711.0,993.0,15.75,99.94,0,108.55,3.39,5.76,0,0,74.64,1450.3611
2022-10-05,eastus,Compute,960.0,1339.0,80.46,99.87,0,123.92,2.41,3.92,0,0,81.89,1839.9832
2022-10-05,eastus,Storage,,210.0,3.87,99.99,0,102.43,1.63,1.29,0,0,63.02,442.84433
2022-10-05,westeurope,Compute,,1417.0,92.14,99.92,0,120.88,2.69,5.18,0,0,77.11,1405.9208
2022-10-05,westeurope,Storage,855.0,1133.0,18.52,99.9,0,98.49,3.01,2.48,0,0,91.84,791.578
2022-10-05,southeastasia,Compute,547.0,739.0,48.76,99.94,0,130.44,2.39,4.35,0,0,91.49,2240.3423
2022-10-05,southeastasia,Storage,628.0,804.0,14.46,99.89,0,92.71,2.15,3.88,0,0,70.55,1262.2401
2022-10-05,centralus,Compute,873.0,1165.0,71.24,99.96,0,134.85,3.8,3.11,0,1,60.46,2226.329
2022-10-05,centralus,Storage,595.0,694.0,13.59,99.96,0,103.93,3.31,1.12,0,0,91.09,1710.9039
2022-10-05,uksouth,Compute,592.0,695.0,,99.96,0,116.3,4.24,3.51,0,0,82.9,1375.0396
2022-10-05,uksouth,Storage,250.0,299.0,5.5,99.97,0,111.4,1.61,1.88,0,0,78.85,1715.4181
2022-10-06,eastus,Compute,359.0,440.0,30.96,99.89,0,119.52,3.5,1.22,0,0,58.63,554.6875
2022-10-06,eastus,Storage,255.0,312.0,5.83,99.94,0,106.16,3.26,2.71,0,0,95.06,1428.5203
2022-10-06,westeurope,Compute,369.0,507.0,30.78,99.89,0,109.72,4.21,4.4,0,0,82.98,543.2149
2022-10-06,westeurope,Storage,738.0,881.0,16.01,99.97,0,120.72,3.07,0.61,0,0,62.12,596.835
2022-10-06,southeastasia,Compute,2004.0,,172.52,99.96,0,106.92,3.29,3.18,0,0,60.48,1885.5231
2022-10-06,southeastasia,Storage,381.0,502.0,,99.95,0,115.81,4.02,5.45,0,0,90.89,1801.0026
2022-10-06,centralus,Compute,940.0,1086.0,83.27,99.93,0,123.74,2.52,5.95,0,0,52.57,2235.3203
2022-10-06,centralus,Storage,885.0,1167.0,19.83,99.97,0,118.25,3.05,4.41,0,0,55.48,846.60754
2022-10-06,uksouth,Compute,887.0,1061.0,77.16,99.93,0,113.92,3.44,3.6,0,0,86.19,735.7734
2022-10-06,uksouth,Storage,281.0,358.0,,99.89,0,116.03,3.98,4.52,0,0,65.14,2231.481
2022-10-07,eastus,Compute,1801.0,2475.0,157.64,99.98,0,95.71,3.4,4.56,0,0,50.56,2239.3806
2022-10-07,eastus,Storage,335.0,460.0,7.7,99.97,0,121.54,1.28,2.23,0,0,64.55,1240.1537
2022-10-07,westeurope,Compute,486.0,,40.01,99.9,0,103.86,1.99,5.32,0,0,62.11,2240.8628
2022-10-07,westeurope,Storage,468.0,616.0,10.63,99.94,0,106.06,2.15,2.75,0,0,96.4,1301.3884
2022-10-07,southeastasia,Compute,1082.0,,90.15,99.97,0,123.35,3.45,3.01,0,0,53.72,2158.8914
2022-10-07,southeastasia,Storage,640.0,858.0,14.63,99.9,0,93.22,3.63,4.75,0,0,85.47,2243.726
2022-10-07,centralus,Compute,1376.0,1722.0,116.33,99.87,0,101.05,2.52,0.6,0,0,90.19,2179.5823
2022-10-07,centralus,Storage,271.0,360.0,5.81,99.86,0,127.09,2.02,1.3,0,0,66.3,2154.3455
2022-10-07,uksouth,Compute,759.0,874.0,66.03,99.99,0,105.29,4.45,1.28,0,0,73.76,924.6152
2022-10-07,uksouth,Storage,327.0,,7.55,99.88,0,103.41,3.16,4.31,0,0,53.84,1421.2306
2022-10-08,eastus,Compute,901.0,1166.0,77.73,99.96,1,97.97,3.93,2.8,0,0,62.31,2245.9658
2022-10-08,eastus,Storage,478.0,615.0,10.92,99.96,1,129.4,3.23,3.19,0,0,76.06,1305.2812
2022-10-08,westeurope,Compute,648.0,797.0,56.68,99.97,1,122.13,1.78,2.01,0,0,97.06,1187.6663
2022-10-08,westeurope,Storage,1396.0,1928.0,31.21,99.85,1,105.02,4.21,5.37,0,0,91.78,1066.2437
2022-10-08,southeastasia,Compute,1029.0,1196.0,86.41,99.87,1,86.12,2.38,4.49,0,0,70.1,1807.7196
2022-10-08,southeastasia,Storage,433.0,585.0,9.75,99.95,1,86.09,4.21,1.69,0,0,54.08,437.0614
2022-10-08,centralus,Compute,277.0,364.0,23.09,99.95,1,97.57,4.39,5.02,0,0,70.43,1699.167
2022-10-08,centralus,Storage,602.0,745.0,13.09,99.87,1,119.01,2.0,3.96,0,0,92.83,2245.468
2022-10-08,uksouth,Compute,203.0,251.0,17.28,100.8,1,122.09,3.23,5.05,0,0,77.6,1949.4724
2022-10-08,uksouth,Storage,217.0,301.0,4.89,99.85,1,105.05,2.05,4.01,0,0,60.95,1159.2347
2022-10-09,eastus,Compute,719.0,887.0,58.53,99.86,1,122.96,3.23,4.43,0,0,57.58,741.43396
2022-10-09,eastus,Storage,563.0,651.0,11.89,99.94,1,99.56,4.34,2.9,0,0,88.38,1608.4644
2022-10-09,westeurope,Compute,916.0,1069.0,76.11,99.93,1,95.26,3.42,1.25,1,0,66.67,2241.6458
2022-10-09,westeurope,Storage,379.0,439.0,7.95,99.92,1,89.15,2.89,2.3,0,0,58.15,1952.402
2022-10-09,southeastasia,Compute,,1367.0,83.18,99.99,1,113.79,4.41,0.65,0,0,52.66,2233.5366
2022-10-09,southeastasia,Storage,563.0,736.0,11.79,99.87,1,93.06,1.9,4.9,0,0,87.78,2232.7554
2022-10-09,centralus,Compute,488.0,575.0,40.0,99.9,1,126.81,2.74,2.27,0,0,70.06,968.37976
2022-10-09,centralus,Storage,183.0,211.0,4.1,99.97,1,133.84,3.94,0.67,0,0,96.89,1858.9772
2022-10-09,uksouth,Compute,637.0,841.0,52.88,99.94,1,131.22,4.23,4.46,0,0,82.89,601.8488
2022-10-09,uksouth,Storage,530.0,624.0,11.63,99.92,1,115.87,2.79,5.85,0,0,55.02,1963.0688
2022-10-10,eastus,Compute,1385.0,1621.0,118.37,99.87,0,94.78,2.5,1.05,0,0,66.48,1978.9286
2022-10-10,eastus,Storage,546.0,640.0,12.37,99.92,0,112.32,3.17,4.17,0,0,97.01,1223.1302
2022-10-10,westeurope,Compute,902.0,1244.0,74.93,99.98,0,130.2,4.25,3.23,0,0,66.23,2244.539
2022-10-10,westeurope,Storage,2208.0,2704.0,49.81,99.86,0,111.17,1.6,2.11,0,0,59.68,1534.3525
2022-10-10,southeastasia,Compute,1428.0,1820.0,118.15,99.88,0,108.25,1.23,3.42,0,0,78.67,1819.493
2022-10-10,southeastasia,Storage,244.0,308.0,5.18,99.91,0,100.16,3.22,1.69,0,0,67.31,1230.2733
2022-10-10,centralus,Compute,1519.0,1981.0,129.92,99.91,0,89.79,3.83,1.46,0,0,69.93,2176.4412
2022-10-10,centralus,Storage,646.0,867.0,14.38,99.9,0,94.59,3.28,5.38,0,0,76.08,2047.2635
2022-10-10,uksouth,Compute,1096.0,1356.0,95.95,99.91,0,127.34,2.04,0.56,0,0,52.99,693.6552
2022-10-10,uksouth,Storage,489.0,643.0,11.11,99.89,0,105.26,3.08,3.36,1,0,55.02,2239.9717
2022-10-11,eastus,Compute,1693.0,2208.0,137.04,99.88,0,101.37,1.27,3.51,0,0,77.17,787.6385
2022-10-11,eastus,Storage,611.0,711.0,12.94,99.92,0,97.26,1.47,1.9,0,0,74.51,1640.757
2022-10-11,westeurope,Compute,1110.0,1420.0,95.35,99.99,0,134.13,2.94,5.15,0,0,83.95,2242.5754
2022-10-11,westeurope,Storage,485.0,639.0,10.74,99.97,0,115.46,3.09,2.92,0,0,56.92,1955.036
2022-10-11,southeastasia,Compute,3669.0,4616.0,305.1,99.89,0,96.68,2.33,5.29,0,0,69.23,1509.5287
2022-10-11,southeastasia,Storage,217.0,271.0,5.0,99.9,0,126.82,2.05,0.92,1,0,65.58,1140.4458
2022-10-11,centralus,Compute,1325.0,1574.0,113.31,99.87,0,92.74,3.75,1.97,0,0,58.98,2127.78
2022-10-11,centralus,Storage,752.0,1049.0,16.38,99.96,0,105.75,2.7,5.06,0,0,65.74,1632.2372
2022-10-11,uksouth,Compute,601.0,735.0,49.33,99.93,0,110.96,2.68,5.71,0,0,57.01,2248.798
2022-10-11,uksouth,Storage,318.0,,6.97,99.98,0,120.53,4.29,4.13,1,0,95.29,2243.3752
2022-10-12,eastus,Compute,413.0,556.0,34.44,99.98,0,133.05,2.57,4.09,0,0,50.71,1631.1432
2022-10-12,eastus,Storage,544.0,688.0,12.04,99.91,0,129.52,3.04,5.58,0,0,67.77,821.91376
2022-10-12,westeurope,Compute,1227.0,1474.0,106.07,99.95,0,92.12,2.96,3.85,0,0,74.14,2236.118
2022-10-12,westeurope,Storage,551.0,699.0,11.53,99.85,0,87.78,2.98,2.35,0,0,87.99,821.997
2022-10-12,southeastasia,Compute,1235.0,1679.0,104.14,99.97,0,111.3,2.75,4.45,0,0,71.47,1883.7284
2022-10-12,southeastasia,Storage,590.0,819.0,12.97,99.85,0,89.64,2.14,1.01,0,0,98.54,1540.239
2022-10-12,centralus,Compute,577.0,,51.23,99.97,0,128.07,3.42,0.51,0,0,77.36,2228.7947
2022-10-12,centralus,Storage,754.0,868.0,15.93,100.8,0,89.24,1.9,1.77,0,0,64.47,1969.856
2022-10-12,uksouth,Compute,1178.0,1363.0,,99.9,0,90.91,3.07,5.74,0,0,90.82,1235.1228
2022-10-12,uksouth,Storage,506.0,659.0,11.49,99.93,0,133.15,3.83,4.35,0,0,89.24,2228.599
2022-10-13,eastus,Compute,411.0,556.0,36.66,99.9,0,129.79,2.29,1.15,0,0,96.08,2232.6135
2022-10-13,eastus,Storage,985.0,1185.0,22.75,99.94,0,105.28,1.45,3.79,0,0,64.43,1263.9572
2022-10-13,westeurope,Compute,1161.0,1441.0,102.96,99.92,0,125.11,3.1,5.77,0,0,89.03,1694.7382
2022-10-13,westeurope,Storage,195.0,235.0,4.12,99.9,0,130.91,3.0,2.26,0,0,73.66,1657.5852
2022-10-13,southeastasia,Compute,970.0,1237.0,79.71,99.95,0,122.84,1.44,5.18,0,0,78.02,1834.1772
2022-10-13,southeastasia,Storage,329.0,442.0,,99.89,0,134.56,4.29,5.68,0,0,72.1,1780.4641
2022-10-13,centralus,Compute,1212.0,1508.0,101.3,99.99,0,123.6,1.27,5.77,0,0,53.82,589.2419
2022-10-13,centralus,Storage,2301.0,3000.0,49.49,99.91,0,95.59,1.37,3.34,0,0,97.33,1559.1388
2022-10-13,uksouth,Compute,,1000.0,62.47,99.88,0,129.52,2.33,4.91,0,0,75.02,1712.4225
2022-10-13,uksouth,Storage,134.0,179.0,2.97,99.89,0,110.06,4.38,0.61,0,0,81.92,1126.0178
2022-10-14,eastus,Compute,1645.0,2131.0,142.11,99.9,0,118.96,4.43,4.06,0,0,98.17,2227.803
2022-10-14,eastus,Storage,853.0,,17.84,99.92,0,121.87,3.78,1.37,0,0,55.18,1260.162
2022-10-14,westeurope,Compute,962.0,1178.0,81.22,99.98,0,86.59,3.15,4.59,0,0,86.32,718.7285
2022-10-14,westeurope,Storage,188.0,237.0,4.3,99.87,0,95.27,2.36,2.51,0,0,77.66,2242.126
2022-10-14,southeastasia,Compute,726.0,996.0,61.18,99.96,0,109.75,3.58,5.31,1,0,99.47,1314.8003
2022-10-14,southeastasia,Storage,130.0,,2.95,99.89,0,87.51,2.79,5.53,0,0,53.24,1995.5885
2022-10-14,centralus,Compute,262.0,344.0,23.0,99.95,0,120.07,3.74,3.28,0,0,92.19,1085.0001
2022-10-14,centralus,Storage,290.0,356.0,,99.88,0,114.22,1.7,5.36,0,0,75.6,1117.2305
2022-10-14,uksouth,Compute,248.0,334.0,21.51,99.93,0,133.47,2.18,2.06,0,0,89.86,588.5843
2022-10-14,uksouth,Storage,422.0,516.0,9.74,99.85,0,118.64,3.21,4.06,0,0,71.53,1614.5687
2022-10-15,eastus,Compute,970.0,1210.0,79.1,100.8,1,103.17,1.87,3.77,0,0,85.0,2022.4236
2022-10-15,eastus,Storage,528.0,732.0,11.14,99.98,1,126.66,3.45,5.52,0,0,62.61,482.53638
2022-10-15,westeurope,Compute,724.0,936.0,58.64,99.9,1,97.32,3.2,5.92,0,0,68.41,2243.2043
2022-10-15,westeurope,Storage,644.0,757.0,14.67,99.87,1,119.61,2.85,4.39,0,0,91.75,1926.087
2022-10-15,southeastasia,Compute,916.0,1089.0,78.04,99.95,1,98.65,4.3,1.57,0,0,92.47,2259.0024
2022-10-15,southeastasia,Storage,720.0,,16.5,99.87,1,112.94,3.03,2.93,0,0,81.36,1759.292
2022-10-15,centralus,Compute,810.0,1089.0,67.11,99.91,1,132.54,3.71,3.65,0,0,88.7,609.0491
2022-10-15,centralus,Storage,188.0,224.0,4.03,99.96,1,93.38,2.57,1.88,0,0,92.6,1988.1368
2022-10-15,uksouth,Compute,1077.0,1435.0,89.78,99.89,1,115.04,1.86,4.98,0,0,81.26,831.16815
2022-10-15,uksouth,Storage,213.0,281.0,4.59,99.86,1,106.27,3.23,0.99,0,0,81.43,914.3113
2022-10-16,eastus,Compute,425.0,593.0,36.04,99.86,1,132.78,1.21,4.77,1,0,96.9,751.8823
2022-10-16,eastus,Storage,131.0,178.0,2.95,99.85,1,119.2,3.92,3.39,0,1,90.93,1628.1733
2022-10-16,westeurope,Compute,819.0,1083.0,68.27,99.99,1,90.16,1.72,5.41,0,0,86.66,479.68658
2022-10-16,westeurope,Storage,516.0,709.0,10.99,99.96,1,110.1,1.46,4.53,0,0,86.28,744.4625
2022-10-16,southeastasia,Compute,587.0,779.0,47.53,99.88,1,108.55,4.28,2.38,0,1,85.56,2212.44
2022-10-16,southeastasia,Storage,978.0,1345.0,20.76,99.89,1,134.79,1.72,4.46,0,0,61.37,2154.0913
2022-10-16,centralus,Compute,332.0,397.0,28.68,99.92,1,104.33,2.19,5.71,0,0,97.46,636.5551
2022-10-16,centralus,Storage,598.0,703.0,13.61,99.9,1,125.52,4.02,1.99,0,0,54.95,462.86047
2022-10-16,uksouth,Compute,1099.0,1302.0,95.67,99.86,1,113.74,3.2,5.62,0,0,69.04,1206.1082
2022-10-16,uksouth,Storage,789.0,953.0,17.29,99.95,1,107.86,1.34,1.92,0,0,54.05,1067.7821
2022-10-17,eastus,Compute,870.0,1148.0,72.59,99.9,0,91.6,3.1,2.38,0,0,79.23,887.4332
2022-10-17,eastus,Storage,1484.0,1800.0,33.96,99.96,0,109.65,4.39,3.51,0,0,77.19,1868.9396
2022-10-17,westeurope,Compute,1074.0,1371.0,87.76,99.88,0,134.94,3.86,2.42,0,0,51.82,2233.519
2022-10-17,westeurope,Storage,,611.0,11.11,99.92,0,88.26,2.06,3.04,0,0,56.03,1115.4514
2022-10-17,southeastasia,Compute,415.0,569.0,34.04,99.94,0,115.51,3.76,3.53,0,0,69.16,810.6633
2022-10-17,southeastasia,Storage,583.0,777.0,12.44,99.89,0,99.33,1.73,5.17,0,0,74.69,1528.7919
2022-10-17,centralus,Compute,1431.0,,121.11,99.99,0,86.61,2.31,3.17,1,0,64.31,1088.4349
2022-10-17,centralus,Storage,490.0,583.0,10.62,99.91,0,110.97,4.47,2.62,0,0,60.76,1472.1746
2022-10-17,uksouth,Compute,1092.0,1363.0,93.35,99.89,0,109.29,2.3,1.57,0,0,91.46,998.9863
2022-10-17,uksouth,Storage,153.0,202.0,3.22,99.87,0,125.63,1.97,2.46,0,0,88.77,1195.3416
2022-10-18,eastus,Compute,1188.0,1652.0,96.89,99.96,0,89.33,1.67,5.44,0,0,81.94,2190.397
2022-10-18,eastus,Storage,874.0,1162.0,19.73,99.97,0,112.03,3.42,2.91,0,0,95.59,2244.5496
2022-10-18,westeurope,Compute,533.0,736.0,46.45,99.96,0,106.89,2.88,5.63,0,0,88.14,2242.2761
2022-10-18,westeurope,Storage,243.0,284.0,5.41,99.88,0,130.16,1.56,5.14,0,0,61.75,2256.7744
2022-10-18,southeastasia,Compute,251.0,306.0,20.65,99.86,0,114.37,3.08,3.43,0,0,86.09,1901.1749
2022-10-18,southeastasia,Storage,498.0,580.0,11.33,99.96,0,130.12,2.23,5.51,0,0,71.21,1103.4039
2022-10-18,centralus,Compute,,1426.0,100.7,99.94,0,119.49,1.96,5.83,0,0,87.52,2199.0127
2022-10-18,centralus,Storage,804.0,1079.0,17.21,99.92,0,90.53,2.47,0.93,0,0,99.57,1655.4618
2022-10-18,uksouth,Compute,653.0,788.0,55.78,99.9,0,133.08,2.63,3.71,0,0,55.08,871.2227
2022-10-18,uksouth,Storage,674.0,889.0,14.82,99.86,0,124.35,3.03,4.49,0,0,70.68,1975.4069
2022-10-19,eastus,Compute,1312.0,1666.0,116.16,100.8,0,91.75,3.01,1.5,0,0,68.04,797.02844
2022-10-19,eastus,Storage,981.0,1162.0,21.69,99.92,0,102.13,2.64,3.35,0,0,86.91,1818.17
2022-10-19,westeurope,Compute,1282.0,1584.0,112.26,99.92,0,130.23,3.1,5.61,0,0,78.26,2012.7682
2022-10-19,westeurope,Storage,338.0,461.0,7.5,99.95,0,88.99,3.73,2.21,0,0,63.73,1749.9193
2022-10-19,southeastasia,Compute,401.0,496.0,34.73,99.88,0,125.67,3.37,2.91,0,0,92.29,837.316
2022-10-19,southeastasia,Storage,244.0,315.0,5.47,99.91,0,128.22,2.23,2.01,0,0,74.76,1235.1036
2022-10-19,centralus,Compute,1264.0,,102.34,99.98,0,134.15,2.37,1.09,0,0,74.12,1657.953
2022-10-19,centralus,Storage,,705.0,,100.8,0,107.51,4.27,5.34,0,0,55.08,1408.2158
2022-10-19,uksouth,Compute,1098.0,1444.0,88.98,99.9,0,110.39,3.61,2.08,0,0,68.64,1233.2404
2022-10-19,uksouth,Storage,528.0,701.0,11.86,99.93,0,102.86,3.88,5.66,0,0,72.28,408.83615
2022-10-20,eastus,Compute,,1112.0,67.64,99.98,0,118.87,1.92,2.54,0,0,58.46,719.7231
2022-10-20,eastus,Storage,403.0,511.0,8.51,99.94,0,103.61,4.33,3.32,0,0,88.97,747.66113
2022-10-20,westeurope,Compute,1358.0,1738.0,115.38,99.88,0,118.64,1.59,0.84,0,0,65.99,520.98126
2022-10-20,westeurope,Storage,735.0,905.0,15.92,99.96,0,111.73,1.52,1.34,0,0,66.78,684.82465
2022-10-20,southeastasia,Compute,450.0,595.0,38.64,99.87,0,131.98,2.34,0.75,0,0,54.64,1292.8243
2022-10-20,southeastasia,Storage,624.0,,,99.87,0,129.93,1.96,0.7,0,0,84.67,1304.3881
2022-10-20,centralus,Compute,954.0,1252.0,83.19,99.92,0,132.67,2.01,0.88,0,0,86.86,1009.81177
2022-10-20,centralus,Storage,550.0,727.0,12.31,99.93,0,132.63,2.87,2.97,0,0,77.41,1026.4191
2022-10-20,uksouth,Compute,1186.0,1466.0,,100.8,0,93.42,3.27,4.23,0,0,57.93,462.9476
2022-10-20,uksouth,Storage,665.0,868.0,14.93,99.95,0,95.36,4.0,2.82,0,0,93.17,1708.7332
2022-10-21,eastus,Compute,2094.0,,171.49,99.86,0,90.06,2.46,2.36,0,0,80.77,1137.3365
2022-10-21,eastus,Storage,387.0,523.0,8.13,99.88,0,123.53,2.44,3.1,0,0,83.86,1082.1288
2022-10-21,westeurope,Compute,617.0,811.0,50.46,99.95,0,95.14,1.36,1.05,0,0,65.11,997.112
2022-10-21,westeurope,Storage,301.0,,6.34,99.93,0,90.83,3.65,4.92,0,0,89.34,1063.6835
2022-10-21,southeastasia,Compute,1172.0,1626.0,97.16,99.89,0,116.51,4.26,1.59,0,0,99.65,597.4111
2022-10-21,southeastasia,Storage,318.0,392.0,6.84,99.95,0,120.1,4.35,4.48,0,0,94.15,1354.9865
2022-10-21,centralus,Compute,1071.0,1254.0,91.04,99.97,0,127.36,1.59,5.81,0,0,57.45,1674.3937
2022-10-21,centralus,Storage,,666.0,12.16,99.92,0,127.57,1.81,1.07,0,0,94.24,1364.4651
2022-10-21,uksouth,Compute,1265.0,1673.0,111.03,99.96,0,124.25,1.63,2.68,0,0,80.12,1198.328
2022-10-21,uksouth,Storage,335.0,453.0,7.22,99.95,0,96.0,1.24,5.27,0,0,69.25,1761.7172
2022-10-22,eastus,Compute,501.0,637.0,40.51,99.98,1,109.89,3.96,3.52,0,0,99.87,588.3095
2022-10-22,eastus,Storage,863.0,1129.0,18.76,99.93,1,128.71,2.35,0.9,0,0,72.47,879.1196
2022-10-22,westeurope,Compute,2046.0,,177.72,99.91,1,113.51,1.47,1.18,1,0,63.22,1983.01
2022-10-22,westeurope,Storage,154.0,,3.23,99.92,1,95.76,1.23,2.13,0,0,56.77,1833.2076
2022-10-22,southeastasia,Compute,456.0,546.0,38.84,99.91,1,124.59,4.18,0.98,0,0,96.21,1691.7562
2022-10-22,southeastasia,Storage,288.0,332.0,6.6,99.9,1,87.06,2.56,4.53,0,0,75.47,1163.0498
2022-10-22,centralus,Compute,577.0,781.0,,99.98,1,130.46,2.79,2.25,0,0,74.92,1503.5436
2022-10-22,centralus,Storage,700.0,922.0,14.82,99.88,1,132.33,2.2,0.64,0,0,87.86,1490.0653
2022-10-22,uksouth,Compute,823.0,1048.0,,99.9,1,98.05,1.41,4.85,0,0,75.16,2206.5112
2022-10-22,uksouth,Storage,366.0,465.0,7.77,99.92,1,97.66,1.94,5.77,0,0,98.52,402.62173
2022-10-23,eastus,Compute,957.0,,77.7,99.93,1,111.0,2.44,5.18,0,0,72.21,840.43463
2022-10-23,eastus,Storage,,754.0,14.03,99.93,1,120.28,2.56,4.55,0,0,91.32,1498.0247
2022-10-23,westeurope,Compute,575.0,706.0,49.3,99.97,1,120.09,2.99,3.81,0,0,90.8,903.58325
2022-10-23,westeurope,Storage,241.0,291.0,5.31,99.91,1,94.83,3.23,5.97,0,0,66.39,941.38696
2022-10-23,southeastasia,Compute,845.0,987.0,75.11,99.88,1,133.51,2.99,4.09,0,0,85.54,852.4138
2022-10-23,southeastasia,Storage,485.0,613.0,10.42,99.86,1,89.33,3.85,5.51,0,0,82.61,1074.6174
2022-10-23,centralus,Compute,475.0,649.0,38.72,99.88,1,89.57,1.54,3.38,0,0,84.75,676.6945
2022-10-23,centralus,Storage,676.0,882.0,14.75,99.96,1,132.41,1.23,3.73,0,0,90.04,1153.8274
2022-10-23,uksouth,Compute,450.0,538.0,38.43,99.94,1,109.53,1.59,4.54,0,0,58.46,1220.25
2022-10-23,uksouth,Storage,524.0,643.0,11.84,99.97,1,130.65,2.45,2.55,0,0,83.31,1355.7145
2022-10-24,eastus,Compute,1048.0,,88.55,99.86,0,114.18,1.86,0.54,0,0,97.12,2042.6654
2022-10-24,eastus,Storage,210.0,252.0,4.67,99.9,0,111.61,3.84,4.86,0,0,59.97,1239.0217
2022-10-24,westeurope,Compute,934.0,1295.0,,99.96,0,92.09,3.53,1.62,0,0,66.34,337.24142
2022-10-24,westeurope,Storage,2373.0,2824.0,50.58,99.95,0,111.81,4.44,1.84,0,0,57.3,1243.9585
2022-10-24,southeastasia,Compute,2120.0,2834.0,183.0,99.87,0,90.42,1.2,1.06,0,0,62.02,940.9584
2022-10-24,southeastasia,Storage,170.0,218.0,3.93,99.87,0,128.11,2.84,0.62,0,0,69.16,2240.011
2022-10-24,centralus,Compute,543.0,716.0,44.73,99.88,0,123.97,2.45,0.54,0,0,84.17,946.1177
2022-10-24,centralus,Storage,405.0,492.0,8.81,99.89,0,117.2,1.53,3.13,0,0,53.67,1012.75824
2022-10-24,uksouth,Compute,1297.0,1682.0,107.68,99.9,0,85.9,4.01,4.66,0,0,71.05,1290.2535
2022-10-24,uksouth,Storage,588.0,788.0,13.46,99.93,0,115.73,3.58,4.25,0,0,56.02,1590.4149
2022-10-25,eastus,Compute,578.0,772.0,48.09,99.97,0,106.42,1.77,5.92,0,0,78.46,1517.9226
2022-10-25,eastus,Storage,948.0,1290.0,21.54,99.99,0,107.86,1.52,4.71,0,0,74.16,465.11078
2022-10-25,westeurope,Compute,888.0,,77.26,99.86,0,86.79,2.25,1.7,0,0,76.16,735.62823
2022-10-25,westeurope,Storage,,751.0,13.29,99.91,0,89.16,2.92,3.69,0,0,61.18,398.6693
2022-10-25,southeastasia,Compute,674.0,877.0,54.58,99.95,0,121.68,3.8,1.45,0,0,97.33,817.5745
2022-10-25,southeastasia,Storage,131.0,,3.02,99.99,0,134.96,4.14,4.02,1,0,61.93,1274.7495
2022-10-25,centralus,Compute,596.0,692.0,,99.87,0,120.9,2.96,2.12,0,0,92.92,920.0651
2022-10-25,centralus,Storage,535.0,628.0,11.56,99.91,0,98.65,2.95,2.18,0,0,95.91,795.84845
2022-10-25,uksouth,Compute,1393.0,1712.0,,99.89,0,122.67,1.54,1.54,0,0,81.29,1449.8594
2022-10-25,uksouth,Storage,625.0,748.0,13.5,99.97,0,102.58,3.59,4.78,0,0,65.85,688.9022
2022-10-26,eastus,Compute,814.0,,72.44,99.96,0,109.02,2.21,2.83,1,0,54.98,706.63586
2022-10-26,eastus,Storage,,689.0,12.35,99.98,0,93.94,2.9,1.15,0,0,53.89,1391.5409
2022-10-26,westeurope,Compute,1461.0,,118.61,99.97,0,96.99,4.21,2.21,0,1,64.13,1032.5961
2022-10-26,westeurope,Storage,173.0,203.0,3.79,99.9,0,99.11,2.99,3.16,0,0,90.12,1080.9806
2022-10-26,southeastasia,Compute,820.0,990.0,68.38,99.96,0,86.11,2.78,2.74,0,0,81.39,861.90894
2022-10-26,southeastasia,Storage,253.0,297.0,5.82,99.98,0,117.49,1.41,2.29,0,0,58.45,1077.6029
2022-10-26,centralus,Compute,1490.0,1822.0,122.44,99.95,0,111.45,4.22,5.07,0,0,83.3,1020.1429
2022-10-26,centralus,Storage,538.0,744.0,11.65,99.88,0,132.1,2.72,2.79,0,0,92.28,599.2841
2022-10-26,uksouth,Compute,414.0,566.0,34.17,99.86,0,115.18,2.78,2.85,0,0,73.88,677.3736
2022-10-26,uksouth,Storage,328.0,383.0,7.25,99.96,0,132.5,3.51,1.05,0,0,60.77,1277.1779
2022-10-27,eastus,Compute,1574.0,2132.0,138.43,99.97,0,115.98,3.65,2.47,0,0,79.5,1135.9312
2022-10-27,eastus,Storage,591.0,,13.02,99.96,0,85.64,3.91,1.48,0,0,93.66,1627.44
2022-10-27,westeurope,Compute,483.0,615.0,42.54,99.94,0,90.01,4.06,5.08,0,0,87.88,1368.7096
2022-10-27,westeurope,Storage,850.0,1013.0,19.13,99.88,0,106.25,4.49,1.05,0,0,84.91,1050.116
2022-10-27,southeastasia,Compute,530.0,622.0,45.51,100.8,0,121.88,2.45,5.97,0,0,83.48,1172.0841
2022-10-27,southeastasia,Storage,612.0,830.0,13.03,99.9,0,100.63,1.84,2.94,0,0,64.32,342.08542
2022-10-27,centralus,Compute,948.0,1217.0,78.76,99.9,0,120.29,3.13,1.01,0,0,54.15,804.437
2022-10-27,centralus,Storage,382.0,444.0,8.19,99.86,0,115.83,3.54,2.2,0,0,99.92,372.2
2022-10-27,uksouth,Compute,572.0,786.0,48.1,99.97,0,112.12,2.75,4.34,0,0,90.84,867.0685
2022-10-27,uksouth,Storage,517.0,606.0,11.16,99.9,0,106.14,4.46,2.21,0,0,88.54,1247.1052
2022-10-28,eastus,Compute,1621.0,2169.0,132.29,99.98,0,127.32,2.48,4.51,0,0,59.42,1116.7377
2022-10-28,eastus,Storage,415.0,503.0,9.07,99.88,0,86.91,3.14,5.25,1,0,73.01,1132.3027
2022-10-28,westeurope,Compute,761.0,885.0,64.81,99.96,0,86.76,2.35,4.15,0,0,76.77,1427.51
2022-10-28,westeurope,Storage,629.0,782.0,14.27,99.96,0,106.73,1.91,2.82,0,0,88.65,1161.2023
2022-10-28,southeastasia,Compute,231.0,285.0,19.84,99.95,0,125.97,2.57,4.44,0,0,85.2,1334.9363
2022-10-28,southeastasia,Storage,418.0,504.0,9.47,99.86,0,124.79,2.48,0.94,0,0,79.6,1221.2677
2022-10-28,centralus,Compute,577.0,685.0,51.45,99.9,0,99.6,1.37,3.99,0,0,95.96,1203.7808
2022-10-28,centralus,Storage,401.0,502.0,8.41,99.89,0,95.06,2.81,0.56,0,0,85.34,1162.2073
2022-10-28,uksouth,Compute,682.0,801.0,58.65,99.87,0,88.75,2.61,1.71,0,0,54.63,1001.8703
2022-10-28,uksouth,Storage,539.0,711.0,,99.87,0,118.0,3.21,3.42,0,0,92.47,1259.1023
2022-10-29,eastus,Compute,1512.0,1902.0,131.09,99.87,1,105.33,1.83,2.36,1,0,72.74,1108.522
2022-10-29,eastus,Storage,637.0,836.0,13.96,99.93,1,105.82,2.93,5.74,0,0,87.94,1137.7682
2022-10-29,westeurope,Compute,317.0,369.0,26.49,99.86,1,89.27,3.37,2.62,0,0,64.77,1040.4175
2022-10-29,westeurope,Storage,238.0,273.0,5.15,99.88,1,104.43,2.23,4.37,0,0,72.79,1198.1217
2022-10-29,southeastasia,Compute,613.0,719.0,51.86,99.93,1,105.38,2.49,5.01,1,0,90.59,1022.61444
2022-10-29,southeastasia,Storage,269.0,354.0,,99.85,1,133.29,1.26,5.13,0,0,72.96,1207.9891
2022-10-29,centralus,Compute,1219.0,1557.0,103.15,99.93,1,129.51,1.5,4.32,0,0,91.89,1177.2437
2022-10-29,centralus,Storage,1614.0,2064.0,34.9,99.87,1,102.15,3.33,1.77,0,0,52.62,1302.2279
2022-10-29,uksouth,Compute,941.0,1130.0,77.59,99.87,1,95.38,3.2,4.53,0,0,52.62,1111.2549
2022-10-29,uksouth,Storage,588.0,774.0,13.47,99.95,1,95.9,2.24,0.67,0,0,86.28,1074.7224
2022-10-30,eastus,Compute,590.0,787.0,48.35,99.9,1,116.93,2.84,1.13,0,0,57.8,1144.2069
2022-10-30,eastus,Storage,368.0,479.0,8.18,99.92,1,113.45,3.19,5.82,0,0,52.86,1070.1935
2022-10-30,westeurope,Compute,1104.0,1445.0,93.81,99.86,1,112.2,1.38,3.31,0,0,86.18,1148.0288
2022-10-30,westeurope,Storage,604.0,784.0,13.25,100.8,1,122.74,3.52,5.45,0,0,85.7,1382.8551
2022-10-30,southeastasia,Compute,268.0,308.0,23.73,99.95,1,119.48,3.09,4.29,0,0,85.63,1151.4242
2022-10-30,southeastasia,Storage,231.0,315.0,5.29,99.85,1,99.91,1.64,3.0,0,0,86.17,1211.784
2022-10-30,centralus,Compute,380.0,470.0,33.11,99.98,1,95.58,3.96,1.22,0,0,65.33,1241.0999
2022-10-30,centralus,Storage,663.0,913.0,15.09,99.98,1,127.52,3.91,3.08,0,0,86.13,1041.9557
2022-10-30,uksouth,Compute,328.0,390.0,26.74,99.92,1,101.13,4.2,1.53,0,0,52.36,1026.7144
2022-10-30,uksouth,Storage,556.0,653.0,12.34,99.95,1,92.45,2.43,5.29,0,0,53.98,1212.4819
2022-10-31,eastus,Compute,1628.0,2033.0,140.39,99.91,0,129.07,3.35,3.69,0,0,53.26,1234.6019
2022-10-31,eastus,Storage,777.0,949.0,16.65,99.92,0,110.43,1.95,4.35,1,0,72.86,1042.4983
2022-10-31,westeurope,Compute,1206.0,1482.0,105.96,99.95,0,94.94,4.3,4.26,0,0,93.49,1398.7429
2022-10-31,westeurope,Storage,648.0,878.0,13.85,99.85,0,95.89,2.78,4.58,0,0,82.3,1480.0947
2022-10-31,southeastasia,Compute,427.0,564.0,,100.8,0,133.79,3.0,2.79,0,0,56.46,901.9717
2022-10-31,southeastasia,Storage,688.0,916.0,14.7,99.9,0,130.53,1.58,4.6,0,0,84.42,995.3831
2022-10-31,centralus,Compute,633.0,860.0,52.66,99.94,0,114.53,3.25,1.43,0,0,80.1,1245.9823
2022-10-31,centralus,Storage,355.0,415.0,7.91,99.98,0,97.45,2.39,1.78,0,0,67.33,1231.5283
2022-10-31,uksouth,Compute,434.0,586.0,37.43,99.96,0,114.15,2.05,1.75,1,0,92.36,1194.7059
2022-10-31,uksouth,Storage,739.0,876.0,15.5,99.93,0,103.58,3.82,4.53,0,0,51.62,1248.1719
2022-11-01,eastus,Compute,1841.0,2174.0,153.16,99.95,0,97.07,3.96,3.08,0,0,85.47,1236.5946
2022-11-01,eastus,Storage,979.0,1307.0,20.82,99.93,0,129.51,1.28,4.2,0,0,62.93,1308.3605
2022-11-01,westeurope,Compute,1018.0,1397.0,86.78,99.9,0,88.0,3.45,2.03,0,0,74.29,1109.6609
2022-11-01,westeurope,Storage,455.0,602.0,9.57,99.97,0,100.57,1.49,4.68,0,0,70.3,1191.3771
2022-11-01,southeastasia,Compute,313.0,364.0,26.59,99.89,0,85.25,1.8,1.7,0,0,71.03,923.8724
2022-11-01,southeastasia,Storage,1920.0,2326.0,43.77,99.93,0,108.93,1.26,2.61,0,0,72.98,1433.0022
2022-11-01,centralus,Compute,658.0,906.0,53.3,99.96,0,130.32,3.74,4.59,0,0,71.15,1102.8334
2022-11-01,centralus,Storage,246.0,338.0,5.42,99.92,0,105.16,4.03,0.58,0,0,55.16,1171.9935
2022-11-01,uksouth,Compute,615.0,772.0,50.17,99.95,0,99.14,4.46,5.73,0,0,55.28,1184.9956
2022-11-01,uksouth,Storage,239.0,325.0,5.21,99.86,0,117.43,2.18,1.29,0,0,75.84,1241.7444
2022-11-02,eastus,Compute,1086.0,,93.1,99.96,0,103.87,1.73,4.9,0,0,88.22,1172.9778
2022-11-02,eastus,Storage,2196.0,2600.0,48.33,99.86,0,133.05,1.91,1.59,0,0,84.88,1173.3241
2022-11-02,westeurope,Compute,1376.0,1863.0,117.81,99.87,0,93.59,4.05,3.4,0,0,76.62,1111.2805
2022-11-02,westeurope,Storage,806.0,1035.0,16.92,99.98,0,125.33,2.2,1.22,0,0,56.63,1501.2214
2022-11-02,southeastasia,Compute,334.0,,27.78,99.98,0,130.72,1.34,4.74,0,0,72.99,993.25024
2022-11-02,southeastasia,Storage,543.0,633.0,11.41,99.97,0,95.99,3.13,3.94,0,0,93.3,1063.2079
2022-11-02,centralus,Compute,3123.0,3654.0,273.43,99.94,0,114.16,1.96,2.49,0,0,79.72,922.76385
2022-11-02,centralus,Storage,469.0,542.0,10.82,99.95,0,106.27,1.83,0.94,0,0,61.47,1227.014
2022-11-02,uksouth,Compute,430.0,572.0,34.97,99.97,0,98.84,2.46,2.35,0,0,51.43,1084.4631
2022-11-02,uksouth,Storage,479.0,649.0,10.17,99.91,0,131.64,2.86,4.49,0,0,60.91,1171.6266
2022-11-03,eastus,Compute,1716.0,2353.0,146.73,99.87,0,114.91,2.43,2.99,0,0,57.48,1191.495
2022-11-03,eastus,Storage,1124.0,1492.0,25.05,99.92,0,106.16,2.26,0.98,0,0,89.18,1454.6068
2022-11-03,westeurope,Compute,415.0,,34.89,99.98,0,91.18,2.04,1.94,0,0,53.99,1077.4205
2022-11-03,westeurope,Storage,477.0,652.0,10.38,99.97,0,86.37,3.49,0.9,0,0,64.49,1109.227
2022-11-03,southeastasia,Compute,411.0,569.0,,99.89,0,120.7,3.89,6.0,0,0,56.7,1152.6293
2022-11-03,southeastasia,Storage,340.0,407.0,,99.91,0,95.62,3.48,1.85,0,0,83.23,1193.8334
2022-11-03,centralus,Compute,500.0,585.0,42.46,99.86,0,110.19,2.03,3.12,0,0,72.43,1507.9203
2022-11-03,centralus,Storage,359.0,421.0,8.05,99.91,0,92.59,4.43,5.46,0,0,84.6,1357.1409
2022-11-03,uksouth,Compute,692.0,943.0,55.98,99.91,0,105.55,4.33,1.83,0,0,76.01,1186.0513
2022-11-03,uksouth,Storage,471.0,616.0,10.59,99.94,0,110.73,2.19,4.04,0,1,56.7,1006.2206
2022-11-04,eastus,Compute,1566.0,1891.0,127.12,99.88,0,103.94,2.52,2.81,0,0,59.47,974.0557
2022-11-04,eastus,Storage,799.0,934.0,17.05,99.9,0,124.79,1.8,2.41,0,0,80.56,1378.0583
2022-11-04,westeurope,Compute,1559.0,1904.0,135.15,99.85,0,89.76,4.33,1.53,0,0,50.01,1056.8702
2022-11-04,westeurope,Storage,963.0,1245.0,21.42,99.91,0,97.8,3.15,4.44,0,0,91.98,1529.1285
2022-11-04,southeastasia,Compute,661.0,893.0,58.3,99.95,0,90.02,4.45,0.92,0,0,95.27,1385.3248
2022-11-04,southeastasia,Storage,763.0,978.0,17.13,99.9,0,86.85,1.96,1.81,0,0,90.24,1150.5541
2022-11-04,centralus,Compute,1282.0,1584.0,107.69,99.94,0,94.71,1.54,1.83,0,0,96.88,1026.5103
2022-11-04,centralus,Storage,708.0,971.0,14.89,99.99,0,85.41,4.32,3.51,0,0,82.71,1124.9738
2022-11-04,uksouth,Compute,786.0,996.0,65.27,99.9,0,127.34,2.33,5.28,0,0,78.01,1101.3214
2022-11-04,uksouth,Storage,,582.0,9.79,99.9,0,100.93,4.27,4.58,0,0,65.91,1193.9639
2022-11-05,eastus,Compute,848.0,1116.0,69.65,99.91,1,85.64,2.78,5.43,0,0,58.11,1132.0831
2022-11-05,eastus,Storage,327.0,436.0,6.89,99.9,1,122.49,3.55,3.68,0,0,58.75,924.7902
2022-11-05,westeurope,Compute,1030.0,1395.0,89.16,99.91,1,97.37,1.7,3.02,0,0,78.43,1172.9606
2022-11-05,westeurope,Storage,514.0,608.0,11.29,99.97,1,127.48,4.0,2.82,0,0,72.98,1486.4614
2022-11-05,southeastasia,Compute,965.0,1327.0,85.9,99.89,1,132.81,2.85,2.18,0,0,84.62,1196.1863
2022-11-05,southeastasia,Storage,615.0,850.0,13.16,99.93,1,125.22,3.68,3.9,1,0,88.66,1072.7021
2022-11-05,centralus,Compute,739.0,985.0,65.06,99.88,1,116.03,3.01,4.59,0,0,65.56,1396.7422
2022-11-05,centralus,Storage,521.0,631.0,11.48,99.93,1,97.23,4.24,3.57,0,0,52.9,1167.8268
2022-11-05,uksouth,Compute,1335.0,1823.0,112.6,99.88,1,122.45,2.31,1.67,1,0,73.36,1197.9502
2022-11-05,uksouth,Storage,642.0,752.0,14.35,99.91,1,91.27,3.43,1.64,0,0,96.58,1128.5629
2022-11-06,eastus,Compute,372.0,517.0,31.05,99.94,1,100.84,1.57,3.95,0,0,81.31,1377.8125
2022-11-06,eastus,Storage,176.0,237.0,,99.87,1,117.69,4.34,3.14,0,0,60.24,990.9565
2022-11-06,westeurope,Compute,427.0,540.0,35.7,99.98,1,91.79,3.58,4.3,0,0,86.41,1148.4337
2022-11-06,westeurope,Storage,197.0,232.0,4.21,99.88,1,86.93,2.45,3.86,0,0,85.35,1265.9281
2022-11-06,southeastasia,Compute,317.0,423.0,26.52,99.98,1,93.17,2.24,3.24,0,0,60.54,1501.4355
2022-11-06,southeastasia,Storage,336.0,442.0,7.13,99.92,1,107.87,4.22,5.98,0,0,82.34,1201.4341
2022-11-06,centralus,Compute,1046.0,1310.0,87.71,99.87,1,108.86,2.48,1.48,0,0,56.57,1155.3002
2022-11-06,centralus,Storage,465.0,579.0,9.98,99.93,1,128.95,3.59,3.1,0,0,95.65,941.1149
2022-11-06,uksouth,Compute,1068.0,1491.0,87.49,99.86,1,98.74,1.26,5.63,0,0,65.9,1185.8496
2022-11-06,uksouth,Storage,171.0,200.0,3.93,99.94,1,129.93,3.42,3.45,0,0,73.63,1135.8049
2022-11-07,eastus,Compute,1827.0,2177.0,154.55,99.99,0,100.25,2.09,1.15,0,0,88.3,1506.8451
2022-11-07,eastus,Storage,635.0,747.0,14.05,99.86,0,113.6,3.89,3.46,0,0,63.83,1197.9958
2022-11-07,westeurope,Compute,853.0,1146.0,69.95,99.86,0,126.21,1.56,3.52,0,0,79.57,1382.345
2022-11-07,westeurope,Storage,342.0,440.0,7.6,99.85,0,97.91,4.27,2.1,0,0,56.93,1459.4384
2022-11-07,southeastasia,Compute,1094.0,1420.0,93.52,99.96,0,113.12,3.99,0.77,0,0,92.42,997.3109
2022-11-07,southeastasia,Storage,755.0,974.0,16.18,99.87,0,131.89,3.85,0.63,0,0,75.94,1106.8312
2022-11-07,centralus,Compute,1179.0,1510.0,97.29,99.91,0,90.44,2.99,1.03,0,0,77.35,1013.6671
2022-11-07,centralus,Storage,538.0,752.0,11.93,99.93,0,96.04,2.55,1.18,0,0,87.6,1077.4183
2022-11-07,uksouth,Compute,283.0,347.0,23.7,99.93,0,121.01,2.54,1.28,0,0,60.7,1192.3951
2022-11-07,uksouth,Storage,201.0,,,99.95,0,134.58,1.5,3.5,0,0,89.67,1499.2686
2022-11-08,eastus,Compute,1029.0,,91.57,99.89,0,116.65,1.43,2.15,0,1,57.84,1193.2754
2022-11-08,eastus,Storage,185.0,247.0,4.04,99.87,0,89.53,3.54,2.62,0,0,67.42,1186.0355
2022-11-08,westeurope,Compute,355.0,456.0,28.99,99.88,0,122.3,1.8,1.26,0,0,66.43,1042.1031
2022-11-08,westeurope,Storage,559.0,665.0,11.97,100.8,0,101.79,3.81,3.39,0,0,69.94,1191.9797
2022-11-08,southeastasia,Compute,1045.0,1373.0,86.11,99.98,0,94.97,3.63,2.41,0,0,93.23,1003.25995
2022-11-08,southeastasia,Storage,326.0,436.0,7.01,99.95,0,99.74,1.57,4.44,0,0,77.59,1238.9204
2022-11-08,centralus,Compute,1283.0,1635.0,114.44,99.95,0,128.93,1.3,5.29,0,0,51.28,1126.5729
2022-11-08,centralus,Storage,216.0,281.0,4.53,100.8,0,103.59,3.53,3.71,0,0,80.26,1212.8145
2022-11-08,uksouth,Compute,1119.0,1289.0,93.08,99.97,0,111.7,3.29,5.57,0,0,66.19,934.88904
2022-11-08,uksouth,Storage,728.0,969.0,16.27,99.88,0,104.44,2.23,1.02,0,0,77.98,1159.8757
2022-11-09,eastus,Compute,1953.0,2496.0,174.06,99.97,0,102.01,2.99,3.54,0,0,89.49,978.6726
2022-11-09,eastus,Storage,247.0,293.0,,99.9,0,94.44,2.11,2.19,0,0,86.64,971.9093
2022-11-09,westeurope,Compute,1316.0,1781.0,107.5,99.95,0,105.33,3.14,1.63,0,0,53.51,1025.613
2022-11-09,westeurope,Storage,633.0,769.0,14.57,99.88,0,111.47,3.63,5.29,0,0,95.34,1153.6626
2022-11-09,southeastasia,Compute,2223.0,3044.0,190.82,99.97,0,111.7,2.98,3.59,0,0,90.28,1151.9052
2022-11-09,southeastasia,Storage,767.0,943.0,17.42,99.87,0,94.84,1.8,0.98,0,0,62.95,956.0318
2022-11-09,centralus,Compute,1473.0,1853.0,123.97,99.89,0,134.54,3.87,1.97,0,1,71.89,1135.3678
2022-11-09,centralus,Storage,181.0,209.0,4.13,99.9,0,101.47,2.35,2.79,0,0,53.95,990.8599
2022-11-09,uksouth,Compute,,1302.0,88.38,99.99,0,85.87,4.28,1.7,0,0,92.99,1123.9663
2022-11-09,uksouth,Storage,493.0,600.0,10.65,99.97,0,123.34,3.94,0.79,0,0,89.26,1203.3915
2022-11-10,eastus,Compute,1161.0,1380.0,102.29,99.98,0,113.35,3.45,5.23,0,0,84.03,1753.4803
2022-11-10,eastus,Storage,676.0,793.0,15.18,99.86,0,85.01,1.6,3.89,0,0,52.3,1156.571
2022-11-10,westeurope,Compute,1431.0,1696.0,121.79,99.9,0,108.24,3.3,1.38,0,0,51.1,1218.2468
2022-11-10,westeurope,Storage,446.0,611.0,9.73,99.93,0,93.32,2.08,1.24,0,0,64.2,1087.0276
2022-11-10,southeastasia,Compute,,769.0,52.75,99.96,0,94.53,2.37,2.67,0,0,52.03,1834.8287
2022-11-10,southeastasia,Storage,622.0,813.0,13.02,99.87,0,102.45,4.33,0.93,0,0,68.13,1200.168
2022-11-10,centralus,Compute,,387.0,27.85,99.98,0,90.04,2.65,0.62,0,0,84.98,1149.3951
2022-11-10,centralus,Storage,451.0,528.0,9.96,99.95,0,120.8,2.96,3.21,0,0,84.93,1362.5231
2022-11-10,uksouth,Compute,,617.0,41.7,99.9,0,96.1,4.15,4.31,0,0,83.7,1159.6501
2022-11-10,uksouth,Storage,643.0,742.0,14.17,99.89,0,91.56,3.54,0.71,0,0,82.41,1306.3264
2022-11-11,eastus,Compute,998.0,1154.0,82.43,99.92,0,105.09,3.28,1.56,0,0,76.22,1226.1163
2022-11-11,eastus,Storage,807.0,955.0,17.77,99.88,0,110.24,2.17,0.79,0,0,58.06,1159.821
2022-11-11,westeurope,Compute,1830.0,2263.0,163.24,99.9,0,116.35,4.13,4.01,0,0,74.82,1102.7703
2022-11-11,westeurope,Storage,,1114.0,19.73,99.95,0,90.85,4.25,5.69,0,0,50.84,999.62866
2022-11-11,southeastasia,Compute,342.0,407.0,29.11,99.89,0,113.02,3.64,0.95,0,0,64.77,1156.124
2022-11-11,southeastasia,Storage,379.0,446.0,8.02,99.93,0,86.92,4.41,5.98,0,0,88.4,981.60736
2022-11-11,centralus,Compute,895.0,1242.0,79.71,99.97,0,125.35,1.89,1.36,0,0,92.53,1333.0819
2022-11-11,centralus,Storage,646.0,815.0,13.92,99.96,0,105.48,4.13,5.8,0,0,75.49,1140.3992
2022-11-11,uksouth,Compute,789.0,961.0,,99.93,0,104.37,4.17,0.72,0,0,56.33,1158.3652
2022-11-11,uksouth,Storage,252.0,308.0,5.47,99.91,0,112.95,4.33,1.86,0,0,55.8,887.5406
2022-11-12,eastus,Compute,741.0,887.0,64.26,99.94,1,112.39,3.5,4.02,0,0,71.45,1116.7699
2022-11-12,eastus,Storage,892.0,1059.0,19.88,99.96,1,92.12,1.78,0.57,0,0,75.0,1231.7457
2022-11-12,westeurope,Compute,335.0,461.0,28.3,99.9,1,106.5,2.27,4.1,0,0,78.05,1119.1488
2022-11-12,westeurope,Storage,706.0,939.0,15.33,99.93,1,86.43,2.72,1.83,0,0,87.66,1172.684
2022-11-12,southeastasia,Compute,672.0,939.0,58.79,99.96,1,116.36,2.94,2.4,0,0,51.83,1107.5171
2022-11-12,southeastasia,Storage,655.0,857.0,14.17,99.96,1,89.64,3.77,0.68,0,0,54.32,973.8978
2022-11-12,centralus,Compute,650.0,877.0,57.75,99.93,1,111.74,4.24,4.91,0,0,74.66,1263.4044
2022-11-12,centralus,Storage,351.0,,7.43,99.92,1,92.89,3.49,3.67,0,0,98.23,1150.6088
2022-11-12,uksouth,Compute,,1502.0,,99.93,1,106.98,2.14,2.32,0,0,79.44,1125.8369
2022-11-12,uksouth,Storage,1980.0,2429.0,43.39,99.95,1,133.16,2.35,2.14,0,0,98.08,1189.7867
2022-11-13,eastus,Compute,,881.0,64.39,99.89,1,99.16,4.5,2.3,0,0,68.47,1170.9307
2022-11-13,eastus,Storage,965.0,1130.0,20.92,99.94,1,130.8,2.51,3.61,0,0,67.11,1130.7246
2022-11-13,westeurope,Compute,1511.0,1966.0,128.49,99.88,1,98.33,1.76,0.81,0,0,58.3,1039.0096
2022-11-13,westeurope,Storage,801.0,1024.0,16.99,99.9,1,113.62,4.5,1.2,0,0,90.26,1223.073
2022-11-13,southeastasia,Compute,1006.0,1157.0,83.17,99.96,1,90.36,2.18,3.59,0,0,99.04,1220.9991
2022-11-13,southeastasia,Storage,453.0,543.0,,99.89,1,117.85,2.98,2.83,0,0,91.07,960.3344
2022-11-13,centralus,Compute,266.0,364.0,23.35,99.92,1,88.42,3.07,2.45,0,0,82.24,1356.5233
2022-11-13,centralus,Storage,618.0,796.0,13.91,99.91,1,87.03,3.34,3.99,0,0,73.81,1016.31726
2022-11-13,uksouth,Compute,719.0,896.0,62.11,99.95,1,117.25,3.17,4.93,0,0,81.83,1006.1046
2022-11-13,uksouth,Storage,243.0,302.0,5.16,99.86,1,117.41,4.39,4.23,0,0,94.89,1235.269
2022-11-14,eastus,Compute,462.0,612.0,38.77,99.89,0,118.56,2.3,3.65,0,0,65.62,1255.5776
2022-11-14,eastus,Storage,250.0,306.0,5.74,99.95,0,103.46,1.9,1.26,0,0,61.6,1096.9835
2022-11-14,westeurope,Compute,1705.0,1979.0,,99.93,0,114.32,1.26,1.66,0,0,82.27,1160.7164
2022-11-14,westeurope,Storage,381.0,517.0,8.07,99.9,0,85.49,3.16,4.12,0,0,69.08,1181.0223
2022-11-14,southeastasia,Compute,1054.0,1397.0,85.71,99.86,0,119.77,4.32,4.76,0,0,65.23,1002.2066
2022-11-14,southeastasia,Storage,573.0,703.0,12.67,99.94,0,115.7,3.76,0.73,0,0,99.29,1215.8259
2022-11-14,centralus,Compute,,1028.0,62.07,99.94,0,118.86,2.82,4.28,0,0,98.06,1125.1744
2022-11-14,centralus,Storage,568.0,757.0,,99.93,0,101.13,3.4,0.98,0,0,63.77,1121.9564
2022-11-14,uksouth,Compute,1372.0,1756.0,114.42,99.91,0,106.22,2.06,2.09,0,0,81.22,941.10535
2022-11-14,uksouth,Storage,565.0,,12.46,99.87,0,94.94,2.54,3.49,0,0,89.19,1078.025
2022-11-15,eastus,Compute,1208.0,1577.0,107.38,100.8,0,92.56,1.34,2.7,0,0,56.71,855.98706
2022-11-15,eastus,Storage,485.0,578.0,10.27,99.98,0,113.86,1.51,1.71,0,0,86.28,1080.7775
2022-11-15,westeurope,Compute,1226.0,1563.0,106.11,99.92,0,132.55,1.53,4.89,0,0,85.44,1021.3915
2022-11-15,westeurope,Storage,314.0,383.0,7.03,99.87,0,96.59,4.49,0.53,0,0,55.07,1098.2845
2022-11-15,southeastasia,Compute,734.0,991.0,64.35,99.88,0,120.85,1.82,1.01,0,0,51.77,934.2066
2022-11-15,southeastasia,Storage,196.0,235.0,4.17,99.97,0,99.54,2.3,3.52,0,0,95.86,1066.9376
2022-11-15,centralus,Compute,1622.0,1939.0,,99.95,0,128.77,1.66,2.69,0,1,64.23,1147.197
2022-11-15,centralus,Storage,687.0,822.0,15.8,99.88,0,122.5,3.85,2.56,0,0,99.27,987.07495
2022-11-15,uksouth,Compute,561.0,681.0,,99.94,0,132.85,1.55,4.65,0,0,68.53,1139.9418
2022-11-15,uksouth,Storage,786.0,1060.0,17.79,99.88,0,123.24,3.12,1.1,0,0,75.32,1609.2076
2022-11-16,eastus,Compute,1891.0,2516.0,153.24,99.96,0,103.06,2.02,3.67,0,0,83.8,857.47906
2022-11-16,eastus,Storage,509.0,,11.7,99.91,0,113.35,4.12,2.27,0,0,66.53,1029.6646
2022-11-16,westeurope,Compute,1261.0,1482.0,107.88,99.88,0,120.41,2.12,1.33,0,0,59.98,920.37085
2022-11-16,westeurope,Storage,271.0,344.0,6.02,99.96,0,127.45,1.46,5.47,0,0,59.34,1221.1581
2022-11-16,southeastasia,Compute,734.0,886.0,61.44,99.92,0,120.12,4.38,1.29,0,0,61.04,1246.0536
2022-11-16,southeastasia,Storage,469.0,619.0,10.11,99.93,0,115.81,2.58,5.86,0,0,71.52,1257.3165
2022-11-16,centralus,Compute,1017.0,1284.0,90.6,99.96,0,85.29,1.57,3.55,0,0,94.78,1066.705
2022-11-16,centralus,Storage,880.0,1104.0,19.6,99.94,0,85.0,4.24,5.03,0,0,83.24,1190.9288
2022-11-16,uksouth,Compute,357.0,465.0,29.28,99.87,0,94.42,3.9,0.68,0,0,79.59,1051.6611
2022-11-16,uksouth,Storage,471.0,609.0,9.96,99.88,0,97.63,2.81,4.52,0,0,71.97,1174.9823
2022-11-17,eastus,Compute,1857.0,2570.0,153.01,99.96,0,100.67,3.43,2.19,0,0,92.44,1125.9055
2022-11-17,eastus,Storage,616.0,732.0,13.93,99.9,0,132.47,4.31,4.31,0,0,94.12,1116.7274
2022-11-17,westeurope,Compute,706.0,976.0,59.57,99.98,0,99.72,1.62,2.13,0,0,69.27,998.7737
2022-11-17,westeurope,Storage,821.0,975.0,17.75,99.9,0,114.44,3.81,1.77,0,0,69.08,993.517
2022-11-17,southeastasia,Compute,1304.0,1578.0,106.12,99.96,0,112.96,3.45,4.79,0,0,89.75,1035.0203
2022-11-17,southeastasia,Storage,153.0,194.0,3.21,99.89,0,125.59,4.42,5.52,0,0,91.13,996.8563
2022-11-17,centralus,Compute,431.0,527.0,36.23,99.92,0,93.67,2.5,2.62,0,0,53.68,954.12885
2022-11-17,centralus,Storage,685.0,863.0,14.98,100.8,0,118.39,2.98,3.24,0,0,93.05,1105.5121
2022-11-17,uksouth,Compute,802.0,1004.0,69.6,99.88,0,85.93,2.82,2.97,0,0,75.5,1167.2332
2022-11-17,uksouth,Storage,160.0,189.0,3.63,99.98,0,98.14,1.67,2.27,0,0,88.97,961.7975
2022-11-18,eastus,Compute,1338.0,1661.0,109.01,99.9,0,115.09,4.16,5.08,1,0,92.42,892.46735
2022-11-18,eastus,Storage,1064.0,1308.0,24.11,99.94,0,102.43,4.09,3.3,0,0,72.64,1207.5618
2022-11-18,westeurope,Compute,665.0,767.0,53.72,99.93,0,111.21,1.44,3.21,0,0,75.88,835.9122
2022-11-18,westeurope,Storage,466.0,539.0,10.38,99.94,0,109.36,1.78,1.06,0,0,82.11,1113.6807
2022-11-18,southeastasia,Compute,1372.0,1818.0,113.69,99.91,0,131.44,3.92,1.91,0,0,95.01,1143.454
2022-11-18,southeastasia,Storage,418.0,529.0,,99.94,0,93.51,4.06,3.53,0,1,81.5,1008.69324
2022-11-18,centralus,Compute,1126.0,1504.0,93.1,99.88,0,120.15,2.92,1.79,0,0,84.57,1190.3961
2022-11-18,centralus,Storage,615.0,822.0,13.21,99.96,0,125.98,2.71,2.15,0,0,53.23,1081.5021
2022-11-18,uksouth,Compute,423.0,530.0,35.09,99.87,0,127.56,4.1,1.96,0,0,61.26,1167.6893
2022-11-18,uksouth,Storage,138.0,183.0,2.96,99.86,0,87.77,1.24,0.71,0,0,99.8,1173.2189
2022-11-19,eastus,Compute,824.0,1090.0,71.02,99.9,1,103.84,3.99,4.42,0,0,59.22,1209.9097
2022-11-19,eastus,Storage,733.0,992.0,,100.8,1,86.43,1.33,0.94,0,0,70.02,1064.3772
2022-11-19,westeurope,Compute,373.0,515.0,30.39,99.86,1,130.26,3.41,4.19,1,0,88.59,986.33905
2022-11-19,westeurope,Storage,763.0,983.0,16.6,99.89,1,130.22,2.22,4.34,0,0,61.8,1165.2397
2022-11-19,southeastasia,Compute,985.0,1251.0,,99.9,1,90.83,1.27,1.52,0,0,57.81,983.8493
2022-11-19,southeastasia,Storage,303.0,404.0,6.35,99.93,1,112.84,3.97,4.22,0,0,70.41,1150.1614
2022-11-19,centralus,Compute,701.0,855.0,57.66,99.93,1,90.59,1.82,4.23,0,0,55.22,934.56854
2022-11-19,centralus,Storage,429.0,512.0,,99.98,1,116.31,2.83,3.59,0,0,87.26,1209.3076
2022-11-19,uksouth,Compute,404.0,522.0,34.38,99.99,1,95.3,1.67,1.39,0,0,65.3,1123.0797
2022-11-19,uksouth,Storage,564.0,772.0,12.62,99.92,1,95.54,2.33,3.66,0,0,70.45,986.5521
2022-11-20,eastus,Compute,1088.0,1280.0,96.77,99.99,1,106.31,3.8,4.11,0,0,65.68,1081.644
2022-11-20,eastus,Storage,,1043.0,17.11,100.8,1,129.56,3.84,2.33,0,0,84.48,935.97833
2022-11-20,westeurope,Compute,1537.0,2136.0,131.55,99.91,1,127.14,1.28,1.21,0,0,70.81,1243.351
2022-11-20,westeurope,Storage,577.0,754.0,12.86,99.88,1,99.24,4.22,1.51,0,0,54.61,1172.587
2022-11-20,southeastasia,Compute,342.0,462.0,29.72,99.96,1,104.0,2.01,0.63,0,0,94.46,1120.1321
2022-11-20,southeastasia,Storage,,554.0,8.7,99.85,1,86.81,4.47,5.89,0,0,57.3,1104.7015
2022-11-20,centralus,Compute,642.0,850.0,54.93,99.91,1,94.47,2.12,2.46,0,0,59.2,1130.3431
2022-11-20,centralus,Storage,,469.0,8.64,99.98,1,127.14,1.75,2.51,0,0,81.11,1201.879
2022-11-20,uksouth,Compute,400.0,515.0,35.38,99.86,1,115.22,3.74,1.13,0,0,63.69,962.89923
2022-11-20,uksouth,Storage,370.0,,8.23,99.95,1,120.15,2.96,5.74,0,0,69.44,1058.4594
2022-11-21,eastus,Compute,2005.0,2758.0,172.59,99.99,0,97.28,4.25,2.46,0,0,87.99,1045.8516
2022-11-21,eastus,Storage,990.0,,22.19,99.91,0,127.85,2.5,3.08,0,0,97.68,887.9574
2022-11-21,westeurope,Compute,624.0,807.0,53.84,100.8,0,127.13,2.08,3.1,0,0,89.74,1146.6355
2022-11-21,westeurope,Storage,312.0,436.0,7.15,99.95,0,127.08,2.04,3.92,0,0,98.49,1121.0345
2022-11-21,southeastasia,Compute,736.0,991.0,65.34,99.88,0,124.66,2.09,5.32,0,0,86.03,1236.2432
2022-11-21,southeastasia,Storage,298.0,384.0,6.78,99.89,0,127.06,3.87,3.69,0,0,68.36,948.34
2022-11-21,centralus,Compute,,862.0,60.99,99.97,0,134.83,4.31,4.19,0,0,80.41,906.7222
2022-11-21,centralus,Storage,871.0,1111.0,19.14,99.9,0,103.75,2.62,0.59,0,0,57.51,1099.5133
2022-11-21,uksouth,Compute,1262.0,1585.0,111.53,99.97,0,91.22,4.39,5.98,0,0,96.68,861.89636
2022-11-21,uksouth,Storage,469.0,553.0,10.46,99.96,0,133.19,1.22,2.78,0,0,53.11,881.59863
2022-11-22,eastus,Compute,591.0,706.0,49.72,99.89,0,105.02,3.16,3.85,0,0,87.22,1228.9668
2022-11-22,eastus,Storage,368.0,487.0,8.0,99.93,0,111.21,1.74,3.93,0,0,84.53,1046.5612
2022-11-22,westeurope,Compute,1352.0,1792.0,110.17,99.96,0,96.1,2.86,5.67,0,0,50.34,882.55273
2022-11-22,westeurope,Storage,484.0,669.0,11.17,99.9,0,114.56,3.75,1.18,0,0,58.93,905.80853
2022-11-22,southeastasia,Compute,1104.0,1394.0,94.11,99.94,0,88.38,3.78,3.32,0,0,93.7,1154.3605
2022-11-22,southeastasia,Storage,663.0,866.0,13.92,99.96,0,112.31,3.93,1.67,0,0,53.84,1118.6506
2022-11-22,centralus,Compute,1005.0,1167.0,83.0,99.91,0,104.13,1.63,5.97,0,0,61.0,1154.4519
2022-11-22,centralus,Storage,481.0,661.0,10.41,100.8,0,110.85,2.93,1.16,0,0,51.84,1206.8948
2022-11-22,uksouth,Compute,327.0,432.0,26.51,99.93,0,85.15,2.08,3.25,0,0,58.46,1200.9788
2022-11-22,uksouth,Storage,349.0,476.0,7.41,99.86,0,95.69,1.21,0.9,0,0,66.93,1060.0917
2022-11-23,eastus,Compute,1630.0,2279.0,141.79,99.9,0,126.45,2.82,5.3,0,0,62.36,982.0215
2022-11-23,eastus,Storage,445.0,567.0,10.03,99.91,0,85.14,3.22,5.74,0,0,72.77,1146.7404
2022-11-23,westeurope,Compute,603.0,712.0,50.57,99.91,0,131.77,3.38,5.31,0,0,85.94,1114.2404
2022-11-23,westeurope,Storage,,848.0,14.7,99.96,0,95.59,1.65,5.22,0,0,63.85,1040.7158
2022-11-23,southeastasia,Compute,613.0,760.0,52.97,99.93,0,112.45,2.89,5.69,0,0,67.59,1374.1548
2022-11-23,southeastasia,Storage,774.0,936.0,,99.87,0,122.14,1.2,3.97,0,0,91.46,1045.7034
2022-11-23,centralus,Compute,685.0,797.0,55.94,99.89,0,96.0,4.08,5.92,0,0,79.43,1214.9495
2022-11-23,centralus,Storage,594.0,757.0,12.86,99.9,0,87.89,4.17,4.73,0,0,79.12,857.7826
2022-11-23,uksouth,Compute,368.0,462.0,31.92,99.9,0,133.83,3.41,4.13,0,0,59.89,1103.3822
2022-11-23,uksouth,Storage,479.0,,10.92,99.9,0,106.55,2.58,2.92,0,0,90.11,1126.813
2022-11-24,eastus,Compute,1271.0,1775.0,105.7,99.92,0,119.12,1.61,2.45,0,0,74.66,1374.6564
2022-11-24,eastus,Storage,722.0,862.0,16.38,99.99,0,128.37,3.3,4.48,0,0,84.61,972.7822
2022-11-24,westeurope,Compute,1612.0,2143.0,136.08,99.97,0,119.51,3.37,1.71,0,0,86.68,1028.1068
2022-11-24,westeurope,Storage,923.0,1153.0,19.32,99.89,0,91.78,2.03,2.49,0,0,94.21,1143.4109
2022-11-24,southeastasia,Compute,,1201.0,82.04,99.99,0,134.96,4.34,4.45,0,0,93.13,950.24536
2022-11-24,southeastasia,Storage,575.0,671.0,12.95,99.99,0,117.41,2.11,1.98,0,0,88.41,1054.531
2022-11-24,centralus,Compute,1167.0,1550.0,96.02,99.91,0,99.62,1.76,3.69,0,0,59.79,885.6905
2022-11-24,centralus,Storage,920.0,1245.0,19.9,99.98,0,109.25,3.38,1.09,0,1,69.55,846.2652
2022-11-24,uksouth,Compute,1426.0,1671.0,123.76,99.9,0,126.88,4.31,2.79,0,0,59.86,929.9324
2022-11-24,uksouth,Storage,860.0,1066.0,18.86,99.96,0,99.88,1.87,1.2,0,1,85.48,910.5352
2022-11-25,eastus,Compute,745.0,905.0,61.29,99.95,0,95.51,3.77,1.62,0,0,75.28,1161.9126
2022-11-25,eastus,Storage,731.0,850.0,15.59,99.92,0,92.88,3.49,5.01,0,0,93.92,1217.5966
2022-11-25,westeurope,Compute,,1947.0,132.94,99.88,0,103.06,1.99,5.98,0,0,96.11,1285.5736
2022-11-25,westeurope,Storage,503.0,588.0,11.26,99.93,0,99.56,3.77,4.77,0,0,95.92,1215.069
2022-11-25,southeastasia,Compute,426.0,527.0,37.88,99.87,0,134.52,1.24,2.98,0,0,54.83,1218.5544
2022-11-25,southeastasia,Storage,440.0,536.0,9.83,99.88,0,120.21,3.75,1.18,0,0,59.64,1192.6522
2022-11-25,centralus,Compute,,2050.0,128.28,99.95,0,108.91,3.58,4.95,0,0,57.08,1111.2452
2022-11-25,centralus,Storage,671.0,792.0,14.59,99.9,0,128.27,2.78,5.98,0,0,54.93,1094.6376
2022-11-25,uksouth,Compute,461.0,583.0,,99.87,0,91.51,3.23,1.77,0,0,84.03,880.8046
2022-11-25,uksouth,Storage,545.0,702.0,12.12,99.9,0,88.02,1.45,2.81,0,0,63.11,1407.7396
2022-11-26,eastus,Compute,,438.0,26.13,99.95,1,133.15,2.22,0.58,0,1,93.63,1191.708
2022-11-26,eastus,Storage,706.0,981.0,16.16,99.93,1,114.26,3.76,2.19,0,0,53.41,1213.1431
2022-11-26,westeurope,Compute,750.0,905.0,66.0,99.95,1,110.86,2.89,3.63,0,0,92.81,966.7536
2022-11-26,westeurope,Storage,289.0,368.0,,99.94,1,129.45,1.61,2.98,0,0,74.01,946.23083
2022-11-26,southeastasia,Compute,873.0,,77.07,99.94,1,97.08,4.05,3.98,0,0,89.5,1141.1216
2022-11-26,southeastasia,Storage,108.0,141.0,2.33,99.91,1,107.29,2.2,2.38,1,0,73.62,1158.5605
2022-11-26,centralus,Compute,985.0,1265.0,86.19,99.87,1,126.03,4.36,2.44,0,0,81.8,904.77454
2022-11-26,centralus,Storage,243.0,309.0,5.48,99.91,1,91.38,4.08,0.96,0,0,99.76,1102.298
2022-11-26,uksouth,Compute,839.0,981.0,68.92,99.98,1,113.23,3.3,2.85,0,0,91.31,1218.0509
2022-11-26,uksouth,Storage,278.0,362.0,6.27,99.93,1,92.96,2.25,3.57,1,0,87.79,1148.4481
2022-11-27,eastus,Compute,1606.0,2092.0,140.75,99.88,1,110.01,3.08,2.66,0,0,54.25,1064.228
2022-11-27,eastus,Storage,802.0,1033.0,18.32,99.85,1,88.35,1.73,0.67,0,0,60.54,1030.7671
2022-11-27,westeurope,Compute,,411.0,27.39,99.88,1,98.11,2.0,1.32,0,0,68.32,974.5426
2022-11-27,westeurope,Storage,305.0,389.0,6.55,99.88,1,112.48,1.43,0.91,0,0,95.71,1136.4191
2022-11-27,southeastasia,Compute,1011.0,1320.0,84.25,99.94,1,130.14,1.65,3.15,0,0,69.81,1099.3424
2022-11-27,southeastasia,Storage,,2311.0,41.2,99.85,1,134.46,2.18,3.93,0,0,77.46,1720.755
2022-11-27,centralus,Compute,1415.0,1805.0,125.43,99.88,1,119.42,4.46,4.16,0,0,58.99,1252.7847
2022-11-27,centralus,Storage,347.0,422.0,7.85,99.9,1,121.65,1.25,0.58,1,0,68.7,1159.6813
2022-11-27,uksouth,Compute,281.0,,24.76,99.85,1,129.28,1.91,5.52,0,0,96.69,919.846
2022-11-27,uksouth,Storage,485.0,583.0,10.82,99.92,1,112.22,1.84,3.99,0,0,51.34,901.54565
2022-11-28,eastus,Compute,1247.0,1693.0,103.42,99.92,0,85.9,1.46,3.84,0,0,89.27,1183.837
2022-11-28,eastus,Storage,345.0,410.0,7.62,99.91,0,129.65,3.57,1.63,0,0,92.29,906.8262
2022-11-28,westeurope,Compute,696.0,826.0,56.48,99.88,0,129.68,3.35,4.56,0,0,60.84,925.5167
2022-11-28,westeurope,Storage,505.0,641.0,11.66,99.9,0,127.71,4.05,1.78,0,0,71.29,1125.452
2022-11-28,southeastasia,Compute,801.0,1098.0,69.94,99.89,0,122.17,3.01,4.79,0,0,80.92,1202.4286
2022-11-28,southeastasia,Storage,418.0,497.0,9.34,99.92,0,103.95,3.82,4.96,0,0,67.26,1182.8575
2022-11-28,centralus,Compute,780.0,953.0,64.13,99.91,0,107.58,3.18,1.96,0,0,78.02,1191.6619
2022-11-28,centralus,Storage,424.0,581.0,9.58,99.93,0,113.46,2.75,1.77,0,0,57.29,924.01764
2022-11-28,uksouth,Compute,787.0,1100.0,66.27,99.98,0,93.53,2.6,5.78,0,0,95.96,1068.5027
2022-11-28,uksouth,Storage,805.0,1016.0,18.29,99.9,0,123.36,1.66,5.62,0,0,89.46,1271.0834
2022-11-29,eastus,Compute,1183.0,,101.43,99.94,0,100.3,1.71,3.93,0,0,64.79,1231.3055
2022-11-29,eastus,Storage,658.0,,14.86,99.97,0,110.28,2.94,1.62,0,0,87.12,1187.2544
2022-11-29,westeurope,Compute,967.0,1188.0,84.63,99.99,0,117.6,4.45,3.34,0,0,86.57,1104.0057
2022-11-29,westeurope,Storage,860.0,1150.0,18.49,99.97,0,90.46,1.89,5.84,0,0,85.2,1091.7012
2022-11-29,southeastasia,Compute,247.0,316.0,21.9,99.91,0,107.34,1.57,4.02,0,0,99.85,1178.1473
2022-11-29,southeastasia,Storage,626.0,774.0,,99.86,0,112.17,2.11,4.49,1,0,83.96,915.9507
2022-11-29,centralus,Compute,1475.0,,130.63,99.92,0,124.53,2.54,2.89,0,0,78.25,1079.7694
2022-11-29,centralus,Storage,811.0,1052.0,17.75,99.89,0,130.47,2.42,4.89,1,0,67.28,1108.8043
2022-11-29,uksouth,Compute,932.0,1081.0,76.64,99.89,0,93.8,1.87,4.73,0,0,98.33,1117.0679
2022-11-29,uksouth,Storage,399.0,549.0,8.84,99.9,0,119.78,1.8,5.83,0,0,76.49,1109.6895
2022-11-30,eastus,Compute,1747.0,,144.79,99.86,0,125.36,4.42,0.92,0,0,97.07,1226.6573
2022-11-30,eastus,Storage,588.0,820.0,12.56,99.91,0,133.84,2.54,2.42,0,0,72.35,1013.0813
2022-11-30,westeurope,Compute,925.0,1209.0,76.22,99.89,0,127.94,3.88,4.84,0,0,86.44,1124.7985
2022-11-30,westeurope,Storage,919.0,1066.0,20.53,99.89,0,112.97,3.36,2.92,0,0,96.65,1046.6874
2022-11-30,southeastasia,Compute,543.0,717.0,46.95,99.98,0,103.58,2.21,1.45,0,0,91.89,1219.7369
2022-11-30,southeastasia,Storage,968.0,1179.0,20.45,99.98,0,128.63,2.22,1.86,0,1,80.03,1215.2651
2022-11-30,centralus,Compute,517.0,687.0,44.28,99.99,0,132.24,1.52,1.94,0,0,79.61,1113.8099
2022-11-30,centralus,Storage,372.0,452.0,7.98,99.96,0,92.71,1.22,2.35,0,0,89.06,948.52734
2022-11-30,uksouth,Compute,4305.0,,357.56,99.9,0,115.82,1.42,2.12,0,0,74.32,1209.9376
2022-11-30,uksouth,Storage,498.0,665.0,10.68,99.96,0,122.92,1.85,5.5,0,0,71.03,1238.0525
2022-12-01,eastus,Compute,484.0,620.0,40.33,99.9,0,124.57,3.38,2.95,0,0,87.29,1283.2561
2022-12-01,eastus,Storage,951.0,1162.0,21.3,99.86,0,121.3,3.06,1.87,0,0,66.69,1185.3951
2022-12-01,westeurope,Compute,1897.0,,158.93,99.91,0,106.13,3.29,3.65,0,1,81.05,861.2122
2022-12-01,westeurope,Storage,,754.0,13.54,99.97,0,130.98,4.39,1.41,0,0,84.47,1028.7435
2022-12-01,southeastasia,Compute,780.0,1036.0,67.19,99.86,0,93.77,2.61,5.87,0,0,99.45,1186.265
2022-12-01,southeastasia,Storage,469.0,561.0,10.69,99.89,0,99.44,2.28,4.73,0,0,51.54,1221.4506
2022-12-01,centralus,Compute,,2427.0,154.91,99.92,0,129.78,1.9,1.7,0,0,67.73,1044.5739
2022-12-01,centralus,Storage,1042.0,1355.0,23.93,99.93,0,85.28,4.07,2.07,0,0,64.85,1129.9586
2022-12-01,uksouth,Compute,313.0,374.0,26.33,99.87,0,108.51,3.43,2.53,0,0,88.12,1141.7725
2022-12-01,uksouth,Storage,,910.0,16.51,99.87,0,133.37,3.77,2.14,0,0,86.72,1274.557
2022-12-02,eastus,Compute,604.0,772.0,52.14,99.99,0,123.76,2.98,4.74,0,0,63.1,989.0268
2022-12-02,eastus,Storage,865.0,1002.0,18.63,99.86,0,128.96,3.16,3.44,0,0,69.94,1103.7294
2022-12-02,westeurope,Compute,1990.0,2384.0,175.02,99.86,0,125.39,1.54,3.94,0,0,69.4,1177.5154
2022-12-02,westeurope,Storage,,930.0,14.38,99.86,0,113.28,1.92,3.86,0,0,77.28,1036.0701
2022-12-02,southeastasia,Compute,752.0,,65.94,99.99,0,116.68,2.45,1.7,0,0,99.62,1177.26
2022-12-02,southeastasia,Storage,224.0,309.0,4.82,99.9,0,96.67,1.21,4.31,0,0,52.05,1163.0251
2022-12-02,centralus,Compute,406.0,499.0,34.34,99.87,0,97.86,2.92,1.05,0,0,51.74,1163.261
2022-12-02,centralus,Storage,722.0,962.0,16.66,99.89,0,101.12,2.33,4.52,0,0,97.29,1067.2555
2022-12-02,uksouth,Compute,666.0,817.0,,99.89,0,115.25,1.93,3.35,0,0,56.18,933.81995
2022-12-02,uksouth,Storage,972.0,1317.0,22.01,99.99,0,92.51,4.19,2.38,0,0,81.35,1007.68933
2022-12-03,eastus,Compute,384.0,,31.2,99.94,1,106.79,1.59,5.18,0,0,59.88,1029.4747
2022-12-03,eastus,Storage,,669.0,11.17,99.91,1,92.27,2.64,2.65,0,0,54.72,1256.7347
2022-12-03,westeurope,Compute,640.0,815.0,51.68,99.97,1,85.63,1.22,3.86,0,0,62.6,1019.9954
2022-12-03,westeurope,Storage,549.0,680.0,11.92,99.93,1,125.47,1.64,0.72,0,0,91.07,1032.4764
2022-12-03,southeastasia,Compute,443.0,,37.65,99.98,1,86.22,3.28,5.1,0,0,52.17,1073.5616
2022-12-03,southeastasia,Storage,237.0,322.0,5.15,99.93,1,110.77,2.77,2.08,0,0,53.93,926.9537
2022-12-03,centralus,Compute,1294.0,1673.0,,99.95,1,88.04,1.75,1.51,0,0,99.05,816.82916
2022-12-03,centralus,Storage,224.0,286.0,5.04,99.97,1,134.95,2.74,5.97,0,0,81.98,1076.5261
2022-12-03,uksouth,Compute,1941.0,2318.0,164.88,99.98,1,104.11,1.97,1.06,0,0,59.78,275.84314
2022-12-03,uksouth,Storage,,635.0,11.11,99.97,1,130.82,1.91,4.47,0,0,91.18,699.3145
2022-12-04,eastus,Compute,356.0,436.0,31.22,99.89,1,103.24,2.49,1.64,0,0,78.16,2206.4636
2022-12-04,eastus,Storage,354.0,,8.11,99.98,1,85.22,2.25,5.11,0,0,92.67,318.08023
2022-12-04,westeurope,Compute,1278.0,,105.64,99.98,1,100.74,2.31,5.43,0,0,89.19,457.9213
2022-12-04,westeurope,Storage,211.0,255.0,4.56,99.89,1,93.59,4.07,2.8,0,0,56.92,675.59784
2022-12-04,southeastasia,Compute,455.0,567.0,39.73,99.89,1,120.12,2.88,1.41,0,0,85.54,1304.7592
2022-12-04,southeastasia,Storage,712.0,910.0,15.29,99.86,1,92.83,2.92,2.19,0,0,87.31,959.8419
2022-12-04,centralus,Compute,667.0,908.0,56.94,99.91,1,133.07,4.4,0.71,0,0,83.76,701.23883
2022-12-04,centralus,Storage,270.0,363.0,5.71,99.92,1,132.97,2.39,2.12,0,0,77.8,278.72208
2022-12-04,uksouth,Compute,566.0,736.0,47.72,99.9,1,97.27,2.29,3.24,0,0,85.45,1220.842
2022-12-04,uksouth,Storage,718.0,864.0,15.67,99.94,1,126.53,3.01,1.47,0,0,68.36,1222.9695
2022-12-05,eastus,Compute,1320.0,1521.0,117.31,99.89,0,107.98,2.5,4.52,0,0,99.78,670.14417
2022-12-05,eastus,Storage,867.0,1149.0,19.61,99.89,0,90.23,2.16,2.71,0,0,90.46,1043.9099
2022-12-05,westeurope,Compute,740.0,927.0,60.86,99.91,0,113.16,3.72,2.42,0,0,55.62,1279.6677
2022-12-05,westeurope,Storage,205.0,240.0,4.32,99.95,0,93.9,4.23,5.12,0,0,52.14,1097.6211
2022-12-05,southeastasia,Compute,1041.0,1419.0,87.21,99.88,0,95.53,2.9,3.78,1,0,91.52,678.678
2022-12-05,southeastasia,Storage,778.0,1012.0,16.41,99.99,0,124.22,3.53,1.97,0,0,57.39,976.0967
2022-12-05,centralus,Compute,947.0,1177.0,82.05,99.98,0,85.99,2.06,4.71,0,0,52.31,829.5427
2022-12-05,centralus,Storage,1053.0,1315.0,22.5,99.9,0,134.17,3.59,2.15,0,0,80.54,1070.3292
2022-12-05,uksouth,Compute,890.0,1102.0,,99.91,0,128.0,4.48,5.04,0,0,97.72,1478.348
2022-12-05,uksouth,Storage,712.0,895.0,15.76,99.91,0,127.37,1.29,1.65,0,0,61.35,955.2323
2022-12-06,eastus,Compute,1270.0,1584.0,105.89,99.9,0,124.55,2.19,4.98,0,0,95.94,924.4371
2022-12-06,eastus,Storage,611.0,727.0,13.93,99.9,0,134.1,4.17,1.57,0,0,90.95,2225.8455
2022-12-06,westeurope,Compute,1505.0,1742.0,133.31,99.93,0,102.66,1.34,2.77,0,0,54.25,504.93393
2022-12-06,westeurope,Storage,767.0,903.0,16.94,99.96,0,104.11,1.65,3.31,0,0,82.25,1093.0205
2022-12-06,southeastasia,Compute,1231.0,1618.0,105.17,99.89,0,103.89,2.24,5.55,0,0,95.61,744.12427
2022-12-06,southeastasia,Storage,600.0,781.0,12.94,99.93,0,96.08,4.32,5.05,0,0,92.18,1049.3734
2022-12-06,centralus,Compute,597.0,713.0,51.85,99.93,0,112.86,3.68,5.2,0,0,91.45,725.2407
2022-12-06,centralus,Storage,250.0,294.0,5.77,99.87,0,114.81,2.02,1.43,0,0,68.85,741.0215
2022-12-06,uksouth,Compute,951.0,1275.0,79.19,99.95,0,88.79,2.39,3.11,0,0,72.68,710.6312
2022-12-06,uksouth,Storage,945.0,1225.0,20.06,99.88,0,131.51,1.81,4.32,0,0,69.96,321.2661
2022-12-07,eastus,Compute,2317.0,,199.89,99.95,0,118.84,4.25,1.3,0,0,61.6,879.9936
2022-12-07,eastus,Storage,1198.0,1601.0,25.12,99.89,0,124.72,4.3,5.32,0,0,68.44,1374.252
2022-12-07,westeurope,Compute,1922.0,2442.0,161.66,99.88,0,134.18,2.04,0.63,0,0,63.07,471.39194
2022-12-07,westeurope,Storage,635.0,868.0,,99.93,0,118.06,2.13,2.68,0,0,94.33,445.0841
2022-12-07,southeastasia,Compute,626.0,762.0,53.86,99.95,0,121.98,2.79,3.0,0,0,57.61,999.8383
2022-12-07,southeastasia,Storage,297.0,366.0,6.38,99.99,0,123.39,3.91,0.65,0,0,59.59,1439.2974
2022-12-07,centralus,Compute,674.0,941.0,59.43,99.94,0,128.05,3.16,2.53,0,0,59.65,638.5491
2022-12-07,centralus,Storage,919.0,1064.0,19.98,99.95,0,103.92,1.22,2.35,0,0,78.03,937.01917
2022-12-07,uksouth,Compute,1725.0,2196.0,150.2,99.95,0,109.53,1.99,3.31,0,0,54.1,1088.4469
2022-12-07,uksouth,Storage,296.0,362.0,6.22,99.98,0,109.35,1.41,5.07,0,0,72.54,563.30225
2022-12-08,eastus,Compute,942.0,1169.0,78.86,99.87,0,130.67,1.3,2.92,0,0,67.77,702.9259
2022-12-08,eastus,Storage,,1288.0,24.07,99.94,0,122.25,3.8,4.14,0,0,61.45,1108.6923
2022-12-08,westeurope,Compute,1181.0,1579.0,,99.86,0,95.66,1.46,1.09,1,0,58.93,403.90027
2022-12-08,westeurope,Storage,592.0,710.0,13.66,99.98,0,115.23,3.38,3.43,0,0,94.58,662.2181
2022-12-08,southeastasia,Compute,646.0,777.0,55.13,99.92,0,108.79,2.72,1.11,0,0,62.12,1101.4093
2022-12-08,southeastasia,Storage,814.0,1000.0,17.55,99.86,0,92.67,4.03,3.74,0,0,63.07,1133.9288
2022-12-08,centralus,Compute,534.0,,47.63,99.89,0,131.53,2.26,3.47,0,0,53.05,687.85693
2022-12-08,centralus,Storage,811.0,939.0,17.38,99.91,0,120.65,2.19,2.96,0,0,86.93,883.4895
2022-12-08,uksouth,Compute,1786.0,2346.0,159.17,99.96,0,94.61,3.11,0.87,0,0,66.78,393.82394
2022-12-08,uksouth,Storage,299.0,371.0,6.44,100.8,0,91.35,2.63,4.72,0,0,76.31,1351.7905
2022-12-09,eastus,Compute,805.0,949.0,70.86,99.85,0,133.22,2.58,1.86,0,0,53.61,916.8061
2022-12-09,eastus,Storage,204.0,261.0,4.63,99.97,0,112.23,4.29,0.67,1,0,52.89,542.65356
2022-12-09,westeurope,Compute,1942.0,2561.0,167.7,99.9,0,111.69,2.2,3.35,0,0,70.94,796.92725
2022-12-09,westeurope,Storage,278.0,353.0,6.41,99.99,0,85.31,2.96,2.35,0,0,72.32,762.7579
2022-12-09,southeastasia,Compute,704.0,876.0,60.02,99.86,0,113.59,1.25,5.41,0,0,73.33,1409.7972
2022-12-09,southeastasia,Storage,557.0,667.0,12.13,99.95,0,87.8,2.9,2.75,0,0,52.38,427.08136
2022-12-09,centralus,Compute,1889.0,2397.0,166.4,99.86,0,132.65,1.82,5.89,0,0,65.43,764.7746
2022-12-09,centralus,Storage,1512.0,2103.0,32.62,99.94,0,91.87,3.92,3.48,0,0,59.77,968.88934
2022-12-09,uksouth,Compute,1175.0,1428.0,102.45,99.94,0,119.76,2.62,5.7,0,0,84.03,827.7769
2022-12-09,uksouth,Storage,396.0,509.0,9.14,99.97,0,118.9,2.06,1.94,0,0,89.46,747.55255
2022-12-10,eastus,Compute,,2109.0,146.41,99.95,1,99.82,3.47,3.63,0,0,65.85,2228.7646
2022-12-10,eastus,Storage,,1382.0,,99.97,1,124.15,3.89,5.94,0,0,60.27,713.47485
2022-12-10,westeurope,Compute,1521.0,2081.0,129.72,99.93,1,127.11,1.37,2.63,0,0,51.61,962.7663
2022-12-10,westeurope,Storage,769.0,979.0,17.01,99.86,1,96.66,3.53,4.75,0,0,70.25,861.8916
2022-12-10,southeastasia,Compute,821.0,1122.0,66.75,99.87,1,114.05,1.97,5.64,0,0,50.31,911.1674
2022-12-10,southeastasia,Storage,410.0,501.0,8.57,99.86,1,98.15,2.99,0.96,0,0,65.82,489.5343
2022-12-10,centralus,Compute,497.0,677.0,42.08,99.87,1,93.09,2.39,3.65,0,0,85.27,811.2024
2022-12-10,centralus,Storage,532.0,643.0,11.64,99.96,1,97.37,2.99,1.0,0,0,60.56,1369.6306
2022-12-10,uksouth,Compute,807.0,1078.0,68.01,99.87,1,99.03,2.87,5.28,0,0,67.53,1625.2406
2022-12-10,uksouth,Storage,1306.0,1706.0,28.0,99.89,1,88.76,2.59,3.9,0,0,99.62,1087.0916
2022-12-11,eastus,Compute,566.0,743.0,50.26,99.93,1,124.79,1.76,4.1,0,0,54.86,628.36676
2022-12-11,eastus,Storage,456.0,570.0,10.45,99.99,1,123.22,3.82,1.65,0,0,84.75,355.0934
2022-12-11,westeurope,Compute,487.0,667.0,39.51,99.89,1,94.01,3.55,4.43,0,1,93.69,801.0129
2022-12-11,westeurope,Storage,698.0,949.0,16.08,99.9,1,94.25,4.43,0.83,0,0,80.87,962.14996
2022-12-11,southeastasia,Compute,242.0,325.0,21.25,100.8,1,119.35,1.65,3.31,0,0,53.83,1368.1262
2022-12-11,southeastasia,Storage,212.0,252.0,4.84,99.93,1,102.63,4.27,5.78,0,0,83.93,1542.6195
2022-12-11,centralus,Compute,532.0,680.0,42.98,100.8,1,89.19,3.51,3.17,0,0,77.23,863.8518
2022-12-11,centralus,Storage,388.0,,8.13,99.93,1,89.11,3.87,0.99,0,0,77.81,1422.321
2022-12-11,uksouth,Compute,349.0,,30.11,99.86,1,95.52,3.58,4.16,0,0,96.53,366.84415
2022-12-11,uksouth,Storage,139.0,176.0,3.04,99.91,1,103.92,2.84,0.9,1,0,60.0,294.61972
2022-12-12,eastus,Compute,1939.0,2564.0,171.55,99.87,0,125.78,1.85,0.65,0,0,52.18,1159.2098
2022-12-12,eastus,Storage,971.0,1147.0,22.37,99.96,0,127.38,1.97,2.71,0,0,64.29,758.68066
2022-12-12,westeurope,Compute,525.0,661.0,42.77,99.97,0,87.35,2.46,1.05,0,0,55.66,943.2093
2022-12-12,westeurope,Storage,268.0,316.0,5.7,100.8,0,117.03,3.04,3.58,0,0,69.38,787.43665
2022-12-12,southeastasia,Compute,1403.0,1776.0,118.6,99.96,0,128.87,3.63,1.05,0,0,65.87,298.06412
2022-12-12,southeastasia,Storage,1725.0,2206.0,38.49,99.97,0,95.57,2.22,2.73,0,0,94.17,1162.852
2022-12-12,centralus,Compute,727.0,986.0,64.72,99.94,0,99.09,3.2,2.38,0,0,96.47,632.02435
2022-12-12,centralus,Storage,447.0,561.0,,99.88,0,126.63,3.07,0.54,0,0,52.88,755.49493
2022-12-12,uksouth,Compute,707.0,913.0,59.64,99.99,0,109.69,3.37,0.58,0,0,87.95,628.9343
2022-12-12,uksouth,Storage,761.0,1013.0,16.89,99.86,0,129.98,4.49,4.4,0,0,55.47,435.3518
2022-12-13,eastus,Compute,3118.0,3820.0,255.68,99.85,0,113.63,4.4,3.16,0,0,80.1,1280.94
2022-12-13,eastus,Storage,611.0,801.0,12.99,99.89,0,122.51,3.07,3.72,0,0,88.53,302.6206
2022-12-13,westeurope,Compute,1511.0,1932.0,126.55,99.93,0,101.27,3.44,3.31,0,0,93.83,762.53296
2022-12-13,westeurope,Storage,189.0,218.0,4.11,99.98,0,99.42,4.5,0.96,0,0,62.77,1158.8451
2022-12-13,southeastasia,Compute,,1035.0,72.9,99.93,0,87.14,2.56,5.86,0,0,83.82,1207.8182
2022-12-13,southeastasia,Storage,284.0,340.0,6.27,99.88,0,117.94,3.14,5.71,0,0,78.79,601.34265
2022-12-13,centralus,Compute,,,65.12,99.9,0,96.5,2.22,2.92,0,0,94.21,831.2002
2022-12-13,centralus,Storage,1013.0,1266.0,21.88,100.8,0,90.79,1.85,3.3,0,0,93.3,669.6952
2022-12-13,uksouth,Compute,682.0,813.0,57.85,99.97,0,102.79,3.74,4.22,0,0,50.71,568.8875
2022-12-13,uksouth,Storage,465.0,642.0,10.11,99.95,0,112.44,1.98,0.87,0,0,52.01,1266.5927
2022-12-14,eastus,Compute,1164.0,1362.0,96.43,99.94,0,125.3,2.34,3.33,0,0,54.08,278.58224
2022-12-14,eastus,Storage,730.0,945.0,16.42,99.97,0,128.14,1.78,1.58,1,0,63.19,1384.7583
2022-12-14,westeurope,Compute,2101.0,,180.18,99.86,0,125.61,4.2,3.96,0,0,53.65,1189.0652
2022-12-14,westeurope,Storage,203.0,272.0,4.44,99.86,0,127.63,4.48,3.0,0,0,69.15,600.65436
2022-12-14,southeastasia,Compute,,977.0,65.02,99.94,0,98.04,3.87,5.55,0,1,94.96,1293.9838
2022-12-14,southeastasia,Storage,274.0,348.0,6.03,99.86,0,110.7,3.06,5.8,1,0,73.98,1409.2075
2022-12-14,centralus,Compute,544.0,643.0,47.89,99.87,0,89.87,2.27,3.99,0,0,77.05,769.55853
2022-12-14,centralus,Storage,1072.0,,22.53,99.9,0,89.37,3.11,3.27,0,0,68.58,538.36035
2022-12-14,uksouth,Compute,1706.0,2190.0,146.04,99.93,0,122.75,1.68,3.88,0,0,75.98,926.0834
2022-12-14,uksouth,Storage,747.0,1039.0,17.05,99.93,0,102.69,2.44,4.75,0,0,81.8,741.1749
2022-12-15,eastus,Compute,3418.0,4783.0,280.09,99.9,0,116.54,3.15,4.79,0,0,86.89,1108.4406
2022-12-15,eastus,Storage,1028.0,1208.0,21.88,99.95,0,110.06,3.72,5.25,0,0,80.38,1164.987
2022-12-15,westeurope,Compute,1492.0,1735.0,127.76,99.98,0,85.73,1.99,2.24,0,0,61.95,1360.6118
2022-12-15,westeurope,Storage,758.0,957.0,17.42,99.88,0,86.11,2.82,1.73,0,0,75.56,784.3667
2022-12-15,southeastasia,Compute,1339.0,1563.0,,99.9,0,102.52,4.1,4.39,0,0,55.29,445.18103
2022-12-15,southeastasia,Storage,790.0,1086.0,17.78,99.94,0,129.34,4.2,2.62,0,0,88.13,653.8072
2022-12-15,centralus,Compute,1549.0,2040.0,136.63,99.87,0,129.66,2.49,5.14,0,0,83.14,980.2694
2022-12-15,centralus,Storage,313.0,378.0,6.8,99.99,0,131.83,4.05,4.79,0,0,86.4,1283.3777
2022-12-15,uksouth,Compute,1039.0,1388.0,86.96,99.89,0,117.17,3.16,5.55,0,0,96.38,413.571
2022-12-15,uksouth,Storage,619.0,736.0,13.13,99.93,0,87.32,2.5,2.69,0,0,66.5,404.56714
2022-12-16,eastus,Compute,1907.0,2288.0,158.07,99.94,0,90.85,1.82,3.4,0,0,93.17,939.0546
2022-12-16,eastus,Storage,1205.0,1588.0,27.05,99.97,0,133.76,2.31,1.86,0,0,64.63,648.2783
2022-12-16,westeurope,Compute,1747.0,2431.0,154.3,99.94,0,127.84,1.48,2.57,1,0,81.52,769.33813
2022-12-16,westeurope,Storage,997.0,1278.0,,99.99,0,111.37,1.63,4.96,0,0,76.76,658.8406
2022-12-16,southeastasia,Compute,627.0,783.0,52.62,99.95,0,120.32,4.2,3.98,0,0,74.85,1203.5156
2022-12-16,southeastasia,Storage,461.0,548.0,,99.9,0,126.05,1.43,1.84,0,0,65.34,673.5851
2022-12-16,centralus,Compute,1931.0,2500.0,157.72,99.95,0,119.52,2.23,4.55,0,0,68.38,286.61703
2022-12-16,centralus,Storage,856.0,1042.0,17.89,99.99,0,95.53,3.36,5.6,0,0,98.82,275.2198
2022-12-16,uksouth,Compute,1692.0,2099.0,143.57,99.97,0,127.67,3.99,3.78,0,0,50.17,888.1299
2022-12-16,uksouth,Storage,807.0,1090.0,17.03,99.94,0,114.72,2.3,1.24,0,0,86.26,1006.4199
2022-12-17,eastus,Compute,827.0,1041.0,71.64,99.99,1,97.04,3.91,2.12,0,0,72.3,531.6457
2022-12-17,eastus,Storage,437.0,551.0,9.74,99.94,1,114.19,2.17,5.71,0,0,77.73,350.1257
2022-12-17,westeurope,Compute,,1051.0,74.56,99.85,1,95.11,1.71,4.56,0,0,52.07,851.4006
2022-12-17,westeurope,Storage,781.0,1020.0,16.37,99.93,1,132.84,3.82,2.4,0,0,69.65,908.3148
2022-12-17,southeastasia,Compute,1370.0,1676.0,119.05,99.88,1,127.41,2.23,2.71,0,0,63.77,372.2088
2022-12-17,southeastasia,Storage,482.0,556.0,11.05,99.92,1,96.34,1.21,3.58,0,0,64.06,851.25275
2022-12-17,centralus,Compute,,954.0,62.52,99.91,1,114.48,2.94,1.23,0,0,84.66,609.8013
2022-12-17,centralus,Storage,557.0,647.0,11.79,99.85,1,114.09,1.92,5.15,0,0,77.78,635.514
2022-12-17,uksouth,Compute,1400.0,1940.0,120.99,99.93,1,102.62,4.29,2.36,0,0,88.36,1013.3321
2022-12-17,uksouth,Storage,592.0,758.0,12.8,99.86,1,117.62,1.59,2.45,0,0,83.34,1045.2456
2022-12-18,eastus,Compute,1089.0,1363.0,93.63,99.94,1,122.54,3.41,4.6,0,0,56.75,729.82446
2022-12-18,eastus,Storage,927.0,1244.0,20.1,99.89,1,109.72,3.8,4.05,1,0,99.55,277.5282
2022-12-18,westeurope,Compute,509.0,683.0,43.28,99.92,1,100.1,2.98,1.87,0,0,67.13,671.84973
2022-12-18,westeurope,Storage,900.0,1178.0,20.42,99.98,1,122.31,2.62,2.15,0,0,75.49,853.6993
2022-12-18,southeastasia,Compute,352.0,448.0,,99.87,1,134.58,3.57,1.04,0,0,80.65,736.3655
2022-12-18,southeastasia,Storage,643.0,795.0,13.92,99.97,1,96.28,1.49,3.82,0,0,80.14,1026.1914
2022-12-18,centralus,Compute,1402.0,1907.0,122.65,99.97,1,130.71,4.21,4.74,0,0,50.65,1270.7606
2022-12-18,centralus,Storage,487.0,646.0,11.0,100.8,1,105.64,2.17,0.89,0,0,58.92,235.86456
2022-12-18,uksouth,Compute,1021.0,1307.0,85.15,99.99,1,88.49,3.08,1.93,1,0,74.08,701.79114
2022-12-18,uksouth,Storage,573.0,698.0,13.08,99.96,1,126.9,1.66,2.23,0,0,94.64,896.2443
2022-12-19,eastus,Compute,1259.0,1530.0,111.89,99.85,0,131.51,4.16,0.87,0,0,70.19,892.16376
2022-12-19,eastus,Storage,833.0,1140.0,17.95,99.92,0,96.54,2.9,4.26,0,0,79.69,908.23303
2022-12-19,westeurope,Compute,,2862.0,175.45,99.99,0,101.26,2.94,1.14,0,0,92.44,675.15466
2022-12-19,westeurope,Storage,527.0,692.0,,99.89,0,113.17,3.54,3.72,0,0,91.64,691.8382
2022-12-19,southeastasia,Compute,826.0,1029.0,72.57,99.86,0,109.05,2.42,1.63,0,0,90.43,326.73444
2022-12-19,southeastasia,Storage,863.0,1070.0,18.86,99.88,0,106.27,1.96,4.16,0,0,65.64,621.8758
2022-12-19,centralus,Compute,1690.0,2270.0,147.86,99.92,0,92.45,1.38,1.99,0,0,85.91,1079.188
2022-12-19,centralus,Storage,661.0,891.0,14.27,99.88,0,133.48,3.85,3.97,0,0,79.66,1119.8014
2022-12-19,uksouth,Compute,1780.0,2113.0,145.88,99.92,0,117.13,1.29,3.25,0,0,85.62,929.3512
2022-12-19,uksouth,Storage,360.0,,8.27,99.98,0,96.01,4.27,4.55,1,0,70.65,315.11993
2022-12-20,eastus,Compute,1119.0,1288.0,94.91,99.86,0,100.36,3.85,5.69,0,0,70.12,487.90463
2022-12-20,eastus,Storage,,811.0,12.2,99.92,0,123.69,3.81,4.54,0,0,85.0,593.3395
2022-12-20,westeurope,Compute,801.0,1090.0,66.81,99.92,0,85.42,3.47,1.57,0,0,51.18,899.6905
2022-12-20,westeurope,Storage,352.0,442.0,7.52,99.98,0,85.18,4.14,4.55,0,0,99.44,775.4448
2022-12-20,southeastasia,Compute,330.0,418.0,28.15,99.97,0,124.86,2.26,0.98,0,0,65.26,778.0645
2022-12-20,southeastasia,Storage,198.0,248.0,4.45,99.89,0,130.59,2.7,4.92,0,0,70.26,752.0537
2022-12-20,centralus,Compute,867.0,1097.0,70.8,99.85,0,91.42,3.25,2.26,0,0,66.65,257.13733
2022-12-20,centralus,Storage,796.0,,17.8,99.91,0,133.41,1.42,5.07,0,1,63.18,1122.5549
2022-12-20,uksouth,Compute,850.0,1180.0,72.79,99.99,0,124.28,3.59,5.07,0,1,69.62,536.0648
2022-12-20,uksouth,Storage,627.0,762.0,13.17,99.9,0,97.77,2.46,3.69,0,0,83.92,965.96265
2022-12-21,eastus,Compute,2012.0,2746.0,165.09,99.89,0,110.12,2.38,1.22,0,0,67.35,490.49164
2022-12-21,eastus,Storage,872.0,1145.0,18.63,99.98,0,127.72,2.73,1.55,0,0,63.49,663.1489
2022-12-21,westeurope,Compute,,952.0,67.59,99.91,0,85.6,2.72,3.38,0,0,59.05,2238.1904
2022-12-21,westeurope,Storage,482.0,557.0,10.65,99.96,0,88.46,2.56,2.3,0,0,65.92,1284.6323
2022-12-21,southeastasia,Compute,643.0,819.0,53.31,99.98,0,99.25,4.01,2.95,0,0,77.23,858.1832
2022-12-21,southeastasia,Storage,,,7.88,99.96,0,102.56,2.8,1.53,0,0,81.12,1171.868
2022-12-21,centralus,Compute,542.0,672.0,44.15,99.94,0,112.62,1.33,4.64,0,0,77.29,194.34953
2022-12-21,centralus,Storage,892.0,1114.0,19.93,99.94,0,103.61,1.49,0.62,0,0,91.13,550.75305
2022-12-21,uksouth,Compute,750.0,973.0,60.96,99.93,0,117.63,1.69,3.19,0,0,86.17,1065.9874
2022-12-21,uksouth,Storage,663.0,919.0,14.76,99.86,0,88.11,3.22,3.47,0,0,96.45,376.0365
2022-12-22,eastus,Compute,2026.0,2593.0,,99.92,0,128.11,4.42,5.21,0,0,69.67,879.0388
2022-12-22,eastus,Storage,638.0,747.0,,99.89,0,114.77,3.83,5.58,0,0,92.79,439.45792
2022-12-22,westeurope,Compute,1701.0,2354.0,150.2,99.91,0,85.3,3.81,5.34,0,0,95.7,583.9858
2022-12-22,westeurope,Storage,314.0,374.0,7.06,99.89,0,96.12,1.91,1.32,0,0,94.69,592.1134
2022-12-22,southeastasia,Compute,,1726.0,,100.8,0,103.33,3.12,1.74,0,0,52.31,656.36017
2022-12-22,southeastasia,Storage,321.0,430.0,7.33,99.88,0,134.28,3.72,1.36,0,0,53.33,391.60538
2022-12-22,centralus,Compute,1838.0,2339.0,163.14,99.92,0,133.0,1.86,2.4,0,0,86.61,620.5224
2022-12-22,centralus,Storage,1059.0,1256.0,24.24,99.93,0,119.32,3.9,3.99,0,0,52.61,2163.7527
2022-12-22,uksouth,Compute,2836.0,3444.0,242.08,99.87,0,101.16,3.57,4.04,0,0,88.75,706.62634
2022-12-22,uksouth,Storage,498.0,631.0,10.7,99.94,0,103.57,1.92,2.75,0,0,64.99,834.62933
2022-12-23,eastus,Compute,1641.0,2138.0,133.32,99.95,0,124.11,2.51,1.46,1,0,63.45,378.36032
2022-12-23,eastus,Storage,1030.0,1229.0,22.68,99.91,0,116.21,2.03,1.68,0,0,88.61,692.8062
2022-12-23,westeurope,Compute,1541.0,2122.0,130.95,99.88,0,111.08,1.31,4.48,0,0,97.32,560.5206
2022-12-23,westeurope,Storage,872.0,1053.0,19.22,99.97,0,128.35,4.3,3.16,0,0,70.84,554.6229
2022-12-23,southeastasia,Compute,631.0,827.0,52.04,99.86,0,87.02,2.57,1.4,0,0,84.67,853.5352
2022-12-23,southeastasia,Storage,669.0,916.0,15.45,99.89,0,134.23,2.26,0.56,0,0,81.76,630.30994
2022-12-23,centralus,Compute,1707.0,2060.0,147.42,99.86,0,109.24,3.56,2.86,0,0,97.92,299.06705
2022-12-23,centralus,Storage,466.0,542.0,10.06,99.96,0,105.98,2.03,0.61,0,0,59.52,274.00226
2022-12-23,uksouth,Compute,1637.0,2282.0,143.14,99.95,0,117.17,2.35,1.43,0,1,83.67,318.77545
2022-12-23,uksouth,Storage,461.0,598.0,10.6,99.89,0,108.6,3.68,4.3,0,0,65.95,1016.3844
2022-12-24,eastus,Compute,1218.0,1454.0,104.1,99.86,1,86.83,1.41,4.2,0,0,67.17,678.22144
2022-12-24,eastus,Storage,654.0,,14.47,99.89,1,131.64,3.26,4.88,1,0,93.55,658.51416
2022-12-24,westeurope,Compute,1555.0,1879.0,,99.89,1,90.63,1.65,1.72,0,0,80.19,702.5829
2022-12-24,westeurope,Storage,678.0,903.0,14.18,99.86,1,114.85,1.22,5.5,0,0,69.69,875.7835
2022-12-24,southeastasia,Compute,920.0,1272.0,82.06,99.96,1,88.75,4.08,5.37,0,0,73.83,217.5349
2022-12-24,southeastasia,Storage,129.0,152.0,2.87,99.86,1,113.51,3.14,5.47,0,0,51.55,922.2188
2022-12-24,centralus,Compute,1179.0,1625.0,98.78,99.91,1,103.99,3.73,5.28,0,0,74.71,821.28735
2022-12-24,centralus,Storage,303.0,404.0,,99.87,1,106.75,2.31,2.64,0,0,98.43,579.4094
2022-12-24,uksouth,Compute,1486.0,1928.0,130.4,99.89,1,97.81,3.83,4.45,0,1,83.3,896.78894
2022-12-24,uksouth,Storage,492.0,645.0,10.68,99.86,1,125.39,2.16,5.17,0,0,79.71,327.79514
2022-12-25,eastus,Compute,1000.0,1251.0,81.27,99.9,1,96.38,3.97,1.08,0,0,94.87,914.7099
2022-12-25,eastus,Storage,379.0,445.0,7.96,99.86,1,95.84,3.11,3.28,0,0,61.69,443.29468
2022-12-25,westeurope,Compute,,1467.0,,99.91,1,95.56,1.76,1.35,0,0,81.31,509.6994
2022-12-25,westeurope,Storage,362.0,506.0,8.24,99.89,1,132.65,4.44,1.77,0,0,51.99,480.37772
2022-12-25,southeastasia,Compute,267.0,,21.58,99.9,1,106.94,3.19,3.25,0,0,56.51,700.0109
2022-12-25,southeastasia,Storage,641.0,859.0,14.49,99.95,1,86.96,1.64,5.65,0,0,91.78,662.09753
2022-12-25,centralus,Compute,596.0,710.0,52.61,100.8,1,87.5,3.03,1.94,0,0,85.73,663.98926
2022-12-25,centralus,Storage,,509.0,7.92,99.89,1,98.54,1.71,2.87,0,0,95.02,840.0473
2022-12-25,uksouth,Compute,1244.0,1668.0,109.95,99.97,1,108.28,4.19,2.94,0,0,61.08,163.56805
2022-12-25,uksouth,Storage,702.0,966.0,15.62,99.94,1,90.47,1.42,5.83,0,0,85.22,697.0344
2022-12-26,eastus,Compute,402.0,560.0,35.53,99.99,0,128.45,3.52,2.12,0,0,62.04,755.8035
2022-12-26,eastus,Storage,358.0,,8.04,99.94,0,93.94,2.99,2.06,0,0,61.6,190.09465
2022-12-26,westeurope,Compute,895.0,1161.0,76.17,99.9,0,113.31,1.44,5.69,0,0,58.48,723.7771
2022-12-26,westeurope,Storage,946.0,1273.0,20.55,99.87,0,106.0,3.75,0.74,0,0,53.23,1974.5272
2022-12-26,southeastasia,Compute,833.0,1006.0,73.66,99.86,0,114.86,3.19,0.86,0,0,86.15,449.94775
2022-12-26,southeastasia,Storage,834.0,1041.0,18.27,99.91,0,96.77,1.44,1.49,0,0,78.64,250.90096
2022-12-26,centralus,Compute,2858.0,3347.0,,99.9,0,128.91,2.93,0.96,1,0,70.03,672.02673
2022-12-26,centralus,Storage,429.0,587.0,9.71,99.96,0,113.07,2.07,4.04,0,1,73.84,934.4732
2022-12-26,uksouth,Compute,410.0,498.0,35.13,99.98,0,131.54,3.61,4.5,0,0,62.17,359.2666
2022-12-26,uksouth,Storage,2811.0,,61.98,99.92,0,127.41,2.51,3.26,0,0,91.65,973.09174
2022-12-27,eastus,Compute,792.0,1065.0,67.34,99.96,0,86.27,3.45,1.8,0,0,59.62,175.71654
2022-12-27,eastus,Storage,322.0,415.0,7.39,99.93,0,93.24,4.49,3.24,0,0,63.18,320.03412
2022-12-27,westeurope,Compute,730.0,,63.32,99.94,0,104.85,2.11,3.88,0,0,89.96,749.46344
2022-12-27,westeurope,Storage,908.0,1092.0,19.66,99.96,0,130.2,2.69,2.07,0,0,57.9,131.07112
2022-12-27,southeastasia,Compute,1334.0,1706.0,114.2,99.88,0,96.5,3.7,4.52,0,0,65.41,735.2892
2022-12-27,southeastasia,Storage,657.0,828.0,14.08,99.86,0,97.82,2.95,4.58,0,0,79.84,738.1216
2022-12-27,centralus,Compute,783.0,993.0,67.43,99.92,0,107.52,4.41,5.68,0,0,87.77,659.8349
2022-12-27,centralus,Storage,479.0,629.0,10.34,99.9,0,129.63,3.11,1.07,0,0,77.81,938.4619
2022-12-27,uksouth,Compute,477.0,617.0,38.76,99.89,0,115.82,2.31,3.32,0,0,66.79,711.3763
2022-12-27,uksouth,Storage,554.0,677.0,12.59,99.94,0,134.39,1.79,0.78,0,0,71.56,792.55865
2022-12-28,eastus,Compute,1066.0,1305.0,86.62,99.91,0,117.75,2.09,4.45,0,0,58.09,554.41846
2022-12-28,eastus,Storage,557.0,652.0,12.3,99.85,0,107.19,1.79,2.53,0,0,67.07,526.1995
2022-12-28,westeurope,Compute,821.0,1049.0,70.34,99.94,0,86.23,1.46,4.07,0,0,64.88,624.17126
2022-12-28,westeurope,Storage,,586.0,10.73,99.86,0,133.7,2.84,3.04,0,0,75.89,861.45306
2022-12-28,southeastasia,Compute,876.0,1217.0,72.15,99.89,0,94.58,1.27,1.98,0,0,68.13,674.61206
2022-12-28,southeastasia,Storage,217.0,280.0,4.94,99.97,0,114.53,3.09,2.03,0,0,69.85,647.1296
2022-12-28,centralus,Compute,1006.0,1344.0,83.84,99.92,0,89.88,1.77,0.84,0,0,95.81,807.65326
2022-12-28,centralus,Storage,570.0,663.0,13.02,99.92,0,121.87,1.25,3.18,0,0,88.78,167.27437
2022-12-28,uksouth,Compute,1791.0,2162.0,155.83,99.89,0,122.82,2.48,3.33,0,0,57.68,437.06064
2022-12-28,uksouth,Storage,2007.0,2806.0,44.48,99.94,0,122.48,3.91,3.13,0,0,70.35,859.4163
2022-12-29,eastus,Compute,1371.0,1771.0,114.9,99.98,0,107.01,4.37,4.73,0,0,72.17,392.7637
2022-12-29,eastus,Storage,431.0,557.0,9.08,99.97,0,124.81,2.71,1.16,0,0,95.97,331.9184
2022-12-29,westeurope,Compute,434.0,564.0,,99.93,0,110.7,1.95,1.8,0,1,88.95,177.91348
2022-12-29,westeurope,Storage,223.0,273.0,4.77,99.97,0,134.34,2.03,4.47,0,0,98.21,1131.2845
2022-12-29,southeastasia,Compute,1601.0,2016.0,138.16,99.91,0,120.42,2.31,3.19,0,0,66.4,171.37686
2022-12-29,southeastasia,Storage,746.0,888.0,15.97,99.92,0,105.49,3.1,5.56,0,0,65.11,545.8567
2022-12-29,centralus,Compute,1827.0,2429.0,156.97,100.8,0,134.8,1.35,4.57,0,0,85.79,365.39648
2022-12-29,centralus,Storage,,1058.0,19.43,99.97,0,87.36,1.34,4.04,0,0,77.41,179.65828
2022-12-29,uksouth,Compute,472.0,563.0,40.19,99.9,0,109.58,1.85,2.43,0,0,70.64,152.61281
2022-12-29,uksouth,Storage,402.0,484.0,8.74,99.92,0,133.79,2.97,2.96,0,0,90.9,590.60956
2022-12-30,eastus,Compute,994.0,1352.0,86.1,99.94,0,107.04,3.32,4.56,0,0,59.7,774.4282
2022-12-30,eastus,Storage,,582.0,9.29,99.85,0,131.33,3.58,3.31,0,0,55.42,310.2216
2022-12-30,westeurope,Compute,1225.0,1652.0,,99.92,0,106.54,1.95,5.58,0,0,57.44,915.03656
2022-12-30,westeurope,Storage,1160.0,1478.0,25.82,99.89,0,97.99,2.8,4.13,0,0,89.37,768.6777
2022-12-30,southeastasia,Compute,389.0,523.0,34.21,99.93,0,131.38,3.78,3.77,0,0,76.06,278.20956
2022-12-30,southeastasia,Storage,2616.0,3088.0,57.4,99.93,0,112.74,3.35,3.28,0,0,82.88,306.2748
2022-12-30,centralus,Compute,,1163.0,78.82,99.91,0,111.4,1.62,0.83,0,0,52.81,876.0518
2022-12-30,centralus,Storage,395.0,521.0,8.55,99.91,0,101.66,2.76,3.92,0,0,66.16,368.123
2022-12-30,uksouth,Compute,888.0,1205.0,75.44,99.96,0,108.34,2.53,5.8,0,0,53.35,710.46356
2022-12-30,uksouth,Storage,530.0,659.0,11.39,99.94,0,127.52,3.29,3.48,0,0,56.14,536.9733
2022-12-31,eastus,Compute,1786.0,,152.3,99.87,1,131.76,4.02,5.84,0,0,90.19,2235.0059
2022-12-31,eastus,Storage,425.0,562.0,9.81,99.91,1,110.51,1.45,5.07,0,0,67.43,950.51654
2022-12-31,westeurope,Compute,639.0,886.0,56.92,99.99,1,120.24,1.57,2.62,0,0,74.63,714.1297
2022-12-31,westeurope,Storage,,288.0,5.48,99.91,1,88.84,3.81,3.72,0,0,75.27,546.03265
2022-12-31,southeastasia,Compute,3591.0,,310.11,100.8,1,111.56,1.77,2.35,0,0,70.31,850.6215
2022-12-31,southeastasia,Storage,273.0,,5.98,99.95,1,117.52,2.21,1.64,0,0,54.06,148.29556
2022-12-31,centralus,Compute,709.0,956.0,61.11,99.88,1,98.86,1.46,5.7,0,0,78.7,634.0326
2022-12-31,centralus,Storage,327.0,438.0,7.03,99.9,1,97.26,2.99,4.39,0,0,67.96,1032.8353
2022-12-31,uksouth,Compute,556.0,693.0,49.09,99.93,1,107.71,1.24,4.45,0,0,98.08,540.6812
2022-12-31,uksouth,Storage,170.0,235.0,3.68,99.9,1,117.4,1.63,5.85,0,0,64.38,645.0454
2023-01-01,eastus,Compute,4734.0,6451.0,396.93,99.89,1,125.04,4.32,4.61,0,0,87.97,381.9254
2023-01-01,eastus,Storage,921.0,1235.0,,99.9,1,92.32,2.91,5.55,0,0,79.97,727.63684
2023-01-01,westeurope,Compute,732.0,975.0,63.75,99.92,1,132.35,1.87,5.52,0,0,90.35,677.4516
2023-01-01,westeurope,Storage,,875.0,14.85,99.91,1,113.12,3.52,5.11,0,1,77.56,443.79895
2023-01-01,southeastasia,Compute,743.0,896.0,61.88,99.86,1,107.32,3.22,5.62,0,0,65.4,698.13074
2023-01-01,southeastasia,Storage,247.0,,5.29,99.86,1,101.0,2.13,2.79,0,0,80.97,497.04407
2023-01-01,centralus,Compute,,950.0,57.96,99.9,1,92.22,4.11,5.03,0,0,64.77,561.58765
2023-01-01,centralus,Storage,719.0,993.0,16.08,99.91,1,86.24,3.6,5.81,0,0,75.96,440.37766
2023-01-01,uksouth,Compute,,1850.0,116.12,99.88,1,126.0,4.34,2.76,0,0,55.6,2033.2417
2023-01-01,uksouth,Storage,899.0,,20.37,99.99,1,97.88,1.4,2.94,0,0,79.87,860.2339
2023-01-02,eastus,Compute,1621.0,2115.0,,99.89,0,97.46,3.14,3.09,0,0,70.21,560.77954
2023-01-02,eastus,Storage,813.0,1081.0,17.76,99.94,0,131.41,3.99,0.88,0,0,67.51,1003.99524
2023-01-02,westeurope,Compute,2293.0,3127.0,197.06,99.98,0,110.9,3.63,5.54,0,0,55.65,243.45842
2023-01-02,westeurope,Storage,255.0,303.0,,99.98,0,117.91,3.61,4.82,0,0,68.8,174.4167
2023-01-02,southeastasia,Compute,1300.0,1547.0,108.43,99.89,0,87.43,2.73,4.71,1,0,86.01,217.591
2023-01-02,southeastasia,Storage,252.0,334.0,5.28,99.98,0,106.05,2.42,2.06,0,0,62.82,674.2555
2023-01-02,centralus,Compute,,2463.0,,99.94,0,110.01,2.83,5.58,0,0,63.35,714.2837
2023-01-02,centralus,Storage,1067.0,1235.0,22.34,99.92,0,87.89,1.89,5.58,0,0,86.33,768.4557
2023-01-02,uksouth,Compute,1320.0,1579.0,110.94,99.9,0,99.43,2.0,1.98,0,0,80.34,419.166
2023-01-02,uksouth,Storage,624.0,858.0,14.38,99.92,0,114.23,3.66,2.25,0,0,71.63,734.57367
2023-01-03,eastus,Compute,1055.0,,87.81,99.9,0,92.04,3.33,4.87,0,0,81.06,688.3503
2023-01-03,eastus,Storage,1079.0,,23.78,99.89,0,88.06,1.66,2.1,0,0,91.38,288.55594
2023-01-03,westeurope,Compute,1844.0,2573.0,155.1,99.95,0,114.05,3.58,1.35,0,0,80.66,383.2143
2023-01-03,westeurope,Storage,970.0,1179.0,20.94,99.96,0,95.53,3.06,1.6,0,0,82.25,767.4169
2023-01-03,southeastasia,Compute,,2154.0,140.86,99.95,0,134.12,2.39,3.89,0,0,90.01,884.473
2023-01-03,southeastasia,Storage,272.0,360.0,5.92,99.88,0,118.95,3.22,0.93,0,0,87.67,964.8246
2023-01-03,centralus,Compute,2103.0,2914.0,177.6,99.94,0,99.05,2.77,4.65,0,0,85.65,958.4427
2023-01-03,centralus,Storage,1816.0,2366.0,39.48,99.9,0,88.14,2.67,2.35,0,0,73.0,684.96716
2023-01-03,uksouth,Compute,383.0,478.0,31.49,99.86,0,112.91,1.52,4.45,0,0,73.55,577.5818
2023-01-03,uksouth,Storage,451.0,586.0,10.27,99.95,0,129.81,1.47,0.9,0,0,74.08,589.42505
2023-01-04,eastus,Compute,2174.0,3009.0,190.24,99.94,0,99.23,3.51,2.09,1,0,74.43,823.84357
2023-01-04,eastus,Storage,253.0,333.0,5.4,99.88,0,113.75,4.39,5.53,0,0,64.89,570.14124
2023-01-04,westeurope,Compute,538.0,668.0,45.03,99.91,0,94.18,4.43,1.3,0,1,70.35,442.81274
2023-01-04,westeurope,Storage,434.0,598.0,9.63,99.94,0,133.03,3.91,1.27,1,0,74.43,216.21617
2023-01-04,southeastasia,Compute,1542.0,,131.3,99.89,0,122.82,4.1,4.16,0,0,67.89,979.6053
2023-01-04,southeastasia,Storage,299.0,368.0,6.47,99.98,0,119.93,4.27,5.97,1,0,55.04,439.79263
2023-01-04,centralus,Compute,,2353.0,155.6,99.97,0,113.15,3.11,2.89,0,0,68.24,570.3981
2023-01-04,centralus,Storage,492.0,612.0,10.6,99.86,0,96.16,2.14,2.39,0,0,52.92,679.9756
2023-01-04,uksouth,Compute,1532.0,1937.0,128.73,99.9,0,117.61,2.53,3.89,0,0,67.65,694.90424
2023-01-04,uksouth,Storage,671.0,854.0,15.21,99.98,0,112.85,1.26,5.0,0,0,61.45,786.24274
2023-01-05,eastus,Compute,2543.0,3522.0,218.94,99.89,0,95.79,3.57,4.39,0,0,80.19,438.05667
2023-01-05,eastus,Storage,697.0,,15.41,100.8,0,129.92,3.52,5.05,0,0,60.29,1121.776
2023-01-05,westeurope,Compute,,2875.0,198.39,99.88,0,85.22,1.29,2.47,0,0,92.96,685.4424
2023-01-05,westeurope,Storage,,623.0,,99.94,0,104.06,1.62,1.66,0,0,63.54,391.79398
2023-01-05,southeastasia,Compute,,917.0,70.89,99.92,0,113.63,3.4,4.89,0,0,72.44,577.6654
2023-01-05,southeastasia,Storage,964.0,1325.0,21.35,99.87,0,103.49,3.79,3.22,0,1,53.65,841.67676
2023-01-05,centralus,Compute,2010.0,2372.0,166.82,99.92,0,126.68,2.96,1.84,0,0,71.01,944.13995
2023-01-05,centralus,Storage,639.0,767.0,13.36,99.99,0,106.57,2.51,0.78,0,0,66.77,350.44608
2023-01-05,uksouth,Compute,1747.0,2166.0,148.96,99.91,0,100.59,4.32,4.88,0,0,89.83,893.04724
2023-01-05,uksouth,Storage,625.0,828.0,,99.98,0,96.52,2.7,5.26,0,0,60.45,737.26746
2023-01-06,eastus,Compute,1941.0,2515.0,165.3,99.89,0,104.87,3.0,3.69,0,0,51.59,886.85724
2023-01-06,eastus,Storage,4269.0,,97.85,99.93,0,116.91,3.53,1.52,0,0,71.23,181.01917
2023-01-06,westeurope,Compute,558.0,774.0,45.34,99.94,0,133.04,3.2,4.89,0,0,67.29,823.09326
2023-01-06,westeurope,Storage,503.0,702.0,10.64,99.91,0,101.59,2.9,3.98,0,1,54.45,888.4862
2023-01-06,southeastasia,Compute,709.0,826.0,59.78,99.88,0,124.51,3.11,2.48,0,0,71.7,1125.7766
2023-01-06,southeastasia,Storage,446.0,570.0,10.28,99.92,0,103.68,2.47,5.82,0,0,61.6,361.01047
2023-01-06,centralus,Compute,1184.0,,96.23,99.87,0,91.11,2.7,4.7,0,0,84.42,680.04987
2023-01-06,centralus,Storage,388.0,514.0,8.38,99.92,0,132.22,1.28,4.87,0,0,61.61,505.20593
2023-01-06,uksouth,Compute,1865.0,2550.0,158.86,99.95,0,112.83,3.88,5.15,0,0,81.74,498.318
2023-01-06,uksouth,Storage,504.0,628.0,11.33,99.87,0,132.98,1.34,4.94,0,0,55.92,919.6153
2023-01-07,eastus,Compute,1444.0,1666.0,128.12,99.91,1,93.81,4.21,2.47,0,0,90.97,394.52335
2023-01-07,eastus,Storage,302.0,417.0,6.48,99.92,1,127.89,2.81,3.15,0,0,83.28,855.6864
2023-01-07,westeurope,Compute,1508.0,1756.0,124.87,99.9,1,131.38,2.0,2.51,0,0,84.22,979.70386
2023-01-07,westeurope,Storage,1017.0,1226.0,23.28,99.96,1,86.83,4.31,1.12,0,0,52.33,378.5788
2023-01-07,southeastasia,Compute,658.0,910.0,58.48,99.93,1,88.58,2.82,1.51,0,0,85.19,721.7431
2023-01-07,southeastasia,Storage,,335.0,6.41,99.91,1,103.82,4.06,0.86,0,0,55.01,1039.521
2023-01-07,centralus,Compute,1732.0,2075.0,143.19,99.86,1,92.83,3.29,2.97,0,0,98.43,686.23834
2023-01-07,centralus,Storage,802.0,1084.0,17.46,99.94,1,102.24,3.41,5.39,0,0,87.87,1245.9594
2023-01-07,uksouth,Compute,1490.0,1984.0,129.19,99.89,1,114.27,1.69,1.17,0,0,88.4,660.20483
2023-01-07,uksouth,Storage,885.0,1047.0,20.19,99.9,1,90.27,2.15,1.5,0,0,66.39,706.773
2023-01-08,eastus,Compute,1931.0,2680.0,161.11,99.96,1,108.15,3.78,3.15,0,0,63.01,403.50653
2023-01-08,eastus,Storage,476.0,580.0,10.96,99.97,1,95.69,1.59,2.5,0,0,98.3,777.1952
2023-01-08,westeurope,Compute,748.0,891.0,63.48,99.91,1,111.12,2.88,2.38,0,0,92.62,436.10593
2023-01-08,westeurope,Storage,1330.0,1599.0,29.61,99.92,1,103.72,2.77,2.82,0,0,89.66,746.5974
2023-01-08,southeastasia,Compute,1537.0,1837.0,124.21,99.89,1,87.74,2.79,5.02,0,0,85.23,844.37683
2023-01-08,southeastasia,Storage,395.0,513.0,8.36,99.94,1,129.64,3.71,4.07,0,0,76.48,268.69244
2023-01-08,centralus,Compute,695.0,831.0,58.17,99.92,1,99.79,3.26,1.91,0,0,54.32,629.83154
2023-01-08,centralus,Storage,850.0,1049.0,17.79,99.88,1,105.29,1.86,3.68,0,0,82.35,1070.4131
2023-01-08,uksouth,Compute,430.0,577.0,37.02,99.9,1,92.94,2.26,4.59,0,0,80.43,664.73175
2023-01-08,uksouth,Storage,835.0,1053.0,18.02,99.92,1,119.82,2.79,5.09,0,0,89.12,844.1169
2023-01-09,eastus,Compute,,2388.0,149.34,99.97,0,114.64,2.35,5.95,0,0,95.57,1267.8959
2023-01-09,eastus,Storage,684.0,872.0,14.68,99.98,0,88.05,2.11,5.41,0,0,82.58,948.7718
2023-01-09,westeurope,Compute,5823.0,6966.0,472.25,99.94,0,117.94,2.84,4.71,0,0,64.41,380.15
2023-01-09,westeurope,Storage,544.0,669.0,11.86,99.96,0,116.78,2.66,1.87,0,0,96.41,1337.0586
2023-01-09,southeastasia,Compute,1663.0,2047.0,148.41,99.99,0,129.26,2.54,5.11,0,0,77.32,1230.669
2023-01-09,southeastasia,Storage,,699.0,12.05,99.93,0,95.92,1.41,5.42,0,0,68.22,770.9321
2023-01-09,centralus,Compute,2218.0,2587.0,181.28,99.97,0,85.56,3.49,4.73,0,0,82.61,958.7516
2023-01-09,centralus,Storage,1195.0,1407.0,27.02,99.87,0,90.3,1.29,5.76,0,0,68.82,742.26953
2023-01-09,uksouth,Compute,1354.0,,118.27,99.88,0,117.82,1.58,1.13,1,0,80.23,1313.482
2023-01-09,uksouth,Storage,621.0,802.0,13.67,100.8,0,99.91,1.94,2.62,0,0,91.69,1200.0509
2023-01-10,eastus,Compute,,1275.0,95.65,99.98,0,89.23,3.93,3.19,0,0,56.61,979.15137
2023-01-10,eastus,Storage,1310.0,1620.0,30.07,99.93,0,85.2,2.23,0.62,0,0,88.95,730.8666
2023-01-10,westeurope,Compute,1340.0,,110.76,99.9,0,105.62,3.16,5.18,0,0,87.58,460.40222
2023-01-10,westeurope,Storage,579.0,764.0,13.06,99.99,0,111.52,1.75,5.66,0,0,93.58,334.5993
2023-01-10,southeastasia,Compute,1741.0,2144.0,150.25,99.9,0,88.54,2.3,5.02,0,0,78.46,598.14307
2023-01-10,southeastasia,Storage,794.0,969.0,17.72,99.92,0,96.63,4.15,5.73,0,0,70.75,1328.0989
2023-01-10,centralus,Compute,721.0,,63.89,99.96,0,123.23,2.09,2.89,0,0,54.74,418.62454
2023-01-10,centralus,Storage,188.0,232.0,4.28,99.94,0,119.11,2.86,5.57,0,0,96.66,322.23425
2023-01-10,uksouth,Compute,569.0,677.0,48.02,99.91,0,102.72,1.23,4.99,0,0,88.65,664.0884
2023-01-10,uksouth,Storage,547.0,645.0,12.21,99.98,0,133.37,1.73,4.68,0,0,66.18,247.91652
2023-01-11,eastus,Compute,1776.0,2231.0,155.94,99.98,0,108.27,2.71,3.26,0,0,61.14,211.75975
2023-01-11,eastus,Storage,979.0,1272.0,20.46,99.87,0,110.86,1.96,0.92,0,0,77.08,388.22983
2023-01-11,westeurope,Compute,749.0,1009.0,,99.91,0,99.99,2.23,4.78,1,0,90.52,2019.8405
2023-01-11,westeurope,Storage,553.0,684.0,12.23,99.87,0,121.21,3.8,2.64,0,0,97.79,834.5818
2023-01-11,southeastasia,Compute,1589.0,2181.0,129.55,99.99,0,101.68,2.65,4.86,0,0,70.03,1466.5818
2023-01-11,southeastasia,Storage,192.0,239.0,4.33,99.95,0,95.09,2.36,0.58,0,0,50.59,2213.8403
2023-01-11,centralus,Compute,,1447.0,87.94,99.91,0,97.13,1.43,4.32,0,0,96.76,454.95712
2023-01-11,centralus,Storage,1206.0,1679.0,26.15,99.87,0,96.13,3.41,1.45,0,0,98.18,458.77002
2023-01-11,uksouth,Compute,357.0,418.0,29.48,99.88,0,99.66,1.51,1.8,0,0,65.82,287.284
2023-01-11,uksouth,Storage,389.0,469.0,8.4,99.98,0,121.74,4.41,5.41,0,0,52.43,1111.7328
2023-01-12,eastus,Compute,2366.0,3264.0,210.03,99.99,0,109.07,1.49,4.75,0,0,94.41,453.9471
2023-01-12,eastus,Storage,,411.0,7.61,99.94,0,131.31,2.26,5.32,0,0,75.44,897.14685
2023-01-12,westeurope,Compute,1015.0,1319.0,86.85,99.92,0,99.8,1.98,5.4,0,0,50.98,1621.1791
2023-01-12,westeurope,Storage,249.0,316.0,5.59,99.97,0,93.56,2.64,1.88,0,0,79.36,670.1655
2023-01-12,southeastasia,Compute,1307.0,1578.0,108.57,99.98,0,124.7,2.89,2.79,0,0,70.75,1147.7976
2023-01-12,southeastasia,Storage,352.0,422.0,8.12,99.99,0,106.04,2.9,5.05,0,0,68.73,1410.4971
2023-01-12,centralus,Compute,839.0,979.0,68.81,99.97,0,134.53,2.57,4.96,0,0,61.91,462.82797
2023-01-12,centralus,Storage,1111.0,1542.0,24.47,99.87,0,89.02,1.26,2.85,0,0,93.36,1119.2926
2023-01-12,uksouth,Compute,526.0,665.0,43.09,99.94,0,87.36,2.43,0.96,1,0,99.81,436.4265
2023-01-12,uksouth,Storage,1383.0,,31.71,99.97,0,112.22,1.45,0.99,0,0,71.72,684.4818
2023-01-13,eastus,Compute,782.0,921.0,69.38,100.8,0,119.76,2.49,1.25,0,0,54.38,1242.8959
2023-01-13,eastus,Storage,282.0,351.0,6.24,99.94,0,123.81,3.86,2.04,0,0,92.1,1169.4283
2023-01-13,westeurope,Compute,1470.0,1749.0,119.58,99.93,0,89.57,3.45,4.23,0,0,68.91,950.37823
2023-01-13,westeurope,Storage,2114.0,2819.0,44.51,99.91,0,104.61,2.99,3.96,0,0,83.3,840.65027
2023-01-13,southeastasia,Compute,587.0,739.0,49.78,99.94,0,95.01,1.49,2.21,0,0,56.54,254.70897
2023-01-13,southeastasia,Storage,514.0,671.0,11.06,99.86,0,121.87,3.22,5.66,0,0,99.28,952.7389
2023-01-13,centralus,Compute,1117.0,1435.0,93.12,99.89,0,112.95,3.2,2.92,0,0,63.67,1461.6787
2023-01-13,centralus,Storage,736.0,916.0,15.42,99.98,0,101.35,2.87,3.56,0,0,63.04,501.72662
2023-01-13,uksouth,Compute,2442.0,3085.0,207.5,99.91,0,99.67,2.94,0.79,0,0,96.37,498.04037
2023-01-13,uksouth,Storage,958.0,1233.0,21.94,99.93,0,90.21,3.94,1.22,0,0,90.36,281.15134
2023-01-14,eastus,Compute,635.0,806.0,56.36,99.95,1,129.67,1.83,2.13,0,0,98.59,764.1613
2023-01-14,eastus,Storage,1213.0,1670.0,25.38,99.94,1,88.48,2.93,4.62,0,0,65.48,732.7233
2023-01-14,westeurope,Compute,1577.0,1871.0,137.0,99.91,1,102.67,3.86,3.28,0,0,68.41,444.14432
2023-01-14,westeurope,Storage,557.0,,11.68,99.97,1,107.05,2.86,3.99,0,0,84.65,253.95726
2023-01-14,southeastasia,Compute,568.0,747.0,46.98,99.94,1,129.36,1.33,5.92,0,0,84.57,620.6867
2023-01-14,southeastasia,Storage,755.0,1013.0,16.36,99.94,1,101.85,4.4,5.45,0,0,95.48,934.3158
2023-01-14,centralus,Compute,1809.0,2298.0,157.94,99.9,1,120.45,2.53,1.11,0,0,51.63,576.77026
2023-01-14,centralus,Storage,696.0,872.0,14.8,99.94,1,96.92,2.46,3.2,0,0,55.56,698.62067
2023-01-14,uksouth,Compute,587.0,759.0,50.5,99.86,1,122.85,4.32,3.36,0,0,86.02,1205.2296
2023-01-14,uksouth,Storage,540.0,,11.43,99.86,1,119.25,2.47,4.7,0,0,61.77,1390.1794
2023-01-15,eastus,Compute,1174.0,1376.0,,99.91,1,130.14,4.06,1.54,0,0,64.59,618.4954
2023-01-15,eastus,Storage,1221.0,1651.0,25.91,99.95,1,125.73,4.1,5.59,0,0,50.48,463.29932
2023-01-15,westeurope,Compute,844.0,1097.0,75.04,99.9,1,97.62,4.35,4.91,0,0,68.01,370.58304
2023-01-15,westeurope,Storage,299.0,347.0,6.63,99.98,1,126.73,4.42,4.64,0,0,71.33,493.4998
2023-01-15,southeastasia,Compute,1340.0,1802.0,,99.89,1,92.25,2.49,2.34,0,0,76.37,2006.0435
2023-01-15,southeastasia,Storage,728.0,913.0,16.43,99.98,1,109.57,3.95,4.53,0,0,83.34,437.03162
2023-01-15,centralus,Compute,599.0,837.0,51.61,99.9,1,97.5,1.89,2.71,0,0,68.2,622.67096
2023-01-15,centralus,Storage,420.0,,9.21,99.87,1,128.25,1.37,1.98,0,0,69.52,1555.7981
2023-01-15,uksouth,Compute,409.0,500.0,36.41,99.99,1,97.73,1.75,3.23,0,0,76.47,1209.2559
2023-01-15,uksouth,Storage,171.0,201.0,3.9,99.89,1,132.08,4.33,3.13,0,0,54.58,1314.4391
2023-01-16,eastus,Compute,1561.0,1826.0,133.94,99.91,0,89.34,3.17,0.55,0,0,51.9,351.04523
2023-01-16,eastus,Storage,661.0,856.0,14.96,99.88,0,105.52,2.95,3.48,0,0,83.34,476.97717
2023-01-16,westeurope,Compute,2317.0,2996.0,197.1,99.86,0,134.03,4.36,4.76,0,0,70.49,1201.0714
2023-01-16,westeurope,Storage,,1610.0,27.48,99.89,0,110.84,2.37,2.39,0,0,72.21,536.2802
2023-01-16,southeastasia,Compute,777.0,899.0,68.64,99.97,0,100.6,2.71,3.21,0,0,88.75,387.2416
2023-01-16,southeastasia,Storage,1894.0,2498.0,43.04,99.98,0,118.72,1.83,3.74,0,0,97.67,1342.6984
2023-01-16,centralus,Compute,1820.0,2147.0,,99.86,0,101.29,3.76,3.03,0,0,99.75,820.5313
2023-01-16,centralus,Storage,1160.0,1579.0,25.56,99.94,0,91.45,4.27,2.27,0,0,75.43,585.5287
2023-01-16,uksouth,Compute,1683.0,2036.0,142.73,99.89,0,106.04,3.95,3.1,0,0,88.11,907.32294
2023-01-16,uksouth,Storage,392.0,488.0,8.98,99.9,0,111.19,1.73,4.55,0,0,97.36,894.2841
2023-01-17,eastus,Compute,1036.0,1337.0,90.67,99.9,0,120.1,4.31,2.04,0,0,51.93,1101.4191
2023-01-17,eastus,Storage,1047.0,1279.0,23.27,99.99,0,87.63,3.77,1.2,1,0,93.67,1412.6252
2023-01-17,westeurope,Compute,,2188.0,162.4,99.89,0,107.24,4.15,3.54,0,0,73.08,237.273
2023-01-17,westeurope,Storage,1198.0,1540.0,25.31,99.97,0,97.67,1.82,1.52,0,0,58.22,660.23517
2023-01-17,southeastasia,Compute,736.0,,62.59,99.9,0,88.77,2.97,4.83,0,0,54.96,688.36084
2023-01-17,southeastasia,Storage,674.0,812.0,15.07,99.97,0,132.87,3.25,1.22,0,0,96.41,1560.5376
2023-01-17,centralus,Compute,2034.0,2447.0,165.66,99.86,0,93.33,1.26,1.96,0,0,99.58,817.1365
2023-01-17,centralus,Storage,1131.0,1371.0,24.75,99.88,0,94.27,3.73,5.41,0,0,88.68,1527.5251
2023-01-17,uksouth,Compute,1632.0,2096.0,139.99,99.98,0,132.13,3.6,2.41,0,0,91.43,1078.4512
2023-01-17,uksouth,Storage,978.0,1323.0,22.07,99.96,0,99.56,3.72,1.18,0,0,52.43,1303.2809
2023-01-18,eastus,Compute,1161.0,1473.0,101.78,99.91,0,106.53,2.35,2.43,0,0,96.8,563.7812
2023-01-18,eastus,Storage,1323.0,1569.0,29.85,99.9,0,131.03,2.48,1.32,0,0,69.33,1261.554
2023-01-18,westeurope,Compute,1140.0,1334.0,95.18,99.98,0,107.51,2.09,3.12,0,0,92.53,1494.1278
2023-01-18,westeurope,Storage,1035.0,,22.21,100.8,0,109.33,1.51,4.82,0,0,50.09,282.72055
2023-01-18,southeastasia,Compute,1391.0,1752.0,121.33,99.86,0,103.33,3.1,3.03,0,0,65.01,1072.4989
2023-01-18,southeastasia,Storage,270.0,321.0,5.8,99.94,0,132.27,3.23,0.65,0,0,67.93,985.4774
2023-01-18,centralus,Compute,780.0,954.0,,99.96,0,114.18,3.69,4.09,0,0,75.36,870.2751
2023-01-18,centralus,Storage,393.0,457.0,8.45,99.98,0,94.38,1.87,3.8,0,0,57.71,438.8999
2023-01-18,uksouth,Compute,1440.0,1995.0,122.23,99.97,0,95.71,1.78,5.39,0,0,53.15,2202.5974
2023-01-18,uksouth,Storage,351.0,444.0,7.97,99.98,0,114.44,2.19,4.77,0,0,75.94,2041.8646
2023-01-19,eastus,Compute,1484.0,1889.0,129.7,99.94,0,106.8,1.59,5.76,0,0,82.28,938.25714
2023-01-19,eastus,Storage,1105.0,1316.0,23.39,99.92,0,134.09,1.39,5.93,0,0,94.55,662.9271
2023-01-19,westeurope,Compute,1078.0,1339.0,94.66,99.94,0,131.82,2.67,2.0,0,0,92.09,2244.8125
2023-01-19,westeurope,Storage,3750.0,,79.56,99.94,0,111.0,1.29,2.7,0,0,64.1,1275.2454
2023-01-19,southeastasia,Compute,,2133.0,147.34,100.8,0,110.38,3.45,5.87,0,0,89.42,539.2138
2023-01-19,southeastasia,Storage,664.0,845.0,14.03,99.98,0,107.83,3.04,1.52,0,0,56.2,302.67288
2023-01-19,centralus,Compute,894.0,1028.0,78.56,99.86,0,97.35,4.38,0.95,0,0,79.92,685.9837
2023-01-19,centralus,Storage,1128.0,,25.94,99.86,0,101.62,2.76,1.78,0,0,55.89,1203.9257
2023-01-19,uksouth,Compute,855.0,1165.0,75.66,99.91,0,125.59,2.13,0.53,0,0,50.88,1293.4501
2023-01-19,uksouth,Storage,990.0,1157.0,22.46,99.91,0,109.5,2.07,3.31,0,0,98.53,739.07416
2023-01-20,eastus,Compute,2468.0,3020.0,199.44,99.96,0,93.92,1.37,5.58,0,0,88.85,377.7843
2023-01-20,eastus,Storage,685.0,899.0,15.01,99.98,0,95.73,2.15,5.51,0,0,96.5,651.5971
2023-01-20,westeurope,Compute,1418.0,1901.0,117.08,99.92,0,89.79,3.24,5.69,0,0,98.56,919.5849
2023-01-20,westeurope,Storage,333.0,424.0,7.69,99.86,0,119.84,2.39,0.93,0,0,87.68,892.92334
2023-01-20,southeastasia,Compute,455.0,553.0,40.03,99.89,0,112.19,3.64,3.23,0,0,51.15,695.1856
2023-01-20,southeastasia,Storage,471.0,653.0,10.71,99.86,0,134.7,3.21,1.73,0,0,55.62,247.71342
2023-01-20,centralus,Compute,,826.0,48.19,99.99,0,125.79,2.37,3.77,0,0,52.55,494.986
2023-01-20,centralus,Storage,293.0,409.0,6.33,99.92,0,112.89,3.11,2.56,0,0,55.32,214.99315
2023-01-20,uksouth,Compute,2011.0,2501.0,166.91,99.94,0,122.22,2.53,0.99,1,0,86.62,861.9952
2023-01-20,uksouth,Storage,,469.0,7.58,99.91,0,124.64,4.24,5.4,0,0,76.46,973.72577
2023-01-21,eastus,Compute,3780.0,4641.0,310.47,99.9,1,99.42,4.34,1.96,0,0,54.32,484.1952
2023-01-21,eastus,Storage,968.0,1257.0,20.93,99.92,1,94.94,3.1,2.74,0,0,72.19,240.93857
2023-01-21,westeurope,Compute,1644.0,1955.0,143.8,99.89,1,119.23,1.52,5.02,0,0,75.28,211.50722
2023-01-21,westeurope,Storage,913.0,1056.0,21.03,99.91,1,104.75,1.32,1.15,0,0,70.46,1242.7421
2023-01-21,southeastasia,Compute,1515.0,1842.0,128.85,99.98,1,115.9,3.8,3.8,0,0,96.3,1045.7085
2023-01-21,southeastasia,Storage,,1080.0,18.04,99.98,1,107.62,1.63,2.65,0,0,96.22,516.47253
2023-01-21,centralus,Compute,1291.0,1555.0,105.17,99.91,1,128.92,2.21,1.92,0,0,73.84,652.6748
2023-01-21,centralus,Storage,253.0,345.0,5.59,99.94,1,92.82,2.11,3.31,0,0,75.35,1464.8123
2023-01-21,uksouth,Compute,1015.0,1352.0,86.77,99.95,1,85.07,1.49,4.91,0,0,97.92,2213.2693
2023-01-21,uksouth,Storage,897.0,1126.0,19.86,99.94,1,91.66,1.32,2.85,0,0,72.68,483.7953
2023-01-22,eastus,Compute,1076.0,1328.0,95.83,99.89,1,132.43,1.72,2.64,0,1,63.01,672.0426
2023-01-22,eastus,Storage,832.0,1115.0,17.4,99.88,1,118.51,2.52,5.08,0,0,79.85,1048.9777
2023-01-22,westeurope,Compute,764.0,950.0,64.4,99.89,1,129.56,2.34,1.46,0,0,68.57,1073.3529
2023-01-22,westeurope,Storage,1040.0,1395.0,23.9,99.99,1,123.6,2.15,1.71,0,0,70.63,1421.5204
2023-01-22,southeastasia,Compute,1516.0,1936.0,124.32,99.98,1,90.3,2.93,3.86,0,0,80.68,286.58484
2023-01-22,southeastasia,Storage,271.0,375.0,6.14,99.96,1,129.96,3.59,3.29,0,0,80.14,1259.4705
2023-01-22,centralus,Compute,1373.0,1705.0,121.74,99.97,1,127.61,3.11,5.27,0,0,53.22,890.06946
2023-01-22,centralus,Storage,495.0,690.0,11.14,99.94,1,134.87,3.81,5.84,0,0,88.13,307.36856
2023-01-22,uksouth,Compute,1473.0,1983.0,127.51,99.86,1,86.98,1.63,3.7,0,0,84.74,800.4135
2023-01-22,uksouth,Storage,644.0,843.0,13.8,99.98,1,97.98,4.07,4.01,0,0,74.72,318.41675
2023-01-23,eastus,Compute,1509.0,2106.0,130.32,99.9,0,123.17,2.88,4.93,0,0,93.61,1220.5503
2023-01-23,eastus,Storage,1092.0,1284.0,24.2,99.93,0,124.46,1.36,3.06,0,0,59.57,714.0756
2023-01-23,westeurope,Compute,1567.0,1841.0,132.65,99.93,0,132.03,3.63,1.27,0,0,68.49,1140.3109
2023-01-23,westeurope,Storage,332.0,430.0,7.66,99.87,0,112.29,1.56,3.38,0,0,63.48,1285.0367
2023-01-23,southeastasia,Compute,1432.0,1882.0,116.96,99.98,0,99.72,2.17,0.75,0,0,68.48,496.0003
2023-01-23,southeastasia,Storage,717.0,886.0,15.06,99.87,0,114.91,2.89,4.67,0,0,55.05,558.9954
2023-01-23,centralus,Compute,2841.0,3963.0,248.64,99.9,0,106.42,1.98,3.32,0,0,67.1,1083.1372
2023-01-23,centralus,Storage,339.0,443.0,7.09,99.96,0,88.34,2.93,4.57,0,0,58.78,1128.7231
2023-01-23,uksouth,Compute,1182.0,1422.0,96.32,99.9,0,126.25,3.96,5.24,1,0,75.13,1235.8176
2023-01-23,uksouth,Storage,736.0,1002.0,16.71,99.89,0,114.84,2.46,0.56,1,0,79.7,1120.6176
2023-01-24,eastus,Compute,481.0,619.0,,99.97,0,119.6,1.88,4.44,0,0,74.52,960.7071
2023-01-24,eastus,Storage,1442.0,2000.0,30.31,99.96,0,96.63,2.43,0.99,0,0,54.94,855.1611
2023-01-24,westeurope,Compute,,2984.0,191.87,99.89,0,94.18,2.68,5.98,0,0,92.54,900.1381
2023-01-24,westeurope,Storage,665.0,925.0,15.22,99.9,0,103.4,4.01,4.51,0,0,91.67,655.5252
2023-01-24,southeastasia,Compute,326.0,382.0,27.04,99.97,0,122.47,4.47,4.04,0,0,97.2,583.9822
2023-01-24,southeastasia,Storage,697.0,855.0,15.92,99.91,0,119.73,1.49,1.6,0,1,98.43,619.41504
2023-01-24,centralus,Compute,1482.0,1895.0,126.78,99.86,0,103.26,1.72,3.39,0,0,93.91,1103.8433
2023-01-24,centralus,Storage,811.0,1070.0,17.88,99.86,0,113.27,3.54,3.79,0,0,52.05,742.9151
2023-01-24,uksouth,Compute,1931.0,,160.54,99.95,0,111.91,1.25,4.19,0,0,87.38,1138.6437
2023-01-24,uksouth,Storage,421.0,,9.61,99.97,0,101.11,3.33,5.38,0,0,90.04,669.03534
2023-01-25,eastus,Compute,2392.0,,207.85,99.87,0,118.41,2.12,1.93,0,0,90.22,535.4622
2023-01-25,eastus,Storage,934.0,1180.0,21.54,99.98,0,133.85,2.63,4.9,0,0,63.3,979.32117
2023-01-25,westeurope,Compute,696.0,861.0,58.23,99.94,0,118.07,2.37,1.29,0,0,93.01,1126.1366
2023-01-25,westeurope,Storage,1011.0,1359.0,21.69,99.89,0,85.71,4.18,4.27,0,0,54.33,1106.5419
2023-01-25,southeastasia,Compute,1713.0,2231.0,147.92,99.87,0,108.51,2.19,2.88,0,0,50.87,816.6664
2023-01-25,southeastasia,Storage,774.0,1023.0,17.59,99.88,0,113.5,3.64,1.6,0,0,91.97,358.96213
2023-01-25,centralus,Compute,4202.0,5077.0,365.15,99.95,0,93.94,2.56,5.04,0,0,82.23,431.283
2023-01-25,centralus,Storage,,815.0,16.31,99.92,0,124.28,3.88,2.69,0,0,61.01,373.31946
2023-01-25,uksouth,Compute,2008.0,2697.0,178.23,99.88,0,134.58,4.3,1.12,0,0,93.95,722.3179
2023-01-25,uksouth,Storage,816.0,995.0,17.69,99.88,0,98.21,2.05,3.28,0,0,75.72,341.5308
2023-01-26,eastus,Compute,1956.0,2567.0,169.48,99.88,0,103.34,2.33,5.92,0,0,73.64,607.66095
2023-01-26,eastus,Storage,915.0,1179.0,19.68,99.86,0,93.77,3.35,1.38,0,0,65.41,432.15558
2023-01-26,westeurope,Compute,2204.0,2776.0,194.78,99.95,0,103.03,3.85,4.56,0,0,68.97,275.7973
2023-01-26,westeurope,Storage,577.0,722.0,12.9,99.89,0,126.91,1.88,4.84,0,0,90.47,679.5332
2023-01-26,southeastasia,Compute,1502.0,2042.0,132.58,99.87,0,100.47,2.13,5.66,0,0,59.09,294.6392
2023-01-26,southeastasia,Storage,369.0,508.0,7.81,99.93,0,121.59,1.64,3.32,0,0,72.11,1123.2141
2023-01-26,centralus,Compute,860.0,1071.0,74.56,99.96,0,93.93,1.59,0.54,0,0,88.64,731.2352
2023-01-26,centralus,Storage,370.0,443.0,8.12,99.93,0,131.61,1.76,3.33,0,0,60.01,1164.1378
2023-01-26,uksouth,Compute,1696.0,2130.0,142.03,99.88,0,100.6,1.2,2.28,0,0,53.72,550.84973
2023-01-26,uksouth,Storage,371.0,474.0,8.4,99.95,0,96.85,1.28,4.78,0,0,97.13,1113.9791
2023-01-27,eastus,Compute,1980.0,2744.0,170.3,99.96,0,91.06,2.09,2.29,0,0,50.37,1040.5547
2023-01-27,eastus,Storage,2868.0,3435.0,65.83,99.87,0,115.04,2.34,3.98,0,0,53.93,881.8877
2023-01-27,westeurope,Compute,1170.0,1591.0,97.85,99.91,0,132.38,2.6,0.52,0,1,83.11,834.66125
2023-01-27,westeurope,Storage,,1440.0,24.96,99.97,0,97.49,3.64,2.19,0,0,57.3,563.4626
2023-01-27,southeastasia,Compute,,2125.0,153.13,99.89,0,108.22,3.26,5.28,1,0,54.81,420.06152
2023-01-27,southeastasia,Storage,413.0,535.0,9.26,99.85,0,110.59,3.58,1.17,0,0,90.35,1043.7714
2023-01-27,centralus,Compute,,1492.0,106.62,99.97,0,101.48,3.24,2.33,0,0,66.97,731.7368
2023-01-27,centralus,Storage,913.0,,20.09,100.8,0,110.95,1.83,5.69,0,0,59.96,972.62256
2023-01-27,uksouth,Compute,1303.0,1768.0,110.09,99.96,0,114.06,2.44,5.14,0,0,88.81,868.7555
2023-01-27,uksouth,Storage,945.0,1168.0,19.76,99.96,0,133.47,4.44,2.83,0,0,65.49,526.23486
2023-01-28,eastus,Compute,437.0,564.0,38.18,99.96,1,129.62,4.17,0.79,0,0,97.3,578.60583
2023-01-28,eastus,Storage,512.0,656.0,11.02,99.91,1,92.27,3.54,2.53,0,0,91.83,576.6968
2023-01-28,westeurope,Compute,807.0,1108.0,67.43,99.91,1,89.25,3.68,0.97,0,0,66.91,353.9543
2023-01-28,westeurope,Storage,724.0,845.0,,99.92,1,105.51,1.32,5.33,0,0,78.61,563.74036
2023-01-28,southeastasia,Compute,794.0,1070.0,69.33,99.91,1,126.07,4.41,5.84,0,0,60.85,1501.4579
2023-01-28,southeastasia,Storage,719.0,901.0,16.35,99.89,1,109.11,2.81,3.9,0,0,75.23,785.449
2023-01-28,centralus,Compute,1347.0,1858.0,108.86,99.87,1,121.67,2.07,4.48,0,0,59.6,1132.0244
2023-01-28,centralus,Storage,172.0,230.0,3.93,99.93,1,129.84,1.29,1.9,0,0,61.97,991.5406
2023-01-28,uksouth,Compute,1564.0,,134.26,99.91,1,88.36,3.64,5.01,0,0,77.87,825.8981
2023-01-28,uksouth,Storage,820.0,1085.0,18.88,99.9,1,112.83,3.51,3.76,0,0,82.51,665.3667
2023-01-29,eastus,Compute,1926.0,2458.0,170.0,99.97,1,122.54,3.5,1.34,0,0,90.86,643.7823
2023-01-29,eastus,Storage,1060.0,1478.0,,99.91,1,106.63,2.47,1.48,0,0,80.3,563.6536
2023-01-29,westeurope,Compute,519.0,698.0,44.23,99.94,1,90.0,2.76,1.22,0,0,63.74,980.14777
2023-01-29,westeurope,Storage,377.0,454.0,7.93,99.96,1,95.95,4.13,1.21,0,0,82.89,710.19135
2023-01-29,southeastasia,Compute,1241.0,1457.0,106.71,99.99,1,111.41,2.14,1.34,0,0,68.73,590.5363
2023-01-29,southeastasia,Storage,220.0,305.0,4.91,99.86,1,101.79,2.77,5.08,0,0,96.01,387.7356
2023-01-29,centralus,Compute,406.0,505.0,33.36,99.89,1,94.46,1.28,0.75,0,0,57.04,568.718
2023-01-29,centralus,Storage,934.0,1104.0,20.03,99.91,1,131.21,1.87,2.77,0,0,98.28,247.12152
2023-01-29,uksouth,Compute,357.0,476.0,31.17,99.9,1,89.46,3.74,5.29,0,0,56.19,782.5926
2023-01-29,uksouth,Storage,875.0,1167.0,20.2,99.97,1,105.71,3.7,3.09,0,0,69.87,872.4611
2023-01-30,eastus,Compute,2306.0,3155.0,189.07,99.93,0,101.11,3.09,3.35,1,0,85.46,285.4397
2023-01-30,eastus,Storage,,1086.0,17.22,99.9,0,121.49,3.46,0.79,0,0,63.57,874.0444
2023-01-30,westeurope,Compute,886.0,1055.0,77.59,99.86,0,103.49,1.49,4.55,0,0,53.79,470.68387
2023-01-30,westeurope,Storage,622.0,839.0,14.36,99.88,0,88.02,2.13,1.48,0,0,63.65,925.7391
2023-01-30,southeastasia,Compute,1399.0,,117.88,99.93,0,85.53,1.68,4.04,0,0,62.17,923.97107
2023-01-30,southeastasia,Storage,519.0,,11.0,99.85,0,134.93,3.79,4.89,0,0,54.41,331.1294
2023-01-30,centralus,Compute,767.0,898.0,62.11,99.9,0,125.11,1.34,4.37,0,0,53.87,758.15594
2023-01-30,centralus,Storage,861.0,1017.0,18.58,99.97,0,96.43,2.45,3.94,0,0,85.67,586.6521
2023-01-30,uksouth,Compute,1353.0,1865.0,113.04,99.91,0,88.91,4.35,0.97,0,0,53.07,634.4212
2023-01-30,uksouth,Storage,582.0,783.0,12.29,100.8,0,91.83,2.26,1.83,0,0,87.63,2262.9792
2023-01-31,eastus,Compute,1327.0,1552.0,117.5,99.94,0,101.32,3.71,2.99,1,0,62.16,573.8467
2023-01-31,eastus,Storage,1038.0,1384.0,,99.98,0,126.57,1.37,3.84,0,0,86.56,937.3369
2023-01-31,westeurope,Compute,1312.0,1790.0,108.56,99.85,0,117.15,1.7,5.95,0,0,91.69,643.4994
2023-01-31,westeurope,Storage,,1563.0,28.08,99.93,0,113.08,3.76,5.03,0,0,69.95,562.5504
2023-01-31,southeastasia,Compute,565.0,680.0,48.27,99.95,0,100.7,3.01,2.38,0,0,84.45,1363.6066
2023-01-31,southeastasia,Storage,319.0,427.0,7.33,99.91,0,86.71,2.33,3.34,0,0,79.7,949.8314
2023-01-31,centralus,Compute,1376.0,1762.0,122.76,100.8,0,92.84,2.84,2.21,0,0,84.47,708.8773
2023-01-31,centralus,Storage,405.0,525.0,8.75,99.94,0,115.61,2.63,5.78,0,0,56.45,448.19864
2023-01-31,uksouth,Compute,1221.0,1614.0,107.8,99.93,0,113.72,3.24,2.01,0,0,91.96,356.69424
2023-01-31,uksouth,Storage,573.0,793.0,13.17,99.91,0,118.96,4.43,5.97,0,0,86.33,354.78998
2023-02-01,eastus,Compute,2552.0,3495.0,219.01,99.92,0,130.66,3.4,1.23,0,0,94.93,174.53955
2023-02-01,eastus,Storage,,319.0,5.02,100.8,0,114.07,3.81,3.55,0,0,82.66,175.33871
2023-02-01,westeurope,Compute,2415.0,3214.0,210.67,99.93,0,114.51,3.23,1.08,0,0,80.13,730.42255
2023-02-01,westeurope,Storage,232.0,313.0,5.14,99.98,0,121.61,2.29,3.86,0,0,90.89,300.16547
2023-02-01,southeastasia,Compute,1838.0,2453.0,156.23,99.94,0,93.63,2.41,1.39,0,0,72.13,868.46124
2023-02-01,southeastasia,Storage,605.0,733.0,12.81,99.91,0,104.36,3.34,5.98,0,0,82.29,402.8045
2023-02-01,centralus,Compute,2407.0,3132.0,195.32,100.8,0,89.0,2.86,3.32,0,0,96.98,201.02338
2023-02-01,centralus,Storage,354.0,438.0,8.03,99.91,0,130.65,2.09,5.43,0,0,71.03,173.68135
2023-02-01,uksouth,Compute,2032.0,2774.0,177.83,99.89,0,110.58,2.62,0.81,0,0,96.71,974.315
2023-02-01,uksouth,Storage,866.0,1142.0,18.55,99.98,0,118.37,2.42,2.78,0,0,94.17,863.66547
2023-02-02,eastus,Compute,2350.0,2800.0,204.59,99.86,0,106.57,3.28,0.89,0,0,74.91,871.63873
2023-02-02,eastus,Storage,,1039.0,18.94,99.98,0,85.54,1.64,4.67,0,0,96.12,834.8583
2023-02-02,westeurope,Compute,1589.0,1946.0,131.38,99.94,0,114.24,3.17,1.54,0,0,73.62,894.64984
2023-02-02,westeurope,Storage,302.0,406.0,6.6,99.97,0,98.58,3.41,1.13,0,0,57.63,1844.9414
2023-02-02,southeastasia,Compute,748.0,1027.0,64.15,99.86,0,101.48,3.27,3.15,0,0,74.03,655.1732
2023-02-02,southeastasia,Storage,,775.0,14.09,100.8,0,104.37,4.38,1.26,0,0,73.38,252.02954
2023-02-02,centralus,Compute,3406.0,4005.0,287.48,99.97,0,114.75,3.87,1.25,0,0,68.5,847.1088
2023-02-02,centralus,Storage,610.0,708.0,13.07,99.91,0,122.8,4.34,2.85,0,0,78.56,679.37506
2023-02-02,uksouth,Compute,3406.0,4292.0,297.79,99.92,0,128.68,3.95,5.25,0,0,51.48,361.17935
2023-02-02,uksouth,Storage,206.0,266.0,4.45,99.87,0,117.36,2.76,1.7,0,0,56.31,276.6376
2023-02-03,eastus,Compute,2832.0,3831.0,,99.98,0,89.95,4.1,1.74,0,0,83.76,428.09225
2023-02-03,eastus,Storage,714.0,893.0,16.12,99.98,0,123.18,3.6,5.95,0,0,73.08,251.68263
2023-02-03,westeurope,Compute,2586.0,3349.0,,99.93,0,108.53,1.36,2.23,0,0,95.37,500.37317
2023-02-03,westeurope,Storage,319.0,407.0,7.1,100.8,0,92.16,1.74,2.48,0,0,78.2,383.59488
2023-02-03,southeastasia,Compute,,,141.69,99.96,0,123.86,4.36,2.96,0,0,94.53,330.9026
2023-02-03,southeastasia,Storage,589.0,690.0,12.82,99.93,0,102.64,3.51,5.35,0,0,75.61,794.89075
2023-02-03,centralus,Compute,2033.0,2657.0,174.66,99.87,0,88.99,1.63,1.03,0,0,50.25,648.77295
2023-02-03,centralus,Storage,579.0,675.0,12.16,99.87,0,99.81,2.06,4.51,0,0,65.52,509.51678
2023-02-03,uksouth,Compute,2018.0,2625.0,,99.91,0,87.57,3.28,5.93,0,0,58.83,623.7377
2023-02-03,uksouth,Storage,908.0,1258.0,20.91,99.97,0,123.37,1.57,5.07,0,0,70.27,571.0128
2023-02-04,eastus,Compute,505.0,619.0,41.79,99.94,1,98.64,1.82,4.06,0,0,76.79,415.32333
2023-02-04,eastus,Storage,311.0,434.0,6.71,99.87,1,94.57,2.61,4.07,0,0,78.1,433.73203
2023-02-04,westeurope,Compute,,1312.0,84.92,99.86,1,110.93,3.6,2.28,0,0,97.04,435.42523
2023-02-04,westeurope,Storage,810.0,1036.0,18.1,99.99,1,86.57,2.73,5.93,0,0,50.0,892.0652
2023-02-04,southeastasia,Compute,1430.0,1954.0,123.08,99.85,1,95.46,3.8,3.0,0,0,60.6,161.5213
2023-02-04,southeastasia,Storage,143.0,187.0,3.2,99.93,1,131.79,3.19,3.99,0,0,56.77,229.4779
2023-02-04,centralus,Compute,1250.0,1449.0,,99.9,1,128.6,2.5,3.57,0,0,75.02,856.54517
2023-02-04,centralus,Storage,1098.0,1327.0,,99.89,1,121.96,2.58,1.25,0,0,66.85,628.9562
2023-02-04,uksouth,Compute,1830.0,2376.0,161.93,99.96,1,97.08,2.84,2.83,0,0,55.37,558.81476
2023-02-04,uksouth,Storage,187.0,218.0,3.96,99.89,1,94.98,1.91,1.77,0,0,63.89,711.4262
2023-02-05,eastus,Compute,1059.0,1242.0,88.6,99.99,1,132.11,3.68,5.49,0,0,75.0,1386.5958
2023-02-05,eastus,Storage,910.0,1059.0,19.74,99.94,1,132.62,3.86,1.47,0,0,73.57,1368.0818
2023-02-05,westeurope,Compute,1420.0,1938.0,124.69,99.9,1,105.58,2.36,0.69,0,0,94.2,1215.0807
2023-02-05,westeurope,Storage,878.0,1085.0,18.52,99.92,1,88.78,1.48,3.19,0,0,82.82,1656.4993
2023-02-05,southeastasia,Compute,778.0,1018.0,62.89,99.95,1,123.23,3.89,3.94,0,0,94.99,1367.9563
2023-02-05,southeastasia,Storage,804.0,,17.79,99.97,1,113.5,1.83,5.86,0,0,62.15,1254.7886
2023-02-05,centralus,Compute,381.0,481.0,33.98,99.95,1,87.56,4.03,3.42,0,0,88.74,1219.1318
2023-02-05,centralus,Storage,743.0,969.0,16.2,99.87,1,134.9,2.95,2.35,0,0,61.65,1340.5554
2023-02-05,uksouth,Compute,451.0,530.0,37.24,99.93,1,92.57,2.12,5.17,0,0,94.95,1341.74
2023-02-05,uksouth,Storage,515.0,712.0,10.86,99.87,1,134.71,4.41,4.74,0,0,62.86,1337.1818
2023-02-06,eastus,Compute,,2906.0,212.18,99.92,0,118.29,2.9,5.24,0,0,78.57,1219.3112
2023-02-06,eastus,Storage,1402.0,,29.57,99.9,0,92.04,4.36,0.69,0,0,70.36,1177.8135
2023-02-06,westeurope,Compute,,647.0,,99.94,0,96.92,3.14,4.86,0,0,82.31,1299.0372
2023-02-06,westeurope,Storage,1135.0,1313.0,24.02,99.98,0,126.82,2.44,4.51,0,0,92.68,1524.4767
2023-02-06,southeastasia,Compute,1646.0,2287.0,143.76,99.92,0,117.66,2.13,1.58,0,0,86.99,1510.2129
2023-02-06,southeastasia,Storage,817.0,1049.0,18.52,99.89,0,101.49,1.7,4.09,0,0,62.71,1250.4978
2023-02-06,centralus,Compute,1504.0,2036.0,124.03,99.99,0,108.79,3.57,4.23,0,0,60.87,1629.651
2023-02-06,centralus,Storage,326.0,,7.47,99.96,0,102.05,1.71,4.62,0,0,95.42,1407.7258
2023-02-06,uksouth,Compute,1558.0,1922.0,126.75,99.9,0,94.23,3.79,4.46,0,0,59.03,1354.7491
2023-02-06,uksouth,Storage,846.0,987.0,18.38,99.93,0,103.34,2.78,3.84,0,0,56.97,1479.1556
2023-02-07,eastus,Compute,1875.0,2264.0,163.73,99.9,0,100.06,1.93,1.52,0,0,61.99,1265.1211
2023-02-07,eastus,Storage,499.0,574.0,10.78,99.9,0,116.51,1.86,0.67,0,0,69.96,1223.9694
2023-02-07,westeurope,Compute,2621.0,3574.0,229.63,99.91,0,117.55,1.73,4.32,0,0,90.88,1498.5565
2023-02-07,westeurope,Storage,378.0,501.0,8.23,99.99,0,133.27,3.84,5.75,0,0,66.08,1689.671
2023-02-07,southeastasia,Compute,1298.0,1795.0,109.08,99.89,0,91.64,2.19,5.4,0,0,78.41,2232.311
2023-02-07,southeastasia,Storage,313.0,417.0,7.13,99.86,0,104.2,2.29,3.61,0,0,82.72,1347.3035
2023-02-07,centralus,Compute,1932.0,2354.0,170.83,99.97,0,123.16,2.57,5.3,0,0,71.64,1346.265
2023-02-07,centralus,Storage,,1229.0,22.02,99.93,0,86.18,4.07,2.43,0,0,93.83,1604.8602
2023-02-07,uksouth,Compute,2096.0,2683.0,182.29,99.99,0,106.6,2.72,5.04,0,0,80.22,1325.5599
2023-02-07,uksouth,Storage,437.0,609.0,9.76,99.97,0,129.89,1.6,5.6,0,0,98.86,1196.7981
2023-02-08,eastus,Compute,1464.0,1928.0,130.13,99.98,0,106.1,1.32,0.56,0,0,68.67,1318.4485
2023-02-08,eastus,Storage,460.0,543.0,10.16,99.9,0,85.51,3.23,5.2,0,0,90.96,1413.286
2023-02-08,westeurope,Compute,1824.0,2247.0,148.6,99.87,0,128.14,3.2,1.8,0,0,54.94,1277.6519
2023-02-08,westeurope,Storage,818.0,1014.0,18.8,99.91,0,101.81,2.1,3.61,0,1,82.7,1288.7003
2023-02-08,southeastasia,Compute,1945.0,2659.0,161.63,99.88,0,119.86,1.82,1.0,0,0,51.44,1435.672
2023-02-08,southeastasia,Storage,638.0,802.0,14.38,99.85,0,134.76,4.12,0.63,0,0,62.07,1256.2898
2023-02-08,centralus,Compute,5379.0,7400.0,478.05,99.85,0,128.72,3.05,1.81,0,0,63.81,1187.1019
2023-02-08,centralus,Storage,994.0,1173.0,22.15,99.9,0,106.27,2.61,5.65,0,0,80.4,1257.8469
2023-02-08,uksouth,Compute,2171.0,2799.0,175.95,99.9,0,130.94,2.85,4.5,0,0,78.92,1578.4226
2023-02-08,uksouth,Storage,378.0,491.0,8.63,99.94,0,131.99,4.27,4.45,0,0,59.64,1340.9208
2023-02-09,eastus,Compute,1500.0,2043.0,126.44,99.92,0,104.31,2.78,3.32,0,0,98.75,1565.7961
2023-02-09,eastus,Storage,1001.0,1353.0,21.3,99.95,0,118.09,4.2,2.26,0,0,66.58,1641.125
2023-02-09,westeurope,Compute,2506.0,3029.0,208.6,99.93,0,102.33,3.08,1.6,0,0,99.62,1300.1871
2023-02-09,westeurope,Storage,1119.0,1547.0,25.08,99.99,0,101.75,3.94,4.21,0,0,75.48,1306.137
2023-02-09,southeastasia,Compute,651.0,864.0,56.51,99.92,0,110.07,1.79,2.86,0,0,83.05,1885.6747
2023-02-09,southeastasia,Storage,290.0,361.0,6.37,99.88,0,107.12,2.39,4.88,0,0,83.45,1353.5795
2023-02-09,centralus,Compute,5796.0,7741.0,509.49,99.88,0,96.18,4.05,3.17,0,0,58.67,1182.4598
2023-02-09,centralus,Storage,290.0,364.0,6.34,99.98,0,128.07,4.05,2.74,0,0,57.27,1224.8583
2023-02-09,uksouth,Compute,1617.0,1972.0,137.21,99.92,0,93.88,4.18,2.42,0,0,75.67,1269.421
2023-02-09,uksouth,Storage,519.0,612.0,11.65,99.96,0,108.55,2.11,2.2,0,0,92.53,1458.3209
2023-02-10,eastus,Compute,1027.0,1372.0,82.96,99.97,0,120.31,1.44,5.42,0,0,94.1,1498.83
2023-02-10,eastus,Storage,1407.0,1941.0,31.42,99.96,0,110.26,2.48,5.25,0,0,52.38,1630.7856
2023-02-10,westeurope,Compute,2207.0,,192.61,99.91,0,101.79,1.77,5.64,0,0,66.57,1257.2722
2023-02-10,westeurope,Storage,1125.0,1556.0,24.04,99.99,0,90.43,1.23,5.29,0,0,54.1,1282.4009
2023-02-10,southeastasia,Compute,378.0,482.0,31.72,99.9,0,115.93,3.49,5.29,0,0,99.48,1485.6881
2023-02-10,southeastasia,Storage,910.0,1238.0,20.74,100.8,0,114.14,2.61,4.0,0,0,51.77,1530.594
2023-02-10,centralus,Compute,2248.0,2640.0,184.4,99.96,0,112.95,3.91,1.52,1,0,72.63,1420.4731
2023-02-10,centralus,Storage,424.0,563.0,9.79,99.86,0,91.51,1.48,3.46,0,0,56.63,2088.6106
2023-02-10,uksouth,Compute,482.0,661.0,42.75,99.87,0,86.47,1.21,5.52,0,0,52.86,1483.8048
2023-02-10,uksouth,Storage,795.0,995.0,,99.95,0,110.87,3.63,5.34,0,0,85.09,1513.1594
2023-02-11,eastus,Compute,411.0,530.0,35.19,99.95,1,89.15,3.66,1.29,1,0,79.07,1615.9459
2023-02-11,eastus,Storage,643.0,,13.51,99.95,1,95.51,3.82,2.21,0,0,90.31,1187.4714
2023-02-11,westeurope,Compute,827.0,,71.04,99.91,1,130.45,2.35,2.76,0,0,63.41,1224.4388
2023-02-11,westeurope,Storage,371.0,431.0,,99.94,1,123.18,3.08,3.14,0,0,93.77,1322.6238
2023-02-11,southeastasia,Compute,1470.0,1761.0,120.28,99.85,1,118.1,2.09,1.32,0,0,75.17,1340.2386
2023-02-11,southeastasia,Storage,769.0,1063.0,16.99,99.9,1,106.69,2.29,2.93,1,0,88.57,1267.9589
2023-02-11,centralus,Compute,1474.0,1871.0,129.12,99.94,1,95.05,2.68,4.37,0,0,76.99,1482.8408
2023-02-11,centralus,Storage,803.0,934.0,18.49,99.97,1,124.67,2.21,2.09,0,0,96.73,1254.369
2023-02-11,uksouth,Compute,391.0,493.0,31.89,99.9,1,123.99,1.45,3.94,0,0,87.78,1307.5276
2023-02-11,uksouth,Storage,584.0,797.0,13.01,99.91,1,130.99,3.96,5.35,0,0,92.98,1345.8696
2023-02-12,eastus,Compute,4038.0,4797.0,352.59,99.88,1,102.33,2.78,2.41,1,0,64.32,1315.296
2023-02-12,eastus,Storage,910.0,1270.0,20.52,99.96,1,90.32,2.77,5.7,0,0,74.27,1223.6353
2023-02-12,westeurope,Compute,2114.0,2760.0,177.07,99.86,1,121.26,2.43,3.8,0,1,87.98,1446.1919
2023-02-12,westeurope,Storage,1053.0,1297.0,22.95,99.98,1,92.78,2.48,1.91,0,0,90.85,1484.7795
2023-02-12,southeastasia,Compute,1204.0,1548.0,107.21,99.91,1,106.08,1.74,3.79,0,0,50.45,1287.3531
2023-02-12,southeastasia,Storage,691.0,800.0,14.47,99.91,1,117.83,1.67,4.7,0,0,65.41,2170.0076
2023-02-12,centralus,Compute,1417.0,1881.0,114.6,99.95,1,99.95,3.37,4.39,0,0,91.32,1791.4565
2023-02-12,centralus,Storage,846.0,1157.0,18.48,99.91,1,103.97,1.3,4.85,0,0,62.78,1255.076
2023-02-12,uksouth,Compute,1711.0,2199.0,149.82,99.97,1,92.96,3.55,3.14,0,0,53.21,1313.7921
2023-02-12,uksouth,Storage,682.0,894.0,14.39,99.98,1,100.27,3.2,4.92,0,0,51.61,1183.5719
2023-02-13,eastus,Compute,2622.0,3428.0,224.53,99.96,0,122.69,3.25,1.64,0,0,54.7,1155.4636
2023-02-13,eastus,Storage,1108.0,1331.0,23.97,99.92,0,101.15,1.49,1.58,0,0,57.42,1340.5276
2023-02-13,westeurope,Compute,1834.0,2554.0,162.51,99.92,0,96.02,2.49,3.88,0,0,89.78,1236.0337
2023-02-13,westeurope,Storage,943.0,1297.0,20.03,99.89,0,124.52,3.86,5.46,0,0,75.81,1172.6019
2023-02-13,southeastasia,Compute,,1470.0,112.19,99.93,0,93.56,4.06,1.89,0,0,58.97,1252.2969
2023-02-13,southeastasia,Storage,864.0,1023.0,19.42,99.86,0,102.63,2.03,4.68,1,0,54.95,1468.2803
2023-02-13,centralus,Compute,536.0,646.0,44.97,99.88,0,90.31,3.12,5.73,0,0,98.61,1130.3932
2023-02-13,centralus,Storage,,1545.0,25.02,99.95,0,113.95,4.07,3.51,0,0,89.15,1531.4098
2023-02-13,uksouth,Compute,1613.0,2093.0,136.99,99.94,0,134.01,2.96,4.27,0,0,66.76,1199.7383
2023-02-13,uksouth,Storage,479.0,610.0,10.06,99.87,0,125.83,2.34,4.75,0,0,56.35,1249.6917
2023-02-14,eastus,Compute,2503.0,3205.0,215.14,99.85,0,118.53,3.37,0.95,0,0,64.51,1162.6602
2023-02-14,eastus,Storage,574.0,,12.02,99.95,0,116.42,2.77,1.06,0,0,73.99,1321.124
2023-02-14,westeurope,Compute,1272.0,1717.0,105.51,100.8,0,97.68,4.46,2.34,0,0,90.98,1156.7239
2023-02-14,westeurope,Storage,272.0,369.0,6.13,99.96,0,105.92,3.95,1.02,0,0,97.41,1175.3478
2023-02-14,southeastasia,Compute,977.0,1356.0,86.79,99.93,0,116.76,1.93,4.58,0,0,50.29,1230.261
2023-02-14,southeastasia,Storage,531.0,649.0,11.22,99.97,0,94.04,2.59,5.58,0,0,78.61,1334.4843
2023-02-14,centralus,Compute,,1056.0,,99.94,0,117.02,2.05,5.8,0,0,87.43,1934.5525
2023-02-14,centralus,Storage,1003.0,1334.0,22.34,99.96,0,110.0,1.78,1.13,0,0,99.11,1151.5795
2023-02-14,uksouth,Compute,840.0,1028.0,68.62,99.94,0,134.6,4.17,1.89,0,0,95.32,1151.8057
2023-02-14,uksouth,Storage,2802.0,3427.0,59.08,99.92,0,87.74,4.49,2.47,0,0,70.56,1207.0159
2023-02-15,eastus,Compute,1078.0,1421.0,94.65,100.8,0,91.61,1.71,0.73,0,0,59.91,1459.5781
2023-02-15,eastus,Storage,703.0,,16.19,99.95,0,92.99,3.06,4.52,0,0,79.31,1437.592
2023-02-15,westeurope,Compute,1842.0,2411.0,149.58,99.87,0,131.26,2.81,5.02,0,0,90.18,1224.049
2023-02-15,westeurope,Storage,335.0,414.0,7.11,99.86,0,101.09,2.71,2.49,1,0,57.24,1329.7506
2023-02-15,southeastasia,Compute,648.0,895.0,55.64,99.85,0,112.09,3.83,3.43,0,0,93.49,1249.2437
2023-02-15,southeastasia,Storage,1046.0,1341.0,23.19,99.98,0,104.98,3.03,2.58,0,0,89.19,1218.5615
2023-02-15,centralus,Compute,1818.0,2454.0,150.54,99.88,0,119.67,1.35,3.05,1,0,73.1,1151.8566
2023-02-15,centralus,Storage,706.0,870.0,14.92,99.97,0,91.85,2.15,4.57,0,0,87.09,1266.6705
2023-02-15,uksouth,Compute,413.0,575.0,34.19,99.91,0,86.14,3.02,2.6,0,0,71.41,2252.8203
2023-02-15,uksouth,Storage,600.0,707.0,13.06,99.9,0,108.26,4.03,1.56,0,0,65.84,1282.1664
2023-02-16,eastus,Compute,2835.0,,236.4,99.99,0,116.55,2.01,1.06,0,0,84.0,1392.9901
2023-02-16,eastus,Storage,1092.0,1408.0,24.52,99.98,0,127.71,1.99,5.49,0,0,93.74,1177.4125
2023-02-16,westeurope,Compute,1305.0,1732.0,105.62,99.99,0,131.4,1.6,3.49,0,0,84.88,1256.2916
2023-02-16,westeurope,Storage,4119.0,5673.0,87.07,99.97,0,116.99,1.23,5.91,0,0,51.51,1341.834
2023-02-16,southeastasia,Compute,,2150.0,143.21,99.93,0,125.48,2.75,1.14,0,0,73.59,1218.6119
2023-02-16,southeastasia,Storage,944.0,1233.0,20.42,99.96,0,90.45,4.03,3.35,0,0,62.31,1347.8004
2023-02-16,centralus,Compute,1910.0,2306.0,163.15,99.9,0,122.26,3.13,2.6,0,0,52.0,1350.5001
2023-02-16,centralus,Storage,1166.0,1450.0,26.04,99.97,0,121.22,3.41,3.23,0,0,57.27,1352.2571
2023-02-16,uksouth,Compute,1688.0,2202.0,143.97,99.98,0,106.75,3.39,3.76,0,0,62.86,1484.5153
2023-02-16,uksouth,Storage,801.0,997.0,17.91,99.92,0,97.47,2.69,1.67,0,0,51.83,1465.5492
2023-02-17,eastus,Compute,2384.0,2849.0,193.24,99.95,0,115.31,3.22,3.15,0,0,97.6,1291.4236
2023-02-17,eastus,Storage,425.0,501.0,9.16,99.91,0,108.88,3.12,2.49,0,0,71.19,1626.7129
2023-02-17,westeurope,Compute,2106.0,2612.0,185.82,99.98,0,118.06,2.65,3.34,0,0,98.46,1269.1976
2023-02-17,westeurope,Storage,1198.0,1492.0,25.62,99.89,0,94.12,1.85,1.69,1,0,69.98,1181.3102
2023-02-17,southeastasia,Compute,848.0,1178.0,68.66,100.8,0,88.12,1.72,1.45,0,0,92.81,1248.2292
2023-02-17,southeastasia,Storage,,624.0,10.23,99.9,0,89.32,2.23,1.92,0,0,57.52,1199.7657
2023-02-17,centralus,Compute,2098.0,2556.0,170.21,99.91,0,134.99,3.88,3.64,0,0,91.93,1194.444
2023-02-17,centralus,Storage,658.0,,14.8,99.96,0,104.71,3.47,2.64,0,0,77.85,1233.1803
2023-02-17,uksouth,Compute,1130.0,1561.0,95.04,99.87,0,90.1,4.35,3.74,0,0,69.92,1212.6461
2023-02-17,uksouth,Storage,1161.0,1421.0,26.42,99.97,0,104.61,2.29,4.56,1,0,72.31,1276.4885
2023-02-18,eastus,Compute,1939.0,2643.0,159.36,99.97,1,107.59,2.1,4.02,0,0,81.21,1318.9849
2023-02-18,eastus,Storage,,447.0,8.39,99.88,1,133.01,3.81,5.55,0,0,71.67,1215.1963
2023-02-18,westeurope,Compute,2204.0,2667.0,195.11,99.88,1,128.31,2.89,3.33,0,0,67.35,1158.139
2023-02-18,westeurope,Storage,836.0,1144.0,18.68,99.9,1,131.62,3.67,2.99,0,0,68.69,1188.8868
2023-02-18,southeastasia,Compute,1198.0,1566.0,99.57,99.94,1,119.78,2.13,1.9,0,0,64.65,1284.0138
2023-02-18,southeastasia,Storage,449.0,517.0,,99.87,1,97.55,3.89,2.57,0,0,93.03,1281.4679
2023-02-18,centralus,Compute,368.0,491.0,31.01,99.93,1,131.65,3.12,1.76,0,0,99.37,1256.763
2023-02-18,centralus,Storage,1111.0,1482.0,23.78,99.93,1,105.12,1.69,2.77,0,0,91.19,1193.3555
2023-02-18,uksouth,Compute,1137.0,1575.0,94.87,99.94,1,90.54,1.48,3.26,0,0,96.4,1571.7448
2023-02-18,uksouth,Storage,720.0,836.0,16.45,99.86,1,86.53,1.21,4.26,0,0,92.81,1251.5278
2023-02-19,eastus,Compute,1032.0,1240.0,87.16,99.95,1,100.48,1.45,1.59,0,0,53.43,1297.541
2023-02-19,eastus,Storage,1130.0,1306.0,25.17,99.91,1,118.3,1.85,1.81,0,0,98.73,1218.1439
2023-02-19,westeurope,Compute,,569.0,37.02,99.96,1,111.4,2.88,4.06,0,0,74.43,1423.1676
2023-02-19,westeurope,Storage,328.0,383.0,7.31,99.9,1,98.84,3.89,0.79,0,0,67.78,1343.2064
2023-02-19,southeastasia,Compute,771.0,964.0,68.06,99.99,1,96.96,3.65,2.18,0,0,66.81,1310.4011
2023-02-19,southeastasia,Storage,194.0,,4.22,99.87,1,86.85,2.07,1.84,0,0,74.43,1166.5576
2023-02-19,centralus,Compute,948.0,1289.0,83.04,99.9,1,120.45,3.69,1.63,0,0,50.82,1316.3004
2023-02-19,centralus,Storage,807.0,1047.0,18.39,99.86,1,89.8,2.13,2.4,0,0,50.86,2219.0952
2023-02-19,uksouth,Compute,532.0,677.0,43.1,99.93,1,102.89,3.05,0.55,0,0,75.05,1212.0808
2023-02-19,uksouth,Storage,426.0,579.0,9.11,99.93,1,124.19,4.06,1.9,0,0,84.98,1584.9261
2023-02-20,eastus,Compute,1874.0,2485.0,157.69,99.85,0,131.89,1.69,1.32,0,0,66.41,1288.742
2023-02-20,eastus,Storage,1110.0,1515.0,24.31,99.92,0,109.34,2.49,1.11,0,0,89.63,2237.0198
2023-02-20,westeurope,Compute,2472.0,3369.0,200.58,99.88,0,95.16,3.93,3.01,0,0,96.27,1165.0366
2023-02-20,westeurope,Storage,554.0,653.0,12.16,99.95,0,93.22,3.69,0.83,0,0,89.8,1179.2922
2023-02-20,southeastasia,Compute,955.0,1332.0,80.7,99.87,0,90.07,1.29,4.74,0,0,88.28,1260.9133
2023-02-20,southeastasia,Storage,,480.0,9.12,99.96,0,113.05,1.58,5.94,0,0,99.78,1212.6501
2023-02-20,centralus,Compute,563.0,702.0,46.67,99.91,0,113.28,1.21,1.98,0,0,82.65,1148.34
2023-02-20,centralus,Storage,262.0,353.0,5.56,99.94,0,101.3,1.32,1.18,0,0,81.55,1175.9651
2023-02-20,uksouth,Compute,710.0,865.0,57.88,99.9,0,85.97,2.73,4.13,0,0,74.7,1314.6962
2023-02-20,uksouth,Storage,866.0,1110.0,18.65,99.94,0,132.79,1.69,3.64,0,0,68.34,1212.1327
2023-02-21,eastus,Compute,1424.0,,120.59,99.97,0,120.93,1.76,1.64,0,0,62.45,1266.2976
2023-02-21,eastus,Storage,710.0,952.0,15.0,99.96,0,115.45,3.62,5.88,0,0,87.67,1180.9479
2023-02-21,westeurope,Compute,1303.0,1699.0,114.28,99.93,0,134.96,2.87,4.2,0,0,81.21,1156.9696
2023-02-21,westeurope,Storage,230.0,296.0,5.19,99.93,0,111.0,1.65,3.1,0,0,72.79,1195.2706
2023-02-21,southeastasia,Compute,1646.0,2040.0,142.11,99.98,0,102.41,2.37,4.56,0,0,90.69,1351.1342
2023-02-21,southeastasia,Storage,305.0,385.0,6.85,99.94,0,102.17,2.84,3.45,0,0,90.78,1529.2971
2023-02-21,centralus,Compute,2282.0,3057.0,192.05,99.9,0,120.82,3.21,3.8,0,0,95.09,1436.6497
2023-02-21,centralus,Storage,702.0,836.0,15.78,99.96,0,114.72,2.02,0.78,0,0,55.09,1597.6465
2023-02-21,uksouth,Compute,1182.0,1649.0,96.61,99.92,0,88.86,1.72,1.46,0,0,56.32,2016.3619
2023-02-21,uksouth,Storage,1203.0,1476.0,25.52,99.86,0,99.94,1.52,1.93,0,0,58.4,1210.7062
2023-02-22,eastus,Compute,1730.0,2145.0,151.92,99.95,0,98.82,1.26,1.81,0,0,82.91,1201.3124
2023-02-22,eastus,Storage,901.0,1125.0,19.91,99.85,0,126.86,2.89,2.22,0,0,85.9,1320.9175
2023-02-22,westeurope,Compute,2607.0,3431.0,211.02,99.91,0,101.68,3.27,3.56,0,0,62.74,1443.1456
2023-02-22,westeurope,Storage,448.0,602.0,10.19,99.97,0,109.16,2.52,4.63,0,0,68.79,1475.538
2023-02-22,southeastasia,Compute,1470.0,2003.0,124.88,99.98,0,90.09,3.41,5.37,0,0,72.83,1527.7054
2023-02-22,southeastasia,Storage,383.0,502.0,8.57,99.86,0,107.28,1.46,2.24,0,0,99.78,1133.2814
2023-02-22,centralus,Compute,2120.0,2867.0,175.08,99.87,0,106.38,2.47,5.89,0,0,94.4,1194.595
2023-02-22,centralus,Storage,784.0,956.0,16.55,99.97,0,99.62,2.34,2.28,0,0,71.41,1640.5071
2023-02-22,uksouth,Compute,1074.0,1448.0,93.0,99.86,0,113.44,2.44,4.4,1,0,54.32,1553.5663
2023-02-22,uksouth,Storage,1189.0,1655.0,26.53,99.96,0,115.59,2.82,5.09,0,0,94.7,1332.6962
2023-02-23,eastus,Compute,2769.0,3816.0,228.83,99.94,0,119.58,3.33,3.55,0,0,95.84,1233.4741
2023-02-23,eastus,Storage,404.0,472.0,8.56,99.89,0,120.18,1.81,1.71,0,0,98.82,1235.2596
2023-02-23,westeurope,Compute,1416.0,1823.0,125.13,99.99,0,108.55,1.93,3.34,0,0,80.88,1155.8624
2023-02-23,westeurope,Storage,897.0,1195.0,19.71,99.96,0,133.37,2.32,3.9,0,0,51.04,1146.1428
2023-02-23,southeastasia,Compute,351.0,411.0,29.88,99.87,0,113.33,3.6,3.44,0,0,74.7,1251.6396
2023-02-23,southeastasia,Storage,601.0,769.0,13.39,99.91,0,110.42,3.58,0.93,0,0,92.75,1180.9589
2023-02-23,centralus,Compute,1310.0,1741.0,116.29,99.88,0,96.44,2.79,0.54,0,0,79.81,1270.5717
2023-02-23,centralus,Storage,390.0,478.0,8.82,99.99,0,123.97,3.99,5.67,0,0,87.36,1180.8513
2023-02-23,uksouth,Compute,1203.0,1681.0,105.36,99.88,0,114.32,2.94,3.3,0,0,85.84,1356.3828
2023-02-23,uksouth,Storage,962.0,1167.0,20.18,99.86,0,114.63,4.06,2.97,0,0,67.84,1194.7583
2023-02-24,eastus,Compute,635.0,731.0,54.88,99.96,0,122.22,1.27,1.46,0,0,86.51,1229.9169
2023-02-24,eastus,Storage,1379.0,1648.0,31.2,99.88,0,123.68,2.8,0.9,0,0,80.14,1291.1055
2023-02-24,westeurope,Compute,,3486.0,221.24,99.88,0,128.96,2.17,5.19,0,0,95.54,1244.2809
2023-02-24,westeurope,Storage,840.0,1024.0,19.29,99.96,0,102.49,2.04,1.66,0,0,74.24,1348.991
2023-02-24,southeastasia,Compute,,2133.0,133.18,99.87,0,131.51,1.74,1.75,0,0,95.98,1307.0563
2023-02-24,southeastasia,Storage,,286.0,4.74,99.95,0,99.52,2.49,4.29,0,0,86.89,1378.0216
2023-02-24,centralus,Compute,2329.0,3197.0,207.24,99.91,0,88.0,3.95,1.15,0,0,87.29,1238.74
2023-02-24,centralus,Storage,1200.0,1397.0,27.05,99.92,0,103.48,4.4,5.67,0,0,86.43,1244.2914
2023-02-24,uksouth,Compute,479.0,651.0,41.9,99.97,0,134.1,3.87,1.99,0,0,75.81,1249.4943
2023-02-24,uksouth,Storage,1087.0,1286.0,23.59,99.89,0,115.97,2.41,4.26,0,0,95.99,1153.9004
2023-02-25,eastus,Compute,,761.0,,99.91,1,89.29,2.71,3.29,0,0,51.62,1161.8625
2023-02-25,eastus,Storage,889.0,1190.0,19.89,99.9,1,87.29,1.8,4.3,0,0,90.1,1294.1055
2023-02-25,westeurope,Compute,1528.0,2107.0,129.44,99.98,1,111.93,1.98,5.86,0,0,58.66,1301.8925
2023-02-25,westeurope,Storage,612.0,748.0,13.83,99.95,1,96.48,3.32,0.82,0,0,67.35,1175.3147
2023-02-25,southeastasia,Compute,1267.0,1486.0,109.9,99.92,1,97.1,2.83,5.06,0,0,52.04,1142.76
2023-02-25,southeastasia,Storage,234.0,274.0,5.09,99.92,1,116.78,1.59,5.97,0,0,95.41,1310.3033
2023-02-25,centralus,Compute,1355.0,1817.0,120.17,99.91,1,102.6,2.82,5.45,0,0,61.48,1339.5841
2023-02-25,centralus,Storage,411.0,495.0,9.49,99.94,1,104.8,2.79,1.2,0,0,68.29,1281.9327
2023-02-25,uksouth,Compute,436.0,541.0,38.18,99.87,1,92.88,3.44,5.53,0,0,96.73,1324.4602
2023-02-25,uksouth,Storage,676.0,913.0,14.64,99.98,1,113.4,1.44,4.37,0,0,99.71,1259.9603
2023-02-26,eastus,Compute,2158.0,2749.0,,99.92,1,95.16,3.87,3.01,0,0,55.84,1342.0219
2023-02-26,eastus,Storage,543.0,662.0,,99.94,1,114.53,4.35,2.14,0,0,80.02,1275.7175
2023-02-26,westeurope,Compute,1378.0,1672.0,121.11,99.97,1,99.19,1.54,1.63,0,0,61.73,1201.1726
2023-02-26,westeurope,Storage,409.0,562.0,8.98,99.91,1,114.7,1.75,1.09,0,0,68.88,1300.3541
2023-02-26,southeastasia,Compute,1523.0,1949.0,126.13,99.96,1,91.57,1.95,4.22,0,0,98.85,1135.3599
2023-02-26,southeastasia,Storage,,629.0,11.64,99.95,1,113.56,1.43,5.58,1,0,88.3,1285.8657
2023-02-26,centralus,Compute,1036.0,1412.0,86.56,99.96,1,134.72,3.97,2.4,0,0,89.33,1226.7897
2023-02-26,centralus,Storage,202.0,241.0,,99.89,1,131.44,3.9,2.2,1,0,84.17,1309.1863
2023-02-26,uksouth,Compute,994.0,1368.0,80.96,99.87,1,96.42,2.88,4.85,0,0,57.47,1197.5422
2023-02-26,uksouth,Storage,441.0,603.0,9.73,99.91,1,109.4,3.78,0.6,0,0,94.26,1194.0641
2023-02-27,eastus,Compute,746.0,908.0,64.18,99.98,0,115.06,3.28,5.64,0,0,57.98,1145.4901
2023-02-27,eastus,Storage,822.0,980.0,17.54,99.93,0,91.44,3.59,1.67,0,0,64.68,1307.8881
2023-02-27,westeurope,Compute,1230.0,1552.0,100.82,99.92,0,134.64,1.43,1.95,0,0,50.94,1241.0856
2023-02-27,westeurope,Storage,548.0,674.0,11.57,99.96,0,98.78,2.79,5.61,0,0,50.41,1195.5894
2023-02-27,southeastasia,Compute,569.0,729.0,49.94,99.88,0,91.52,3.47,0.82,0,0,56.64,1281.951
2023-02-27,southeastasia,Storage,823.0,,17.55,99.96,0,129.48,3.88,3.6,0,0,93.36,1247.3232
2023-02-27,centralus,Compute,1042.0,1207.0,86.95,99.87,0,109.17,1.69,1.26,0,0,98.21,1141.9913
2023-02-27,centralus,Storage,350.0,448.0,8.04,99.95,0,95.04,3.24,1.61,0,0,90.63,1227.7092
2023-02-27,uksouth,Compute,411.0,,,99.97,0,109.65,2.36,4.88,0,0,67.0,1175.0342
2023-02-27,uksouth,Storage,916.0,1192.0,19.55,99.96,0,108.75,4.47,0.64,0,0,84.76,1192.4775
2023-02-28,eastus,Compute,,1447.0,95.33,99.91,0,128.48,3.31,0.88,1,0,89.29,1166.1493
2023-02-28,eastus,Storage,781.0,994.0,16.37,99.99,0,109.48,3.35,1.6,0,0,92.81,1311.0717
2023-02-28,westeurope,Compute,1943.0,2628.0,160.92,99.97,0,111.94,4.17,1.61,0,0,80.92,1333.6422
2023-02-28,westeurope,Storage,,1226.0,21.86,99.9,0,113.53,3.64,3.85,0,0,56.92,1312.6838
2023-02-28,southeastasia,Compute,1944.0,2346.0,169.97,99.96,0,109.15,2.48,1.85,0,0,60.33,1216.8926
2023-02-28,southeastasia,Storage,884.0,1190.0,20.41,99.86,0,131.93,3.05,2.46,0,0,77.85,1325.2018
2023-02-28,centralus,Compute,1245.0,1620.0,104.03,100.8,0,98.5,3.34,3.23,0,0,97.83,1234.2975
2023-02-28,centralus,Storage,228.0,291.0,5.15,99.93,0,102.56,1.42,5.26,0,0,62.29,1283.3586
2023-02-28,uksouth,Compute,1274.0,1512.0,112.67,99.87,0,108.6,1.98,5.98,0,0,83.38,1166.307
2023-02-28,uksouth,Storage,1012.0,1281.0,23.17,99.91,0,106.7,3.43,1.64,0,0,96.54,1238.7074
2023-03-01,eastus,Compute,635.0,822.0,53.81,99.93,0,85.4,1.42,3.39,0,0,67.71,1242.6208
2023-03-01,eastus,Storage,1373.0,1915.0,31.41,99.99,0,120.31,4.37,4.03,0,0,84.13,1315.7129
2023-03-01,westeurope,Compute,942.0,1316.0,80.04,99.92,0,87.64,2.48,5.57,0,0,98.88,1326.9039
2023-03-01,westeurope,Storage,1230.0,1521.0,26.55,99.97,0,128.66,2.51,0.55,0,0,94.94,1218.9406
2023-03-01,southeastasia,Compute,1257.0,1540.0,111.09,99.9,0,110.58,3.61,1.65,0,0,82.71,1164.7694
2023-03-01,southeastasia,Storage,501.0,631.0,10.49,99.88,0,115.5,2.85,1.82,0,0,62.99,1240.4791
2023-03-01,centralus,Compute,1340.0,1793.0,115.35,99.9,0,90.05,2.72,5.59,0,0,82.45,1288.6943
2023-03-01,centralus,Storage,338.0,421.0,7.12,99.88,0,96.28,1.41,1.35,0,0,88.22,2199.491
2023-03-01,uksouth,Compute,2136.0,2655.0,186.88,99.89,0,95.23,1.27,3.93,0,0,75.99,1257.0339
2023-03-01,uksouth,Storage,231.0,294.0,5.0,99.97,0,134.7,1.73,0.63,0,0,58.7,1228.6447
2023-03-02,eastus,Compute,1074.0,,89.72,99.93,0,98.93,1.57,3.04,1,0,87.48,1205.8772
2023-03-02,eastus,Storage,417.0,544.0,9.36,99.86,0,129.06,3.32,3.86,0,0,95.07,1248.593
2023-03-02,westeurope,Compute,,3781.0,262.23,99.97,0,87.88,1.51,4.99,0,0,77.67,1258.4846
2023-03-02,westeurope,Storage,,353.0,6.15,99.92,0,85.32,2.62,1.03,0,0,69.07,1409.0967
2023-03-02,southeastasia,Compute,1531.0,1903.0,124.5,99.86,0,92.43,4.17,2.85,0,0,91.89,1201.2023
2023-03-02,southeastasia,Storage,1062.0,1369.0,23.17,99.92,0,87.66,4.41,0.82,0,0,57.78,1217.0021
2023-03-02,centralus,Compute,1764.0,2276.0,147.87,100.8,0,113.63,3.58,3.15,0,0,77.9,1185.1119
2023-03-02,centralus,Storage,1236.0,,26.0,99.98,0,119.65,1.7,5.83,0,0,55.16,1286.7562
2023-03-02,uksouth,Compute,,548.0,38.43,99.96,0,93.39,4.23,2.84,0,0,76.51,1304.5143
2023-03-02,uksouth,Storage,955.0,1251.0,21.09,99.92,0,88.61,3.97,3.32,0,0,75.65,1313.9243
2023-03-03,eastus,Compute,,2057.0,131.95,99.86,0,132.75,1.37,5.59,0,0,85.66,1221.468
2023-03-03,eastus,Storage,,1121.0,19.57,100.8,0,132.68,1.45,3.73,0,0,52.89,2066.6772
2023-03-03,westeurope,Compute,1758.0,2138.0,156.11,99.98,0,125.68,4.11,4.31,1,0,87.36,1171.6715
2023-03-03,westeurope,Storage,573.0,779.0,12.75,99.96,0,120.83,3.53,1.37,0,0,55.63,1351.6638
2023-03-03,southeastasia,Compute,1827.0,2505.0,150.81,99.89,0,116.85,3.94,3.47,1,0,90.68,1259.76
2023-03-03,southeastasia,Storage,227.0,269.0,5.1,99.98,0,93.91,3.19,2.83,0,0,53.56,1300.1942
2023-03-03,centralus,Compute,1838.0,2373.0,150.93,99.9,0,90.2,2.74,1.67,0,0,88.27,1242.9696
2023-03-03,centralus,Storage,1287.0,1498.0,27.07,99.93,0,133.0,1.93,2.32,0,0,52.22,1261.3533
2023-03-03,uksouth,Compute,1026.0,1201.0,88.31,99.89,0,120.08,4.17,3.4,0,0,90.87,1225.592
2023-03-03,uksouth,Storage,1043.0,1238.0,22.77,99.86,0,127.84,1.24,5.67,0,0,99.13,1279.001
2023-03-04,eastus,Compute,2437.0,3329.0,216.86,99.85,1,86.39,3.16,5.75,0,0,88.4,1207.5415
2023-03-04,eastus,Storage,940.0,1290.0,21.65,99.97,1,118.86,3.65,4.35,0,0,64.25,1283.3207
2023-03-04,westeurope,Compute,758.0,1011.0,62.39,99.92,1,95.26,2.3,1.19,0,0,68.27,1291.5784
2023-03-04,westeurope,Storage,1190.0,1400.0,25.58,100.8,1,87.58,3.38,5.58,0,0,89.61,1264.4193
2023-03-04,southeastasia,Compute,,1066.0,74.83,99.98,1,123.59,1.49,0.53,0,0,79.0,1151.8
2023-03-04,southeastasia,Storage,266.0,325.0,5.87,99.91,1,120.29,2.86,1.11,0,0,61.37,1227.1263
2023-03-04,centralus,Compute,696.0,965.0,60.07,99.97,1,131.31,1.97,3.25,0,0,70.06,1201.6539
2023-03-04,centralus,Storage,1145.0,1451.0,26.14,99.94,1,123.3,3.85,4.29,0,0,77.52,1218.4562
2023-03-04,uksouth,Compute,1147.0,1556.0,95.66,99.93,1,97.48,3.5,5.86,0,0,78.38,1940.5516
2023-03-04,uksouth,Storage,737.0,1008.0,16.18,99.89,1,93.21,3.66,3.78,0,0,57.97,1169.4081
2023-03-05,eastus,Compute,2117.0,2812.0,176.28,99.95,1,129.46,2.31,1.24,0,0,76.7,1225.5814
2023-03-05,eastus,Storage,828.0,1068.0,18.06,99.98,1,127.38,4.24,4.02,0,0,88.28,1155.1676
2023-03-05,westeurope,Compute,1088.0,1422.0,94.55,99.95,1,127.39,1.49,2.57,0,0,97.13,1450.1858
2023-03-05,westeurope,Storage,543.0,633.0,12.5,99.96,1,130.95,3.51,2.38,0,0,74.48,2244.2854
2023-03-05,southeastasia,Compute,1540.0,2046.0,124.61,99.87,1,127.01,2.46,5.1,0,0,54.19,1312.1866
2023-03-05,southeastasia,Storage,443.0,512.0,9.26,99.9,1,96.12,3.09,5.42,0,0,95.46,1140.167
2023-03-05,centralus,Compute,,2318.0,147.84,99.95,1,120.27,2.59,0.98,1,0,54.1,1196.5413
2023-03-05,centralus,Storage,797.0,924.0,17.01,99.95,1,131.73,3.92,2.05,1,0,54.6,1221.7933
2023-03-05,uksouth,Compute,1361.0,1757.0,117.31,99.96,1,113.41,3.17,1.85,0,0,92.43,1192.673
2023-03-05,uksouth,Storage,166.0,223.0,3.49,99.87,1,108.1,4.24,3.42,0,0,56.22,1344.3857
2023-03-06,eastus,Compute,2632.0,3298.0,222.57,99.88,0,127.51,2.61,3.87,0,0,77.97,1266.07
2023-03-06,eastus,Storage,,1304.0,22.3,99.98,0,113.62,3.32,3.68,0,0,89.4,1332.9213
2023-03-06,westeurope,Compute,2451.0,3064.0,214.23,99.87,0,111.96,4.21,5.41,0,0,97.06,1318.8586
2023-03-06,westeurope,Storage,433.0,,9.97,99.85,0,132.06,3.08,1.92,0,0,86.52,1333.4603
2023-03-06,southeastasia,Compute,2870.0,3743.0,,99.93,0,93.92,2.02,0.97,0,0,86.99,1286.1605
2023-03-06,southeastasia,Storage,918.0,1250.0,,99.89,0,95.35,2.32,0.85,0,0,81.67,1225.2483
2023-03-06,centralus,Compute,3642.0,4531.0,313.66,99.97,0,125.5,1.47,3.04,0,0,75.07,2088.6099
2023-03-06,centralus,Storage,1265.0,1467.0,26.52,99.98,0,101.27,2.3,5.58,0,0,82.93,1176.8538
2023-03-06,uksouth,Compute,1813.0,2177.0,,99.92,0,113.27,2.2,1.71,0,0,55.29,1234.486
2023-03-06,uksouth,Storage,996.0,1298.0,21.98,99.88,0,115.85,1.26,3.58,0,0,55.71,1303.3679
2023-03-07,eastus,Compute,2463.0,3296.0,211.44,99.86,0,103.9,4.18,2.99,0,0,60.15,1234.9517
2023-03-07,eastus,Storage,2852.0,3889.0,,99.9,0,123.39,4.16,3.13,1,0,58.27,1298.1392
2023-03-07,westeurope,Compute,1833.0,2282.0,160.47,99.9,0,87.44,3.3,4.19,0,0,54.3,1247.0773
2023-03-07,westeurope,Storage,742.0,998.0,15.61,99.94,0,96.43,2.46,0.51,0,0,75.2,1333.2545
2023-03-07,southeastasia,Compute,1176.0,1569.0,99.48,99.86,0,90.79,3.88,5.7,1,0,69.03,1280.9609
2023-03-07,southeastasia,Storage,555.0,740.0,12.3,99.98,0,122.23,2.2,1.58,0,0,91.55,1303.0739
2023-03-07,centralus,Compute,1101.0,1405.0,97.48,99.87,0,109.75,2.37,4.23,0,0,63.98,1312.437
2023-03-07,centralus,Storage,536.0,634.0,12.29,99.95,0,87.32,3.01,2.39,0,0,82.21,1209.9153
2023-03-07,uksouth,Compute,2063.0,2541.0,172.11,99.91,0,122.25,4.08,2.28,0,0,54.21,1147.7329
2023-03-07,uksouth,Storage,740.0,945.0,17.0,99.94,0,120.69,1.49,4.45,0,0,92.48,1300.2034
2023-03-08,eastus,Compute,2868.0,3607.0,236.4,99.85,0,102.47,1.69,2.82,0,0,54.59,1166.1455
2023-03-08,eastus,Storage,745.0,866.0,15.7,99.95,0,103.52,3.59,2.72,0,0,52.33,1131.8566
2023-03-08,westeurope,Compute,1845.0,2486.0,154.98,99.98,0,101.61,4.0,4.98,1,0,64.03,2178.3762
2023-03-08,westeurope,Storage,313.0,,7.21,99.91,0,109.4,2.13,3.3,0,0,51.25,1195.0077
2023-03-08,southeastasia,Compute,846.0,1098.0,70.34,99.98,0,93.11,4.27,2.33,0,0,99.32,1332.6113
2023-03-08,southeastasia,Storage,,877.0,16.99,99.98,0,93.3,4.31,3.86,0,0,53.3,1205.3556
2023-03-08,centralus,Compute,1061.0,1350.0,88.02,99.89,0,115.69,1.41,0.57,0,0,59.89,1226.0214
2023-03-08,centralus,Storage,444.0,518.0,9.46,99.91,0,103.06,3.53,1.0,0,0,84.17,1178.6561
2023-03-08,uksouth,Compute,1923.0,2400.0,158.24,99.92,0,114.21,3.28,5.32,0,0,79.55,1216.1194
2023-03-08,uksouth,Storage,832.0,1151.0,18.71,99.87,0,106.85,2.15,5.93,0,0,70.56,1196.2767
2023-03-09,eastus,Compute,1755.0,2298.0,142.16,99.92,0,90.68,1.71,1.68,0,0,54.27,1305.0826
2023-03-09,eastus,Storage,973.0,1238.0,20.95,100.8,0,85.44,4.25,5.26,0,0,51.64,1409.4274
2023-03-09,westeurope,Compute,,2152.0,145.41,100.8,0,101.16,2.54,3.16,0,0,65.12,1158.2527
2023-03-09,westeurope,Storage,1368.0,1756.0,29.9,99.95,0,95.22,2.13,2.94,0,0,55.78,1294.5282
2023-03-09,southeastasia,Compute,814.0,1046.0,71.85,99.97,0,114.25,4.49,1.08,0,0,57.05,1222.6696
2023-03-09,southeastasia,Storage,,565.0,8.83,99.95,0,117.57,4.12,1.51,0,0,69.72,1213.0734
2023-03-09,centralus,Compute,789.0,1005.0,66.27,99.93,0,124.8,4.46,2.18,0,0,99.95,1175.6505
2023-03-09,centralus,Storage,1144.0,,24.85,99.89,0,101.74,3.33,0.59,0,0,97.05,1177.8417
2023-03-09,uksouth,Compute,2218.0,2655.0,188.84,99.95,0,127.71,2.27,3.31,0,0,52.62,1236.19
2023-03-09,uksouth,Storage,1028.0,1423.0,22.48,99.88,0,129.62,3.54,0.55,0,0,51.91,1202.7933
2023-03-10,eastus,Compute,2793.0,3340.0,231.04,99.9,0,98.48,3.85,3.25,0,0,51.99,1162.7565
2023-03-10,eastus,Storage,879.0,1114.0,,99.86,0,121.47,2.56,2.48,1,0,91.06,1198.7513
2023-03-10,westeurope,Compute,2422.0,,208.54,100.8,0,112.57,2.07,2.06,0,0,74.07,1239.8591
2023-03-10,westeurope,Storage,,397.0,6.35,99.91,0,105.48,2.04,5.8,0,0,75.76,1293.1353
2023-03-10,southeastasia,Compute,509.0,612.0,42.81,99.98,0,112.85,2.29,4.61,1,0,80.04,1217.9653
2023-03-10,southeastasia,Storage,807.0,1051.0,17.09,99.86,0,108.31,4.29,3.61,0,0,69.2,1231.8436
2023-03-10,centralus,Compute,698.0,,,99.94,0,86.69,3.67,5.88,0,0,98.85,1314.5482
2023-03-10,centralus,Storage,369.0,509.0,7.98,99.89,0,98.26,1.67,2.57,0,0,84.55,1329.9629
2023-03-10,uksouth,Compute,823.0,1001.0,67.37,99.91,0,86.32,4.11,1.82,0,0,77.66,1142.9099
2023-03-10,uksouth,Storage,676.0,938.0,15.61,99.99,0,102.58,2.0,1.04,0,0,78.84,1310.0879
2023-03-11,eastus,Compute,1118.0,1317.0,96.91,99.87,1,125.87,2.75,3.61,0,0,81.56,1216.5511
2023-03-11,eastus,Storage,899.0,1248.0,19.05,99.96,1,117.52,3.81,5.73,0,0,88.98,1175.8064
2023-03-11,westeurope,Compute,2279.0,2920.0,,99.89,1,106.57,3.48,0.96,0,0,88.18,1207.9116
2023-03-11,westeurope,Storage,218.0,272.0,4.72,99.9,1,117.53,2.84,4.89,0,0,50.7,1202.5953
2023-03-11,southeastasia,Compute,,1905.0,129.6,99.94,1,97.88,3.3,5.34,0,0,86.67,1221.5834
2023-03-11,southeastasia,Storage,637.0,849.0,13.91,99.93,1,106.24,2.66,3.99,0,0,63.96,1427.3104
2023-03-11,centralus,Compute,,1654.0,106.99,99.92,1,101.99,2.69,5.28,0,0,89.27,1198.3331
2023-03-11,centralus,Storage,647.0,816.0,13.69,99.93,1,104.25,4.23,2.8,0,0,65.14,1203.9878
2023-03-11,uksouth,Compute,1820.0,2289.0,152.78,99.91,1,90.37,2.51,5.29,0,0,65.03,1318.8029
2023-03-11,uksouth,Storage,,1398.0,23.3,99.92,1,93.9,4.37,0.54,0,0,95.13,1151.7438
2023-03-12,eastus,Compute,556.0,,47.67,99.9,1,89.13,2.61,5.59,0,0,81.04,1434.9675
2023-03-12,eastus,Storage,453.0,552.0,10.33,99.97,1,116.24,2.1,5.5,0,0,89.83,1300.7744
2023-03-12,westeurope,Compute,2268.0,2856.0,193.2,99.97,1,124.04,4.08,3.65,0,0,85.86,1225.4962
2023-03-12,westeurope,Storage,466.0,,10.66,99.87,1,123.34,2.34,2.03,0,0,84.35,1315.1245
2023-03-12,southeastasia,Compute,1529.0,2049.0,,99.89,1,91.45,3.92,1.44,0,0,71.9,1150.3339
2023-03-12,southeastasia,Storage,517.0,,11.45,99.91,1,102.98,2.08,3.66,0,0,58.8,1322.1726
2023-03-12,centralus,Compute,1853.0,2389.0,156.13,99.96,1,115.36,3.05,2.28,0,0,58.96,1194.5459
2023-03-12,centralus,Storage,1075.0,1449.0,23.32,99.91,1,99.38,1.6,2.81,1,0,86.25,1140.9934
2023-03-12,uksouth,Compute,1111.0,1459.0,91.81,99.86,1,102.67,3.84,2.96,0,0,63.19,1295.0632
2023-03-12,uksouth,Storage,775.0,1036.0,17.11,99.91,1,131.79,3.52,4.25,1,0,89.67,1291.143
2023-03-13,eastus,Compute,2338.0,,196.84,99.94,0,112.5,2.1,1.08,0,0,75.43,1354.2539
2023-03-13,eastus,Storage,827.0,1023.0,17.77,99.93,0,127.49,4.1,5.97,0,0,86.51,1146.7018
2023-03-13,westeurope,Compute,1798.0,2076.0,149.03,99.89,0,89.95,1.94,2.61,0,0,97.3,1486.8702
2023-03-13,westeurope,Storage,1240.0,1671.0,27.75,99.97,0,97.5,3.59,3.89,0,0,88.19,1243.84
2023-03-13,southeastasia,Compute,1717.0,2136.0,148.24,99.92,0,132.23,2.63,1.6,0,0,89.36,2190.9795
2023-03-13,southeastasia,Storage,974.0,1228.0,22.46,99.98,0,105.36,1.73,0.99,0,0,58.8,742.78424
2023-03-13,centralus,Compute,2393.0,3044.0,199.59,99.87,0,115.51,3.1,4.69,0,0,88.99,1263.1965
2023-03-13,centralus,Storage,288.0,347.0,6.5,99.87,0,92.49,2.56,1.24,1,0,82.43,860.6004
2023-03-13,uksouth,Compute,1062.0,1342.0,89.17,99.9,0,85.48,1.76,0.82,0,0,92.31,1534.8713
2023-03-13,uksouth,Storage,381.0,496.0,7.97,99.91,0,93.64,3.33,1.97,0,0,90.46,845.9903
2023-03-14,eastus,Compute,2182.0,2707.0,185.3,99.96,0,99.98,3.23,1.94,0,0,92.61,686.5858
2023-03-14,eastus,Storage,1399.0,,31.25,99.95,0,126.67,1.57,4.69,0,0,63.28,696.9532
2023-03-14,westeurope,Compute,2691.0,3491.0,235.72,99.87,0,106.14,3.64,3.43,0,0,51.62,1527.4293
2023-03-14,westeurope,Storage,609.0,778.0,13.68,99.94,0,113.54,2.16,5.11,0,0,82.76,1643.2212
2023-03-14,southeastasia,Compute,1418.0,,120.78,99.87,0,121.98,1.48,1.47,0,0,84.91,1728.5552
2023-03-14,southeastasia,Storage,418.0,488.0,9.0,99.92,0,126.52,2.09,2.39,0,0,60.02,1630.2267
2023-03-14,centralus,Compute,1948.0,,160.95,99.9,0,86.44,2.24,4.74,0,1,50.36,1298.7928
2023-03-14,centralus,Storage,866.0,1125.0,19.67,99.92,0,100.91,1.26,4.87,0,0,97.85,585.6895
2023-03-14,uksouth,Compute,1607.0,1984.0,129.93,99.87,0,87.19,2.0,0.86,0,0,95.9,578.7537
2023-03-14,uksouth,Storage,681.0,810.0,14.3,99.88,0,102.01,1.63,1.74,0,0,56.32,1337.8878
2023-03-15,eastus,Compute,2864.0,,245.26,99.92,0,130.49,3.43,2.81,0,0,67.1,761.182
2023-03-15,eastus,Storage,1595.0,2209.0,36.1,99.95,0,129.42,3.74,2.08,0,0,59.04,729.25366
2023-03-15,westeurope,Compute,2304.0,3084.0,198.14,99.92,0,133.32,2.27,1.47,0,0,90.86,1393.6772
2023-03-15,westeurope,Storage,621.0,749.0,13.19,99.95,0,92.37,3.45,1.2,0,0,77.97,857.92285
2023-03-15,southeastasia,Compute,2007.0,2430.0,,99.92,0,91.54,4.09,4.82,0,0,52.5,457.885
2023-03-15,southeastasia,Storage,724.0,988.0,15.21,99.94,0,124.55,2.67,1.62,0,1,77.75,1502.0477
2023-03-15,centralus,Compute,485.0,652.0,39.71,99.92,0,109.8,1.66,5.97,0,0,84.25,1489.0009
2023-03-15,centralus,Storage,748.0,925.0,16.71,99.98,0,109.54,3.79,1.86,0,0,81.98,1411.62
2023-03-15,uksouth,Compute,2152.0,2519.0,187.06,99.97,0,105.29,2.38,4.12,0,0,68.31,320.5032
2023-03-15,uksouth,Storage,562.0,,12.02,99.96,0,90.86,1.5,3.2,0,0,83.89,1685.9086
2023-03-16,eastus,Compute,2096.0,2932.0,182.79,99.87,0,116.68,1.23,3.08,0,0,86.86,1520.8096
2023-03-16,eastus,Storage,1067.0,1363.0,24.63,99.85,0,100.16,1.64,2.23,0,0,98.14,900.0381
2023-03-16,westeurope,Compute,1767.0,2192.0,154.12,99.96,0,104.3,3.45,1.09,0,0,58.43,813.574
2023-03-16,westeurope,Storage,931.0,1301.0,20.34,99.98,0,114.6,2.88,2.77,0,0,66.69,1209.0743
2023-03-16,southeastasia,Compute,1130.0,1426.0,94.24,99.94,0,87.61,4.12,2.78,0,0,73.59,1378.1431
2023-03-16,southeastasia,Storage,774.0,960.0,16.97,99.97,0,121.79,1.99,2.24,0,0,74.5,549.3485
2023-03-16,centralus,Compute,1489.0,,128.79,99.9,0,93.54,3.53,0.67,0,0,59.51,1874.0874
2023-03-16,centralus,Storage,888.0,1198.0,20.22,99.86,0,98.95,2.88,2.24,0,0,89.89,799.5188
2023-03-16,uksouth,Compute,582.0,768.0,47.24,100.8,0,133.0,2.3,1.22,0,0,72.96,880.2677
2023-03-16,uksouth,Storage,581.0,762.0,12.4,99.87,0,103.01,2.48,4.69,0,0,81.7,1463.5526
2023-03-17,eastus,Compute,1865.0,2558.0,164.08,99.96,0,134.51,2.0,3.07,0,0,92.51,803.262
2023-03-17,eastus,Storage,630.0,,14.2,99.88,0,133.09,1.5,0.63,0,0,98.9,1672.5416
2023-03-17,westeurope,Compute,1878.0,2597.0,162.03,99.89,0,133.3,4.11,1.29,0,0,59.64,1301.5403
2023-03-17,westeurope,Storage,1284.0,1795.0,,99.98,0,89.96,3.51,2.7,0,0,52.69,1950.819
2023-03-17,southeastasia,Compute,807.0,,70.9,99.86,0,119.57,3.93,4.06,0,0,75.75,666.6444
2023-03-17,southeastasia,Storage,789.0,1095.0,17.93,99.91,0,122.13,4.49,5.29,1,0,94.89,380.4082
2023-03-17,centralus,Compute,1524.0,1905.0,,99.87,0,89.83,2.97,3.82,0,0,69.73,1418.4998
2023-03-17,centralus,Storage,1299.0,,28.55,99.91,0,97.85,3.25,2.36,0,0,79.61,1222.6561
2023-03-17,uksouth,Compute,1777.0,2277.0,153.72,99.94,0,98.05,1.51,2.21,0,0,63.53,925.6666
2023-03-17,uksouth,Storage,241.0,285.0,5.22,99.9,0,113.01,2.73,3.03,0,0,62.5,997.9379
2023-03-18,eastus,Compute,642.0,864.0,55.01,99.95,1,102.05,4.3,0.65,0,0,97.25,680.6862
2023-03-18,eastus,Storage,352.0,484.0,8.02,99.97,1,103.59,3.94,0.88,0,0,51.79,891.0284
2023-03-18,westeurope,Compute,855.0,1008.0,69.64,99.99,1,86.96,2.09,4.09,0,0,98.83,900.7918
2023-03-18,westeurope,Storage,867.0,1155.0,18.62,99.97,1,90.28,1.58,5.17,0,0,50.45,1197.817
2023-03-18,southeastasia,Compute,1663.0,1987.0,,99.97,1,123.95,2.75,1.38,0,0,83.1,751.75604
2023-03-18,southeastasia,Storage,901.0,1051.0,19.49,99.97,1,105.3,3.26,1.03,0,0,93.08,1004.2192
2023-03-18,centralus,Compute,5388.0,6686.0,463.68,99.97,1,85.51,2.08,5.5,0,0,57.0,1623.2825
2023-03-18,centralus,Storage,1060.0,1377.0,23.31,99.89,1,133.81,3.66,4.28,0,0,80.25,1472.4423
2023-03-18,uksouth,Compute,1872.0,2498.0,160.36,99.87,1,119.36,1.26,4.92,0,0,58.22,326.1633
2023-03-18,uksouth,Storage,652.0,838.0,14.8,99.88,1,105.45,3.87,3.82,0,0,62.22,891.07025
2023-03-19,eastus,Compute,796.0,923.0,69.21,99.94,1,106.19,2.2,2.26,0,0,90.95,1250.916
2023-03-19,eastus,Storage,791.0,1059.0,17.31,99.88,1,107.31,2.98,3.04,0,0,97.35,1513.5564
2023-03-19,westeurope,Compute,1843.0,2276.0,164.01,99.99,1,126.25,3.12,3.48,0,0,53.95,570.3509
2023-03-19,westeurope,Storage,615.0,715.0,13.35,99.88,1,122.05,3.53,4.93,0,0,70.36,1943.5007
2023-03-19,southeastasia,Compute,289.0,381.0,23.59,99.97,1,110.28,2.95,3.72,0,0,71.38,1274.3112
2023-03-19,southeastasia,Storage,317.0,423.0,6.91,99.99,1,96.99,3.77,4.62,0,0,72.29,1490.8762
2023-03-19,centralus,Compute,626.0,839.0,52.47,99.87,1,110.28,2.05,3.89,0,0,78.76,1846.254
2023-03-19,centralus,Storage,721.0,982.0,15.7,99.99,1,121.75,2.37,1.02,0,0,56.12,860.9414
2023-03-19,uksouth,Compute,,2347.0,159.05,99.85,1,106.52,3.66,3.41,0,0,89.17,1521.9651
2023-03-19,uksouth,Storage,202.0,267.0,4.44,99.95,1,118.53,3.09,5.82,0,0,62.11,2239.6978
2023-03-20,eastus,Compute,2065.0,2435.0,171.6,99.93,0,130.39,2.2,1.6,0,0,63.58,1204.9863
2023-03-20,eastus,Storage,960.0,,22.1,99.89,0,107.11,1.52,5.96,0,0,57.87,831.57574
2023-03-20,westeurope,Compute,1039.0,1333.0,84.78,99.91,0,99.96,2.59,3.5,0,0,93.17,822.68646
2023-03-20,westeurope,Storage,4197.0,5719.0,92.9,99.88,0,89.31,3.42,1.61,0,0,99.45,486.9678
2023-03-20,southeastasia,Compute,1810.0,2327.0,157.84,99.97,0,118.14,4.43,5.06,0,0,95.16,933.5791
2023-03-20,southeastasia,Storage,1077.0,1300.0,,99.86,0,132.8,2.88,4.53,0,0,76.7,1540.5494
2023-03-20,centralus,Compute,2444.0,2951.0,201.75,99.97,0,91.03,3.05,3.26,0,0,84.36,1688.3677
2023-03-20,centralus,Storage,,1700.0,28.85,99.98,0,102.43,1.81,4.87,0,0,77.48,1408.2079
2023-03-20,uksouth,Compute,1416.0,1708.0,125.93,99.9,0,98.42,2.59,2.1,0,0,82.01,1997.2881
2023-03-20,uksouth,Storage,826.0,1082.0,,99.92,0,129.24,1.81,2.57,0,0,70.61,1124.635
2023-03-21,eastus,Compute,1168.0,,96.39,99.95,0,86.93,2.51,5.5,0,0,96.57,816.1055
2023-03-21,eastus,Storage,1425.0,1679.0,32.71,99.93,0,131.19,3.9,1.55,0,0,76.81,1642.0177
2023-03-21,westeurope,Compute,2127.0,2771.0,172.59,99.95,0,112.91,3.49,2.21,0,0,94.72,320.4834
2023-03-21,westeurope,Storage,694.0,913.0,15.11,99.93,0,134.56,2.97,5.94,0,0,89.8,1797.362
2023-03-21,southeastasia,Compute,1516.0,1882.0,123.41,99.93,0,105.85,3.88,2.92,0,0,63.35,1476.5021
2023-03-21,southeastasia,Storage,669.0,834.0,14.9,99.93,0,95.66,3.41,0.75,0,0,97.68,1167.7411
2023-03-21,centralus,Compute,1274.0,1677.0,110.15,99.93,0,131.19,4.2,0.76,0,0,52.76,1874.8214
2023-03-21,centralus,Storage,863.0,1027.0,19.73,99.97,0,86.15,3.12,1.84,0,0,65.79,1242.341
2023-03-21,uksouth,Compute,1010.0,1300.0,88.02,99.96,0,91.81,2.12,1.47,0,0,62.49,1609.7339
2023-03-21,uksouth,Storage,231.0,281.0,5.1,99.87,0,95.12,3.62,0.69,0,0,51.01,826.0277
2023-03-22,eastus,Compute,2604.0,3519.0,,99.86,0,87.14,4.33,1.67,0,0,82.87,2240.4705
2023-03-22,eastus,Storage,1553.0,1996.0,33.05,99.97,0,101.38,4.45,2.62,0,0,78.37,1962.691
2023-03-22,westeurope,Compute,1548.0,2123.0,,99.91,0,97.04,3.34,5.75,0,0,67.19,1826.5245
2023-03-22,westeurope,Storage,1449.0,1845.0,31.68,99.94,0,121.68,1.77,0.68,0,0,63.64,396.12488
2023-03-22,southeastasia,Compute,1207.0,1396.0,103.16,99.92,0,100.32,2.75,4.26,0,0,89.75,2223.4836
2023-03-22,southeastasia,Storage,507.0,707.0,10.65,99.92,0,101.25,4.49,5.95,0,0,87.48,578.89655
2023-03-22,centralus,Compute,1861.0,2507.0,155.49,99.93,0,109.62,4.36,1.82,0,0,70.68,1280.02
2023-03-22,centralus,Storage,577.0,735.0,12.26,100.8,0,93.08,3.71,2.38,0,0,60.25,1272.5363
2023-03-22,uksouth,Compute,1310.0,1516.0,,99.95,0,125.65,1.98,1.76,0,0,50.4,1722.339
2023-03-22,uksouth,Storage,856.0,1104.0,18.35,99.88,0,111.28,4.25,3.97,1,0,80.42,1094.4438
2023-03-23,eastus,Compute,1504.0,2072.0,130.84,99.86,0,128.35,2.35,2.14,0,0,76.91,2220.6855
2023-03-23,eastus,Storage,875.0,1069.0,,99.94,0,127.13,1.87,4.07,0,0,51.84,555.2832
2023-03-23,westeurope,Compute,1968.0,2456.0,159.52,99.91,0,117.1,3.52,3.21,0,0,72.47,553.54834
2023-03-23,westeurope,Storage,1461.0,1967.0,31.87,99.89,0,103.43,1.47,3.99,0,0,59.5,1604.0592
2023-03-23,southeastasia,Compute,1896.0,2230.0,161.14,99.86,0,89.52,3.29,3.97,0,0,85.11,556.8221
2023-03-23,southeastasia,Storage,363.0,461.0,8.34,99.89,0,85.98,3.49,4.66,0,0,74.16,1084.0962
2023-03-23,centralus,Compute,1948.0,2375.0,157.31,99.86,0,112.65,2.14,1.56,0,0,80.01,1129.1766
2023-03-23,centralus,Storage,,324.0,,99.88,0,125.7,2.29,5.16,0,0,58.98,881.6752
2023-03-23,uksouth,Compute,661.0,825.0,56.15,99.95,0,102.12,4.07,5.15,0,0,99.18,1155.098
2023-03-23,uksouth,Storage,732.0,924.0,16.62,99.9,0,128.75,3.88,4.21,0,0,77.43,1648.1039
2023-03-24,eastus,Compute,1863.0,2600.0,163.36,99.98,0,95.62,2.62,1.04,0,0,97.58,737.97186
2023-03-24,eastus,Storage,1456.0,1823.0,30.63,99.95,0,110.07,2.2,0.96,0,0,97.33,1731.3906
2023-03-24,westeurope,Compute,,1788.0,128.72,99.9,0,97.21,1.24,5.3,0,0,80.03,876.7043
2023-03-24,westeurope,Storage,1471.0,1738.0,31.57,99.99,0,122.83,2.79,1.74,0,0,59.66,648.8376
2023-03-24,southeastasia,Compute,1206.0,1668.0,102.69,99.97,0,111.03,3.04,2.52,0,0,61.16,1956.662
2023-03-24,southeastasia,Storage,874.0,1080.0,19.81,99.97,0,92.7,4.35,5.61,0,0,92.11,1735.4966
2023-03-24,centralus,Compute,1139.0,1382.0,95.36,99.93,0,129.29,3.81,3.71,0,0,92.12,872.2585
2023-03-24,centralus,Storage,,1472.0,23.18,99.88,0,108.04,4.02,5.1,0,0,75.49,1620.5001
2023-03-24,uksouth,Compute,,,193.69,99.89,0,118.14,2.34,2.43,0,0,78.96,1754.9219
2023-03-24,uksouth,Storage,807.0,1059.0,,99.9,0,106.03,1.26,0.94,0,0,90.65,538.6958
2023-03-25,eastus,Compute,593.0,701.0,49.56,99.9,1,99.84,4.28,4.47,0,0,87.73,1226.1384
2023-03-25,eastus,Storage,356.0,470.0,7.59,99.94,1,110.75,4.44,3.3,1,0,95.87,1080.01
2023-03-25,westeurope,Compute,1712.0,2314.0,142.62,99.93,1,116.79,3.61,0.86,0,0,54.73,1851.0675
2023-03-25,westeurope,Storage,,2667.0,48.74,99.91,1,126.45,1.6,1.07,0,0,68.01,469.93024
2023-03-25,southeastasia,Compute,1668.0,1989.0,136.38,99.9,1,99.33,3.34,5.83,1,0,71.66,362.21317
2023-03-25,southeastasia,Storage,398.0,538.0,8.84,99.9,1,87.57,1.32,1.12,0,0,70.24,1658.1969
2023-03-25,centralus,Compute,2046.0,2683.0,171.7,99.88,1,110.79,3.9,3.67,0,1,99.92,1064.6545
2023-03-25,centralus,Storage,1067.0,1427.0,24.15,99.86,1,89.57,4.45,1.15,0,0,53.18,409.17072
2023-03-25,uksouth,Compute,1616.0,1969.0,139.63,99.97,1,113.64,4.07,0.62,0,0,64.3,1646.5328
2023-03-25,uksouth,Storage,,892.0,14.43,99.86,1,106.22,1.38,4.33,0,0,63.77,841.9535
2023-03-26,eastus,Compute,1900.0,2211.0,155.48,99.92,1,133.34,3.98,5.39,0,0,86.5,1157.8036
2023-03-26,eastus,Storage,298.0,366.0,6.51,99.9,1,93.26,1.57,5.23,0,0,74.35,416.8417
2023-03-26,westeurope,Compute,1097.0,1386.0,95.84,99.93,1,98.98,2.54,5.75,0,0,77.27,1288.734
2023-03-26,westeurope,Storage,925.0,1204.0,19.87,99.96,1,119.91,3.14,4.34,0,0,70.8,790.13885
2023-03-26,southeastasia,Compute,805.0,1058.0,68.35,99.94,1,125.26,3.9,5.17,0,0,91.81,653.01404
2023-03-26,southeastasia,Storage,152.0,211.0,3.25,99.92,1,134.57,4.27,2.44,0,0,57.77,367.75583
2023-03-26,centralus,Compute,670.0,818.0,57.4,99.99,1,93.72,1.53,4.88,1,0,66.79,1844.1176
2023-03-26,centralus,Storage,384.0,496.0,8.09,99.92,1,89.37,2.31,4.28,0,0,80.79,660.28687
2023-03-26,uksouth,Compute,1115.0,1365.0,96.1,99.99,1,95.69,3.36,5.49,0,0,83.34,567.25903
2023-03-26,uksouth,Storage,754.0,1019.0,17.02,99.93,1,131.88,3.61,3.48,0,0,63.17,1397.458
2023-03-27,eastus,Compute,2047.0,2817.0,167.74,99.87,0,102.08,2.82,5.59,0,0,61.13,1366.8828
2023-03-27,eastus,Storage,1163.0,,26.58,99.92,0,112.05,1.99,3.82,0,0,65.04,504.20663
2023-03-27,westeurope,Compute,988.0,1280.0,86.2,99.91,0,91.64,2.98,4.61,0,0,84.83,670.2139
2023-03-27,westeurope,Storage,640.0,878.0,13.6,99.9,0,106.42,2.77,2.49,0,0,67.97,1311.8984
2023-03-27,southeastasia,Compute,5340.0,6185.0,473.27,99.88,0,119.88,3.77,5.05,0,0,54.18,1227.1587
2023-03-27,southeastasia,Storage,1062.0,1399.0,23.13,100.8,0,119.08,1.85,1.77,0,0,84.86,904.81366
2023-03-27,centralus,Compute,1777.0,2218.0,148.9,99.87,0,131.92,3.84,1.72,0,0,76.86,1118.1444
2023-03-27,centralus,Storage,352.0,473.0,7.36,99.97,0,120.29,1.6,2.23,0,0,50.18,634.1745
2023-03-27,uksouth,Compute,1941.0,,163.59,99.9,0,94.72,1.36,4.6,0,0,64.84,824.53906
2023-03-27,uksouth,Storage,315.0,427.0,7.02,99.95,0,93.72,2.43,3.44,0,0,59.63,1601.278
2023-03-28,eastus,Compute,752.0,878.0,60.78,100.8,0,88.57,2.39,2.92,0,0,73.2,894.3455
2023-03-28,eastus,Storage,768.0,975.0,17.7,99.94,0,116.67,1.67,5.93,0,0,95.53,306.53665
2023-03-28,westeurope,Compute,1960.0,2414.0,165.21,99.91,0,118.84,1.2,5.78,0,0,95.28,524.57513
2023-03-28,westeurope,Storage,1167.0,1347.0,26.68,100.8,0,106.79,3.71,5.63,0,0,74.13,1756.4792
2023-03-28,southeastasia,Compute,1966.0,,164.47,100.8,0,121.29,4.13,1.51,0,0,56.06,807.9011
2023-03-28,southeastasia,Storage,862.0,1051.0,19.62,99.93,0,127.94,3.07,4.74,0,0,50.97,1378.0452
2023-03-28,centralus,Compute,1955.0,2528.0,163.1,99.92,0,87.02,2.61,1.99,0,0,59.61,1265.8901
2023-03-28,centralus,Storage,,512.0,8.48,99.95,0,97.71,3.57,1.56,0,0,63.93,1613.7747
2023-03-28,uksouth,Compute,726.0,1014.0,59.68,99.89,0,117.44,3.51,4.38,0,0,57.41,965.96576
2023-03-28,uksouth,Storage,883.0,1141.0,18.83,99.9,0,87.9,4.34,2.25,0,0,61.41,1092.6469
2023-03-29,eastus,Compute,568.0,685.0,46.73,99.98,0,108.4,3.35,5.3,0,0,89.44,682.6643
2023-03-29,eastus,Storage,923.0,1215.0,20.65,99.86,0,85.18,1.49,5.76,0,0,80.74,1301.804
2023-03-29,westeurope,Compute,2029.0,2476.0,172.64,99.93,0,88.84,3.42,2.81,0,0,86.0,981.00256
2023-03-29,westeurope,Storage,574.0,773.0,12.35,99.9,0,110.48,3.12,2.11,0,0,63.71,1478.9504
2023-03-29,southeastasia,Compute,1838.0,2322.0,150.85,99.87,0,109.28,3.95,4.63,0,0,60.27,452.18066
2023-03-29,southeastasia,Storage,724.0,944.0,15.25,99.92,0,104.37,2.96,2.26,0,0,68.81,493.02267
2023-03-29,centralus,Compute,,3211.0,191.1,99.85,0,121.8,1.98,3.16,0,0,57.08,423.18417
2023-03-29,centralus,Storage,478.0,599.0,10.31,99.97,0,109.65,2.01,5.73,0,0,62.26,1552.3662
2023-03-29,uksouth,Compute,1246.0,1530.0,108.34,99.96,0,96.88,2.91,3.36,0,0,65.84,321.8446
2023-03-29,uksouth,Storage,1118.0,1435.0,23.94,100.8,0,86.72,1.84,2.35,0,0,85.04,307.5929
2023-03-30,eastus,Compute,1654.0,1998.0,138.06,99.96,0,102.89,2.53,2.5,0,0,90.15,800.9254
2023-03-30,eastus,Storage,783.0,1005.0,17.48,99.89,0,108.81,3.62,2.82,0,0,63.01,1296.98
2023-03-30,westeurope,Compute,2572.0,3093.0,213.09,99.93,0,85.2,1.26,1.28,0,0,84.31,868.4742
2023-03-30,westeurope,Storage,,451.0,,99.94,0,131.57,1.97,0.98,0,0,63.78,1208.7278
2023-03-30,southeastasia,Compute,405.0,469.0,35.25,99.93,0,130.37,4.29,1.83,0,0,63.33,992.014
2023-03-30,southeastasia,Storage,325.0,373.0,7.09,99.87,0,120.57,1.93,4.62,0,0,72.27,1222.094
2023-03-30,centralus,Compute,1156.0,1541.0,100.77,99.87,0,113.93,2.48,4.54,0,0,94.93,391.00235
2023-03-30,centralus,Storage,657.0,802.0,14.02,99.86,0,101.89,1.47,3.47,1,0,98.32,431.44067
2023-03-30,uksouth,Compute,1467.0,1880.0,127.13,99.9,0,119.95,4.37,0.64,0,0,53.58,858.64197
2023-03-30,uksouth,Storage,996.0,1237.0,22.95,99.95,0,103.51,2.66,4.28,0,0,57.4,607.3862
2023-03-31,eastus,Compute,1158.0,1539.0,94.35,99.94,0,128.47,3.73,1.15,0,0,77.85,591.31573
2023-03-31,eastus,Storage,277.0,383.0,6.29,99.86,0,107.26,1.44,2.31,0,0,98.79,1144.6581
2023-03-31,westeurope,Compute,630.0,816.0,,99.95,0,105.18,4.33,3.96,0,0,91.94,279.3217
2023-03-31,westeurope,Storage,973.0,1357.0,20.63,99.89,0,109.52,3.87,2.57,0,0,73.82,355.93292
2023-03-31,southeastasia,Compute,3936.0,,335.05,99.9,0,126.46,1.42,1.01,0,0,89.89,1384.6279
2023-03-31,southeastasia,Storage,437.0,,9.56,99.85,0,120.55,1.87,1.0,0,0,87.45,744.59296
2023-03-31,centralus,Compute,1975.0,2645.0,169.29,99.94,0,128.15,4.06,1.62,0,0,57.29,863.52045
2023-03-31,centralus,Storage,858.0,1035.0,17.94,99.97,0,91.7,2.53,2.51,0,0,95.93,599.97656
2023-03-31,uksouth,Compute,778.0,915.0,63.77,99.94,0,130.47,3.93,5.91,0,0,65.25,1178.853
2023-03-31,uksouth,Storage,691.0,,15.06,99.86,0,91.33,1.67,2.02,0,0,97.2,619.26196
2023-04-01,eastus,Compute,747.0,960.0,61.13,99.9,1,86.79,3.71,1.4,0,0,68.33,758.89386
2023-04-01,eastus,Storage,1177.0,1407.0,26.16,99.95,1,102.85,1.74,2.07,0,0,55.39,648.74756
2023-04-01,westeurope,Compute,518.0,678.0,46.18,99.89,1,95.02,2.18,4.97,0,0,85.08,444.6446
2023-04-01,westeurope,Storage,392.0,455.0,8.33,99.89,1,122.55,1.77,1.22,0,0,73.67,318.24655
2023-04-01,southeastasia,Compute,553.0,757.0,47.56,100.8,1,128.93,2.23,3.5,0,0,95.67,842.01825
2023-04-01,southeastasia,Storage,891.0,1154.0,,99.87,1,125.46,3.71,5.82,0,0,73.25,524.45844
2023-04-01,centralus,Compute,1830.0,2316.0,149.47,99.9,1,118.26,3.76,2.96,0,0,96.08,417.01553
2023-04-01,centralus,Storage,849.0,981.0,18.89,99.96,1,86.72,3.7,5.94,0,0,72.68,1177.5574
2023-04-01,uksouth,Compute,3945.0,5313.0,332.7,99.91,1,122.3,3.33,4.78,0,0,65.75,820.4797
2023-04-01,uksouth,Storage,814.0,1056.0,17.91,99.87,1,134.49,2.6,3.28,0,0,61.11,793.538
2023-04-02,eastus,Compute,,1594.0,100.86,99.86,1,103.98,1.92,1.68,0,0,98.0,306.29562
2023-04-02,eastus,Storage,619.0,809.0,13.79,99.87,1,102.62,1.42,4.44,0,0,92.21,2217.2202
2023-04-02,westeurope,Compute,823.0,989.0,70.66,99.91,1,95.12,4.13,2.9,0,0,67.34,755.63995
2023-04-02,westeurope,Storage,308.0,420.0,,99.95,1,112.4,3.0,2.07,0,0,72.04,467.17563
2023-04-02,southeastasia,Compute,1267.0,1759.0,105.31,99.92,1,123.06,4.27,3.83,0,0,51.31,818.428
2023-04-02,southeastasia,Storage,363.0,420.0,,100.8,1,119.74,2.27,4.18,0,0,51.03,1030.6776
2023-04-02,centralus,Compute,1519.0,2103.0,132.55,99.93,1,108.84,1.72,2.59,0,0,79.95,385.77603
2023-04-02,centralus,Storage,399.0,516.0,8.53,99.9,1,93.2,1.22,0.94,0,0,69.99,228.80614
2023-04-02,uksouth,Compute,709.0,,60.54,99.95,1,111.41,1.61,4.99,0,0,95.34,2210.564
2023-04-02,uksouth,Storage,163.0,205.0,3.59,99.86,1,125.3,2.59,2.77,0,0,99.3,535.2814
2023-04-03,eastus,Compute,1064.0,1417.0,88.9,99.93,0,100.83,4.18,1.23,0,0,84.92,409.87726
2023-04-03,eastus,Storage,773.0,892.0,17.16,99.86,0,85.38,2.05,3.54,0,0,83.6,1339.6277
2023-04-03,westeurope,Compute,1369.0,1636.0,111.0,100.8,0,124.31,4.18,1.98,0,0,70.93,1372.1998
2023-04-03,westeurope,Storage,1411.0,1929.0,30.02,99.9,0,129.39,1.25,5.71,0,0,82.65,620.751
2023-04-03,southeastasia,Compute,1307.0,1609.0,107.9,99.9,0,130.67,1.51,0.83,0,0,52.42,871.6637
2023-04-03,southeastasia,Storage,493.0,618.0,,99.88,0,100.72,2.27,5.75,0,0,75.17,799.9037
2023-04-03,centralus,Compute,604.0,800.0,52.34,99.91,0,89.91,2.46,5.96,0,0,87.19,812.9435
2023-04-03,centralus,Storage,214.0,,,99.89,0,112.24,3.35,2.84,0,0,75.6,820.2618
2023-04-03,uksouth,Compute,2121.0,2677.0,178.45,99.96,0,96.6,2.85,5.59,0,1,63.26,535.2365
2023-04-03,uksouth,Storage,458.0,614.0,,99.94,0,117.0,3.2,5.49,1,0,86.11,379.5143
2023-04-04,eastus,Compute,2359.0,3020.0,209.11,99.93,0,127.85,1.46,5.21,0,0,65.99,247.56445
2023-04-04,eastus,Storage,651.0,788.0,13.8,99.85,0,134.38,3.38,4.77,0,1,80.01,253.4019
2023-04-04,westeurope,Compute,1778.0,2096.0,,99.96,0,127.6,3.12,3.89,0,0,52.27,861.18506
2023-04-04,westeurope,Storage,289.0,336.0,6.42,99.91,0,88.92,3.45,3.87,0,0,64.35,642.3079
2023-04-04,southeastasia,Compute,1810.0,2148.0,146.17,99.92,0,104.06,3.22,1.69,0,0,74.15,466.69836
2023-04-04,southeastasia,Storage,952.0,1156.0,21.04,99.89,0,85.05,2.4,3.84,0,0,62.92,826.5976
2023-04-04,centralus,Compute,2230.0,2936.0,,99.93,0,110.43,3.39,5.45,0,0,74.01,1015.0431
2023-04-04,centralus,Storage,,840.0,14.03,99.92,0,88.25,3.1,2.08,0,0,95.89,1093.7228
2023-04-04,uksouth,Compute,1001.0,1317.0,86.5,99.88,0,90.19,3.85,3.41,0,0,88.32,753.34375
2023-04-04,uksouth,Storage,690.0,873.0,14.5,99.95,0,97.75,2.27,1.58,0,0,78.84,530.07404
2023-04-05,eastus,Compute,717.0,847.0,61.1,99.9,0,97.47,1.76,2.64,0,0,91.01,959.0879
2023-04-05,eastus,Storage,426.0,549.0,9.75,99.89,0,92.27,1.47,5.35,0,0,90.15,1113.2574
2023-04-05,westeurope,Compute,810.0,1059.0,,99.91,0,128.96,3.81,3.64,0,0,59.75,859.1145
2023-04-05,westeurope,Storage,865.0,1060.0,19.5,99.87,0,133.02,1.97,3.19,0,0,82.97,1156.4054
2023-04-05,southeastasia,Compute,1076.0,1478.0,95.53,100.8,0,131.19,3.0,3.1,0,0,72.72,430.04254
2023-04-05,southeastasia,Storage,1062.0,1472.0,24.15,99.94,0,134.94,2.0,5.56,0,0,71.72,536.32666
2023-04-05,centralus,Compute,1407.0,1623.0,116.05,100.8,0,112.61,1.48,2.74,0,0,85.03,1030.4635
2023-04-05,centralus,Storage,1061.0,1438.0,,99.89,0,133.14,4.12,2.03,0,0,70.73,751.75714
2023-04-05,uksouth,Compute,1971.0,2478.0,,99.91,0,92.38,2.52,2.27,0,0,86.43,775.03015
2023-04-05,uksouth,Storage,,1054.0,20.62,99.88,0,128.24,3.67,5.11,0,0,80.52,841.9782
2023-04-06,eastus,Compute,1053.0,1233.0,92.39,99.88,0,120.34,2.94,4.3,0,0,51.64,427.36353
2023-04-06,eastus,Storage,1280.0,1678.0,28.21,99.88,0,98.53,2.8,2.67,0,0,75.2,467.81204
2023-04-06,westeurope,Compute,2357.0,2954.0,206.98,99.96,0,128.36,3.36,5.36,0,0,54.44,812.2611
2023-04-06,westeurope,Storage,,874.0,15.78,99.85,0,112.85,1.87,3.65,0,0,53.37,971.81586
2023-04-06,southeastasia,Compute,4560.0,6300.0,385.19,99.97,0,108.81,2.52,3.42,0,0,65.09,721.18915
2023-04-06,southeastasia,Storage,760.0,1023.0,17.35,99.98,0,124.26,3.26,3.24,0,0,58.06,557.332
2023-04-06,centralus,Compute,780.0,954.0,63.29,99.97,0,105.54,3.76,2.82,0,0,94.31,479.60284
2023-04-06,centralus,Storage,1323.0,1750.0,29.04,99.95,0,93.25,1.99,1.83,0,0,90.59,219.06444
2023-04-06,uksouth,Compute,845.0,1127.0,69.35,99.91,0,113.94,4.07,3.97,0,0,75.44,897.6202
2023-04-06,uksouth,Storage,1362.0,1666.0,29.77,99.89,0,96.06,2.36,3.81,0,0,97.37,931.8216
2023-04-07,eastus,Compute,1507.0,2058.0,123.15,99.91,0,87.07,4.15,1.31,0,0,72.09,430.5936
2023-04-07,eastus,Storage,325.0,374.0,6.86,100.8,0,99.68,3.7,3.31,0,0,79.36,394.42624
2023-04-07,westeurope,Compute,443.0,572.0,37.59,99.97,0,88.57,3.36,1.12,0,0,75.18,596.15155
2023-04-07,westeurope,Storage,397.0,,8.62,99.97,0,130.53,2.23,1.83,0,0,57.7,1113.1594
2023-04-07,southeastasia,Compute,563.0,706.0,47.8,99.89,0,109.58,2.44,5.5,0,0,84.34,513.38855
2023-04-07,southeastasia,Storage,765.0,1032.0,16.23,99.9,0,127.69,2.85,5.12,0,0,91.18,636.5936
2023-04-07,centralus,Compute,1793.0,2460.0,148.9,99.87,0,91.54,2.83,4.53,0,0,86.46,233.0182
2023-04-07,centralus,Storage,1198.0,1580.0,25.69,99.88,0,105.41,2.41,0.75,0,0,73.34,574.4778
2023-04-07,uksouth,Compute,1278.0,1507.0,103.34,99.91,0,101.99,3.5,5.87,0,0,66.87,563.9622
2023-04-07,uksouth,Storage,282.0,374.0,5.92,99.87,0,95.76,3.17,5.42,0,0,58.64,748.146
2023-04-08,eastus,Compute,1278.0,1539.0,111.96,99.94,1,95.99,2.94,3.88,0,0,76.56,844.0498
2023-04-08,eastus,Storage,,1473.0,28.58,99.91,1,94.05,1.6,1.71,0,0,67.48,880.66376
2023-04-08,westeurope,Compute,1474.0,2019.0,128.01,99.93,1,131.88,4.21,0.79,0,0,96.09,1190.749
2023-04-08,westeurope,Storage,2955.0,3888.0,64.63,99.87,1,133.61,2.36,2.17,0,0,63.64,1007.33356
2023-04-08,southeastasia,Compute,541.0,704.0,43.86,99.87,1,86.1,2.96,3.2,0,0,81.29,320.21237
2023-04-08,southeastasia,Storage,2394.0,2948.0,54.63,99.93,1,98.61,2.99,1.97,0,0,81.44,533.1141
2023-04-08,centralus,Compute,928.0,1115.0,80.29,99.87,1,104.63,1.42,5.01,0,0,97.12,1145.7922
2023-04-08,centralus,Storage,556.0,723.0,12.12,100.8,1,100.44,1.36,4.39,0,0,66.48,1100.8928
2023-04-08,uksouth,Compute,537.0,626.0,45.37,99.91,1,133.01,2.74,1.38,0,0,57.39,841.42706
2023-04-08,uksouth,Storage,480.0,618.0,10.31,99.96,1,105.26,2.8,0.65,0,0,63.81,462.98257
2023-04-09,eastus,Compute,3236.0,4222.0,271.22,99.93,1,106.61,1.69,4.79,0,0,94.59,1003.9481
2023-04-09,eastus,Storage,1184.0,1418.0,25.4,99.96,1,113.37,2.24,4.71,0,0,74.43,222.55115
2023-04-09,westeurope,Compute,895.0,1065.0,72.54,99.95,1,134.71,2.34,3.63,0,0,91.48,1026.6166
2023-04-09,westeurope,Storage,337.0,415.0,7.5,99.97,1,87.27,3.2,3.6,0,0,77.74,903.27673
2023-04-09,southeastasia,Compute,1585.0,1998.0,141.43,99.95,1,119.21,2.25,1.02,0,0,99.64,1433.8792
2023-04-09,southeastasia,Storage,736.0,849.0,15.54,100.8,1,132.69,1.71,2.0,0,0,63.11,545.01965
2023-04-09,centralus,Compute,1954.0,2396.0,168.68,99.92,1,122.17,1.92,5.13,0,0,79.56,807.6165
2023-04-09,centralus,Storage,442.0,541.0,9.98,99.87,1,95.25,2.03,2.89,1,0,80.01,525.795
2023-04-09,uksouth,Compute,765.0,1012.0,,99.9,1,131.05,2.89,3.95,0,0,67.05,761.5758
2023-04-09,uksouth,Storage,248.0,304.0,5.55,99.93,1,117.36,4.1,1.38,0,0,75.01,1103.7158
2023-04-10,eastus,Compute,1723.0,2316.0,144.47,99.93,0,106.33,1.52,4.93,0,0,85.13,755.1169
2023-04-10,eastus,Storage,1208.0,,26.75,99.87,0,104.35,1.53,3.23,0,0,52.49,1142.6409
2023-04-10,westeurope,Compute,1429.0,,124.68,99.89,0,112.86,3.21,1.64,0,0,50.26,412.96692
2023-04-10,westeurope,Storage,4140.0,5499.0,93.75,99.86,0,98.62,3.74,3.14,0,0,63.5,506.65158
2023-04-10,southeastasia,Compute,556.0,711.0,46.98,99.92,0,90.43,1.25,2.37,0,0,96.85,721.1195
2023-04-10,southeastasia,Storage,426.0,567.0,9.48,99.96,0,112.12,3.28,5.8,0,0,69.68,608.62244
2023-04-10,centralus,Compute,1834.0,2281.0,161.97,99.96,0,120.06,2.28,1.27,0,0,79.65,1139.1255
2023-04-10,centralus,Storage,275.0,321.0,,99.97,0,100.59,4.36,2.15,0,0,65.45,1183.0149
2023-04-10,uksouth,Compute,1744.0,2286.0,150.69,99.87,0,114.92,1.53,4.6,0,0,94.17,1088.7817
2023-04-10,uksouth,Storage,671.0,926.0,14.18,99.98,0,129.54,3.29,3.41,0,0,80.32,1009.7428
2023-04-11,eastus,Compute,,1887.0,119.29,99.99,0,89.59,3.58,3.21,0,0,69.76,422.61145
2023-04-11,eastus,Storage,,333.0,5.65,99.91,0,103.84,3.16,4.29,0,0,88.24,1017.5061
2023-04-11,westeurope,Compute,2589.0,3432.0,209.64,99.95,0,131.95,1.79,3.37,0,0,87.58,299.32114
2023-04-11,westeurope,Storage,1385.0,1694.0,29.66,99.92,0,92.39,2.77,4.31,1,0,98.11,1111.3022
2023-04-11,southeastasia,Compute,1106.0,1302.0,89.47,99.99,0,88.68,2.72,5.33,0,0,80.54,951.9908
2023-04-11,southeastasia,Storage,181.0,239.0,3.88,99.86,0,97.88,1.95,1.01,0,0,96.25,1040.8928
2023-04-11,centralus,Compute,764.0,1042.0,63.3,99.87,0,121.12,4.25,0.69,1,0,84.24,304.19928
2023-04-11,centralus,Storage,1315.0,1819.0,29.48,99.97,0,94.75,1.46,2.33,0,0,92.02,638.24677
2023-04-11,uksouth,Compute,1369.0,1596.0,110.99,99.88,0,99.32,2.54,0.92,0,0,67.33,504.54453
2023-04-11,uksouth,Storage,1080.0,1450.0,24.62,99.9,0,88.3,2.56,4.09,0,0,91.28,1083.4469
2023-04-12,eastus,Compute,1608.0,1876.0,134.97,99.98,0,95.86,3.88,0.51,1,0,88.43,1279.9814
2023-04-12,eastus,Storage,833.0,1000.0,19.08,99.97,0,118.23,4.05,5.33,0,0,97.5,253.34447
2023-04-12,westeurope,Compute,1325.0,1649.0,116.25,99.98,0,97.15,3.28,4.22,0,0,73.4,361.01678
2023-04-12,westeurope,Storage,1366.0,1743.0,30.18,99.94,0,103.69,3.38,3.33,1,0,97.02,1022.7347
2023-04-12,southeastasia,Compute,1147.0,1352.0,95.7,99.94,0,124.63,4.42,4.69,0,0,96.38,1122.2457
2023-04-12,southeastasia,Storage,703.0,822.0,15.29,99.97,0,121.95,4.29,0.72,0,0,90.75,1040.7316
2023-04-12,centralus,Compute,5406.0,6433.0,445.55,99.93,0,116.35,2.33,2.56,0,0,57.48,1020.58685
2023-04-12,centralus,Storage,587.0,795.0,12.98,99.97,0,91.3,4.38,5.57,0,0,72.71,969.01544
2023-04-12,uksouth,Compute,1990.0,2658.0,174.74,99.9,0,131.94,1.99,0.94,0,0,67.57,266.83243
2023-04-12,uksouth,Storage,563.0,764.0,12.13,99.97,0,117.49,3.64,2.22,0,0,78.76,875.2016
2023-04-13,eastus,Compute,2441.0,3233.0,211.81,99.94,0,97.55,2.67,4.71,0,0,99.34,1354.6688
2023-04-13,eastus,Storage,667.0,843.0,14.69,99.91,0,106.52,2.81,2.26,0,0,89.75,1071.5515
2023-04-13,westeurope,Compute,2594.0,3292.0,218.29,99.89,0,92.36,3.91,2.97,0,0,78.77,360.63257
2023-04-13,westeurope,Storage,1398.0,1677.0,30.04,99.88,0,117.42,3.88,2.52,0,0,77.33,1013.90765
2023-04-13,southeastasia,Compute,840.0,1175.0,71.14,99.85,0,88.81,1.47,0.81,0,0,55.56,1307.1195
2023-04-13,southeastasia,Storage,871.0,1047.0,20.1,99.87,0,131.1,1.2,2.91,1,0,56.29,1170.3538
2023-04-13,centralus,Compute,2181.0,2932.0,189.96,99.85,0,104.42,2.26,5.85,0,0,72.11,1138.3579
2023-04-13,centralus,Storage,,344.0,5.73,99.98,0,102.89,3.58,5.1,0,0,69.67,816.02625
2023-04-13,uksouth,Compute,1367.0,1724.0,120.82,99.87,0,98.59,1.43,3.31,0,0,51.99,345.77917
2023-04-13,uksouth,Storage,858.0,1163.0,19.04,99.98,0,95.89,3.17,4.1,0,0,73.4,502.06366
2023-04-14,eastus,Compute,1410.0,1877.0,121.19,99.86,0,131.53,1.68,2.98,0,0,94.12,428.92218
2023-04-14,eastus,Storage,586.0,,12.99,99.88,0,120.92,3.44,2.82,1,0,76.64,358.75668
2023-04-14,westeurope,Compute,1943.0,2492.0,159.48,99.94,0,114.74,2.16,1.86,0,0,89.9,1353.405
2023-04-14,westeurope,Storage,623.0,799.0,,99.99,0,115.0,3.4,1.68,0,0,93.24,1340.5938
2023-04-14,southeastasia,Compute,1138.0,1462.0,98.79,99.88,0,123.89,3.14,1.81,0,0,87.95,760.42865
2023-04-14,southeastasia,Storage,,789.0,,99.97,0,128.74,2.97,0.86,0,0,56.73,243.78004
2023-04-14,centralus,Compute,2179.0,2849.0,182.87,100.8,0,134.0,2.63,4.23,0,0,87.4,355.90604
2023-04-14,centralus,Storage,527.0,686.0,11.38,99.9,0,121.58,3.02,4.18,0,0,66.02,818.6415
2023-04-14,uksouth,Compute,1094.0,1419.0,93.0,99.97,0,88.98,4.43,3.04,0,0,81.44,816.30206
2023-04-14,uksouth,Storage,872.0,1100.0,19.53,99.95,0,86.38,3.74,3.21,0,0,71.04,653.34155
2023-04-15,eastus,Compute,2160.0,2990.0,176.83,99.85,1,111.09,3.72,4.07,0,0,84.7,1026.8153
2023-04-15,eastus,Storage,1311.0,1616.0,28.01,99.96,1,89.32,4.13,1.46,0,0,69.92,1100.7781
2023-04-15,westeurope,Compute,1558.0,1823.0,,99.86,1,94.1,3.13,0.94,0,0,99.73,1706.412
2023-04-15,westeurope,Storage,569.0,791.0,12.02,99.96,1,106.99,1.84,4.83,1,0,80.24,383.4317
2023-04-15,southeastasia,Compute,1636.0,2222.0,142.64,99.87,1,117.43,1.69,5.28,0,0,70.03,564.501
2023-04-15,southeastasia,Storage,500.0,,11.18,99.88,1,92.7,1.71,5.35,0,0,95.13,281.77463
2023-04-15,centralus,Compute,983.0,1233.0,82.81,99.89,1,113.03,4.11,1.39,0,0,52.81,233.88908
2023-04-15,centralus,Storage,245.0,303.0,5.34,99.9,1,127.06,4.32,3.51,0,0,85.66,435.25336
2023-04-15,uksouth,Compute,565.0,718.0,,99.86,1,88.53,3.13,4.67,0,0,60.55,1107.9506
2023-04-15,uksouth,Storage,534.0,662.0,11.43,99.93,1,104.54,1.25,0.62,0,0,67.71,1565.783
2023-04-16,eastus,Compute,1248.0,1663.0,,99.98,1,128.59,3.99,5.35,0,0,71.2,1328.557
2023-04-16,eastus,Storage,275.0,361.0,6.18,100.8,1,133.11,2.6,1.82,0,0,78.61,433.16818
2023-04-16,westeurope,Compute,1845.0,2505.0,163.66,99.9,1,102.65,2.69,1.9,0,0,72.47,1432.8956
2023-04-16,westeurope,Storage,431.0,,9.34,99.89,1,96.72,4.21,2.12,0,0,51.1,373.5207
2023-04-16,southeastasia,Compute,740.0,955.0,65.13,99.89,1,128.59,2.71,2.88,0,0,62.55,1222.7477
2023-04-16,southeastasia,Storage,405.0,562.0,8.91,99.99,1,115.4,1.59,0.83,0,0,87.36,593.0274
2023-04-16,centralus,Compute,439.0,600.0,39.04,99.88,1,127.02,2.6,4.84,0,0,85.63,1408.2622
2023-04-16,centralus,Storage,1013.0,1270.0,21.35,99.88,1,128.13,2.26,5.21,0,0,93.91,808.0189
2023-04-16,uksouth,Compute,920.0,,75.48,99.91,1,102.32,3.55,4.48,0,0,83.84,824.1176
2023-04-16,uksouth,Storage,324.0,437.0,,99.93,1,103.82,3.38,5.97,0,0,53.62,1566.4147
2023-04-17,eastus,Compute,2000.0,2575.0,174.33,99.94,0,132.75,1.46,4.74,0,0,84.93,1609.9962
2023-04-17,eastus,Storage,1412.0,1793.0,30.24,99.98,0,96.92,3.62,4.82,0,0,78.62,1174.4668
2023-04-17,westeurope,Compute,1643.0,2097.0,139.92,99.88,0,87.27,1.94,1.77,0,0,67.01,938.8685
2023-04-17,westeurope,Storage,1240.0,1699.0,,99.92,0,131.59,2.65,3.25,0,0,61.05,701.91437
2023-04-17,southeastasia,Compute,1741.0,2199.0,144.63,99.95,0,100.38,3.58,1.58,0,0,68.55,1143.4935
2023-04-17,southeastasia,Storage,,532.0,9.47,99.9,0,89.78,1.71,5.16,0,0,94.0,823.619
2023-04-17,centralus,Compute,687.0,889.0,55.72,99.91,0,114.52,4.36,2.3,0,0,71.68,776.84845
2023-04-17,centralus,Storage,493.0,687.0,11.3,99.93,0,93.83,3.04,4.86,1,0,52.13,1370.2195
2023-04-17,uksouth,Compute,,2421.0,143.17,99.87,0,133.6,2.9,4.67,0,0,50.34,1224.8885
2023-04-17,uksouth,Storage,599.0,765.0,13.05,99.96,0,110.08,3.3,1.52,0,0,74.11,620.03143
2023-04-18,eastus,Compute,952.0,1273.0,77.71,99.85,0,126.83,1.63,1.35,0,0,59.48,803.7512
2023-04-18,eastus,Storage,1212.0,1401.0,25.64,99.98,0,89.76,3.17,5.57,0,0,79.82,2250.9368
2023-04-18,westeurope,Compute,1074.0,,88.04,99.91,0,128.13,1.86,2.97,0,0,60.6,1097.8611
2023-04-18,westeurope,Storage,344.0,447.0,7.67,99.86,0,115.91,2.83,3.17,0,1,71.13,1452.4803
2023-04-18,southeastasia,Compute,917.0,,74.93,99.95,0,110.85,2.43,4.49,0,0,50.79,1569.3363
2023-04-18,southeastasia,Storage,1065.0,,23.1,99.98,0,107.84,3.57,5.82,0,0,65.68,879.2023
2023-04-18,centralus,Compute,1451.0,1970.0,119.81,99.86,0,88.43,2.19,3.05,0,0,58.93,1138.6528
2023-04-18,centralus,Storage,,418.0,7.56,99.94,0,116.81,2.32,1.31,0,0,85.87,1253.2914
2023-04-18,uksouth,Compute,501.0,685.0,44.5,99.88,0,87.27,2.67,5.34,0,0,95.28,512.22894
2023-04-18,uksouth,Storage,1066.0,1349.0,23.91,99.94,0,110.9,3.13,4.89,0,0,83.1,465.29306
2023-04-19,eastus,Compute,978.0,1309.0,82.77,99.85,0,102.35,2.64,1.41,0,0,68.53,954.43304
2023-04-19,eastus,Storage,604.0,726.0,13.08,99.96,0,116.23,2.07,1.43,0,0,93.41,587.7679
2023-04-19,westeurope,Compute,3972.0,5396.0,350.7,99.96,0,132.9,3.99,3.04,0,0,80.41,1523.3557
2023-04-19,westeurope,Storage,745.0,863.0,16.14,99.95,0,123.33,3.16,2.66,0,0,87.76,413.4409
2023-04-19,southeastasia,Compute,629.0,860.0,54.69,99.91,0,131.62,4.26,4.41,0,0,81.41,863.0261
2023-04-19,southeastasia,Storage,725.0,844.0,16.43,99.87,0,105.52,1.97,3.0,0,0,98.91,1343.4023
2023-04-19,centralus,Compute,1718.0,2179.0,142.96,99.95,0,116.77,4.18,1.87,0,0,72.52,794.0023
2023-04-19,centralus,Storage,487.0,664.0,11.05,99.95,0,133.47,4.0,5.6,0,0,64.46,1338.6113
2023-04-19,uksouth,Compute,,1297.0,82.91,99.94,0,119.13,1.21,2.5,0,0,73.4,607.6561
2023-04-19,uksouth,Storage,,696.0,12.66,99.85,0,115.77,2.56,1.48,0,0,91.37,777.7169
2023-04-20,eastus,Compute,1532.0,2108.0,130.61,99.95,0,94.03,3.55,4.07,0,0,60.57,1339.7477
2023-04-20,eastus,Storage,1293.0,1721.0,29.29,99.88,0,100.06,2.53,1.8,0,0,69.01,699.0666
2023-04-20,westeurope,Compute,982.0,,,99.94,0,103.14,3.19,4.99,0,0,60.67,1336.7113
2023-04-20,westeurope,Storage,427.0,517.0,9.48,99.95,0,99.4,2.51,5.71,0,0,55.36,1431.3202
2023-04-20,southeastasia,Compute,1929.0,2629.0,160.98,99.97,0,95.59,1.86,4.72,0,0,86.0,899.13586
2023-04-20,southeastasia,Storage,169.0,,3.87,99.98,0,86.17,1.24,1.66,0,0,87.33,1486.4442
2023-04-20,centralus,Compute,,1793.0,112.51,99.92,0,95.41,4.17,2.28,0,0,88.19,1380.2333
2023-04-20,centralus,Storage,1208.0,1443.0,26.55,99.87,0,111.39,3.91,4.66,0,0,92.61,737.5216
2023-04-20,uksouth,Compute,789.0,976.0,68.0,99.95,0,124.55,3.49,2.31,0,0,51.89,653.2583
2023-04-20,uksouth,Storage,984.0,1149.0,22.37,99.98,0,133.24,2.63,3.93,0,0,51.39,900.6884
2023-04-21,eastus,Compute,2603.0,3322.0,221.92,99.95,0,113.73,1.38,3.58,0,0,86.42,601.99567
2023-04-21,eastus,Storage,1366.0,1878.0,30.75,99.86,0,122.68,2.29,0.63,0,0,72.22,1079.4099
2023-04-21,westeurope,Compute,1341.0,,114.96,99.86,0,97.96,3.11,4.4,0,0,94.59,1293.8042
2023-04-21,westeurope,Storage,1197.0,1662.0,27.14,99.88,0,132.56,3.68,1.35,0,0,54.84,955.0802
2023-04-21,southeastasia,Compute,1711.0,2368.0,,99.91,0,114.9,3.89,5.44,0,0,77.0,368.04608
2023-04-21,southeastasia,Storage,518.0,643.0,11.81,99.91,0,131.76,3.65,4.39,0,0,55.26,449.368
2023-04-21,centralus,Compute,2108.0,2478.0,186.36,100.8,0,101.35,3.76,2.78,0,0,88.03,1393.2798
2023-04-21,centralus,Storage,2248.0,2769.0,48.78,99.99,0,121.88,3.75,2.13,0,0,62.99,628.47107
2023-04-21,uksouth,Compute,714.0,962.0,58.18,99.92,0,106.33,3.86,2.85,0,0,79.1,659.5269
2023-04-21,uksouth,Storage,491.0,579.0,10.41,99.9,0,111.2,1.2,1.54,0,0,58.3,2192.8315
2023-04-22,eastus,Compute,1680.0,2214.0,137.9,99.95,1,111.18,3.89,1.45,0,0,89.94,511.51996
2023-04-22,eastus,Storage,,1452.0,28.15,99.91,1,130.36,2.56,2.93,0,0,88.31,1355.1509
2023-04-22,westeurope,Compute,1130.0,1418.0,100.35,99.93,1,105.81,2.27,3.72,0,0,61.54,1779.3245
2023-04-22,westeurope,Storage,1105.0,,23.95,99.94,1,103.56,4.26,4.02,0,0,51.93,861.1206
2023-04-22,southeastasia,Compute,,570.0,39.29,99.92,1,104.79,3.78,0.9,0,0,66.74,1530.4038
2023-04-22,southeastasia,Storage,547.0,,,99.91,1,117.55,3.52,5.41,0,0,80.44,1132.6064
2023-04-22,centralus,Compute,759.0,947.0,,99.98,1,93.6,2.13,1.11,0,0,71.76,909.8868
2023-04-22,centralus,Storage,1728.0,,,99.98,1,126.72,2.57,3.98,0,0,66.65,538.705
2023-04-22,uksouth,Compute,1820.0,,154.99,100.8,1,114.04,3.34,0.83,0,0,65.54,1420.3102
2023-04-22,uksouth,Storage,280.0,340.0,6.37,99.94,1,132.0,1.5,0.79,0,0,83.96,1550.956
2023-04-23,eastus,Compute,1689.0,2344.0,147.51,99.9,1,105.61,3.56,2.17,0,0,56.74,1612.3127
2023-04-23,eastus,Storage,532.0,705.0,11.31,99.9,1,129.15,2.6,5.75,0,0,51.77,1243.2045
2023-04-23,westeurope,Compute,1008.0,1313.0,85.79,99.96,1,108.52,2.3,4.45,0,0,63.99,1260.2007
2023-04-23,westeurope,Storage,214.0,268.0,4.75,99.88,1,110.63,1.94,1.74,0,0,58.17,1496.1445
2023-04-23,southeastasia,Compute,1658.0,2058.0,136.2,99.97,1,121.16,3.39,2.13,0,0,81.99,764.07355
2023-04-23,southeastasia,Storage,161.0,223.0,3.68,99.87,1,117.62,1.22,3.98,0,0,79.4,375.4679
2023-04-23,centralus,Compute,834.0,1155.0,,99.88,1,114.18,3.72,0.55,0,0,73.16,878.21014
2023-04-23,centralus,Storage,830.0,1148.0,17.86,99.9,1,106.57,1.54,2.72,0,0,94.31,818.60004
2023-04-23,uksouth,Compute,1223.0,1514.0,107.51,99.85,1,123.64,3.44,3.39,0,0,96.48,941.2765
2023-04-23,uksouth,Storage,818.0,995.0,,99.93,1,92.42,1.77,2.46,0,0,83.19,861.0021
2023-04-24,eastus,Compute,2370.0,2757.0,208.81,99.98,0,124.68,2.61,5.97,0,0,58.52,510.96057
2023-04-24,eastus,Storage,947.0,1166.0,19.99,99.89,0,95.6,3.03,2.83,0,0,57.74,464.61835
2023-04-24,westeurope,Compute,,1019.0,69.13,99.93,0,88.19,1.3,5.45,1,0,64.9,496.41974
2023-04-24,westeurope,Storage,655.0,833.0,13.9,99.9,0,118.16,3.19,1.21,0,0,56.96,1503.8599
2023-04-24,southeastasia,Compute,1721.0,2281.0,151.64,99.97,0,102.58,4.47,0.66,0,0,72.02,1132.4586
2023-04-24,southeastasia,Storage,390.0,,8.46,99.98,0,123.09,2.06,5.69,0,0,56.81,1399.0618
2023-04-24,centralus,Compute,,,,99.93,0,88.74,3.44,5.44,0,0,99.57,1809.2546
2023-04-24,centralus,Storage,709.0,972.0,16.0,99.92,0,106.52,2.7,5.37,0,0,96.99,1216.1948
2023-04-24,uksouth,Compute,1222.0,1619.0,100.52,99.92,0,106.94,3.37,3.08,0,0,52.42,1406.0177
2023-04-24,uksouth,Storage,1155.0,1535.0,,99.88,0,125.76,3.06,1.11,0,0,76.88,1936.572
2023-04-25,eastus,Compute,2669.0,3136.0,230.89,99.96,0,98.84,3.41,4.28,0,0,69.93,1041.4589
2023-04-25,eastus,Storage,743.0,957.0,16.42,99.93,0,126.0,4.17,1.65,0,0,96.22,672.5061
2023-04-25,westeurope,Compute,,,178.98,99.96,0,128.85,4.27,3.96,0,0,50.65,922.26575
2023-04-25,westeurope,Storage,522.0,676.0,11.84,99.87,0,85.9,1.39,0.67,0,0,92.87,1859.137
2023-04-25,southeastasia,Compute,540.0,688.0,46.72,99.98,0,130.8,3.33,1.41,0,0,55.17,374.7729
2023-04-25,southeastasia,Storage,561.0,,11.91,99.97,0,131.2,3.02,4.82,0,0,95.24,453.85544
2023-04-25,centralus,Compute,2343.0,2930.0,208.07,99.92,0,89.03,2.1,3.04,0,0,84.8,2255.4656
2023-04-25,centralus,Storage,396.0,471.0,,99.92,0,114.5,1.54,2.18,0,0,62.57,1747.8141
2023-04-25,uksouth,Compute,426.0,515.0,36.18,99.91,0,111.67,1.81,3.44,0,0,79.3,1016.3063
2023-04-25,uksouth,Storage,648.0,872.0,14.36,99.94,0,118.56,3.15,0.59,0,0,76.71,1777.4541
2023-04-26,eastus,Compute,510.0,632.0,41.5,99.97,0,120.59,3.86,4.88,0,0,61.68,492.07297
2023-04-26,eastus,Storage,1111.0,1472.0,23.62,99.96,0,94.06,3.04,0.92,0,0,55.25,413.9662
2023-04-26,westeurope,Compute,1853.0,2227.0,164.38,99.97,0,123.51,1.89,1.69,0,0,59.38,1310.1141
2023-04-26,westeurope,Storage,1405.0,1862.0,29.54,99.86,0,101.75,3.61,1.14,0,0,82.58,687.0916
2023-04-26,southeastasia,Compute,1237.0,1494.0,105.89,99.97,0,89.86,1.21,4.28,0,0,97.88,1379.2439
2023-04-26,southeastasia,Storage,899.0,1242.0,,99.98,0,117.55,3.76,5.4,0,0,73.6,1139.5679
2023-04-26,centralus,Compute,1573.0,2141.0,135.81,99.91,0,112.8,2.34,2.86,0,0,56.7,2238.101
2023-04-26,centralus,Storage,1153.0,1400.0,24.41,99.98,0,120.23,1.78,5.01,0,0,63.81,876.1578
2023-04-26,uksouth,Compute,1082.0,1349.0,88.02,99.87,0,114.86,2.44,0.53,0,0,65.69,1501.2583
2023-04-26,uksouth,Storage,628.0,828.0,14.29,99.94,0,100.5,1.21,4.07,0,0,51.96,471.18472
2023-04-27,eastus,Compute,1979.0,2711.0,165.03,99.88,0,121.53,1.86,1.82,0,0,62.38,855.8443
2023-04-27,eastus,Storage,1159.0,1551.0,25.2,99.96,0,122.14,3.82,1.53,0,0,64.21,1836.6743
2023-04-27,westeurope,Compute,1529.0,1804.0,126.3,99.88,0,128.92,1.82,3.92,0,0,57.06,1253.8007
2023-04-27,westeurope,Storage,254.0,317.0,5.82,99.87,0,99.28,1.42,2.59,0,0,96.25,1078.3822
2023-04-27,southeastasia,Compute,1077.0,1301.0,93.8,99.92,0,115.17,3.15,2.77,0,0,95.39,998.4958
2023-04-27,southeastasia,Storage,569.0,747.0,12.02,99.92,0,103.76,2.97,5.19,0,0,88.34,527.87427
2023-04-27,centralus,Compute,1451.0,1731.0,126.39,99.94,0,128.6,2.11,2.12,0,0,73.12,559.8829
2023-04-27,centralus,Storage,544.0,662.0,12.53,99.89,0,129.37,4.26,4.46,0,0,95.98,1949.651
2023-04-27,uksouth,Compute,510.0,609.0,41.21,99.99,0,116.46,2.77,5.7,0,0,83.51,1041.7306
2023-04-27,uksouth,Storage,1133.0,1499.0,25.15,99.93,0,118.15,3.19,1.42,0,0,87.22,892.8945
2023-04-28,eastus,Compute,1956.0,,159.82,99.89,0,113.77,2.52,1.87,1,0,55.27,407.96698
2023-04-28,eastus,Storage,1405.0,1654.0,,99.92,0,98.91,3.92,4.56,0,0,93.06,1319.6829
2023-04-28,westeurope,Compute,,2639.0,183.51,99.9,0,128.06,4.31,2.58,0,0,77.69,1547.813
2023-04-28,westeurope,Storage,,,5.93,99.88,0,129.19,2.36,0.61,0,0,81.13,1845.1661
2023-04-28,southeastasia,Compute,1828.0,2478.0,161.7,99.9,0,100.51,2.99,5.91,0,0,59.66,896.11334
2023-04-28,southeastasia,Storage,956.0,1139.0,21.97,99.88,0,134.56,3.51,3.95,0,0,56.31,1599.6375
2023-04-28,centralus,Compute,715.0,922.0,63.4,99.89,0,123.2,2.75,1.67,0,0,54.75,984.5025
2023-04-28,centralus,Storage,685.0,793.0,15.65,99.92,0,124.27,4.33,1.68,0,0,92.22,1181.9127
2023-04-28,uksouth,Compute,1613.0,2145.0,141.9,99.87,0,101.48,2.99,4.36,0,0,50.69,881.1702
2023-04-28,uksouth,Storage,593.0,793.0,13.48,99.87,0,109.54,4.22,4.16,0,0,83.07,745.5267
2023-04-29,eastus,Compute,1448.0,1809.0,117.32,99.9,1,95.14,1.63,5.38,0,0,95.99,1560.7449
2023-04-29,eastus,Storage,759.0,1021.0,17.45,99.85,1,107.86,4.5,4.96,0,0,85.64,1634.2356
2023-04-29,westeurope,Compute,1817.0,2479.0,152.73,99.93,1,93.8,4.45,5.61,0,0,71.83,1847.7748
2023-04-29,westeurope,Storage,219.0,257.0,4.73,99.88,1,123.08,2.87,4.99,0,0,93.81,816.1443
2023-04-29,southeastasia,Compute,458.0,557.0,40.82,99.98,1,112.12,1.5,4.32,0,0,61.95,441.4622
2023-04-29,southeastasia,Storage,706.0,872.0,15.11,99.86,1,130.33,1.97,5.42,0,0,68.61,1439.6041
2023-04-29,centralus,Compute,1005.0,1243.0,87.52,99.86,1,103.49,1.56,0.8,0,0,72.65,1220.3386
2023-04-29,centralus,Storage,804.0,1082.0,18.16,99.93,1,92.52,4.3,2.23,0,1,71.46,1434.508
2023-04-29,uksouth,Compute,1050.0,1332.0,86.5,99.9,1,121.17,4.4,3.08,0,0,88.74,1242.6156
2023-04-29,uksouth,Storage,511.0,698.0,10.98,99.88,1,129.96,3.47,1.8,0,0,65.46,369.90457
2023-04-30,eastus,Compute,1248.0,1715.0,107.44,99.94,1,127.63,2.54,4.54,0,0,83.01,1481.3679
2023-04-30,eastus,Storage,453.0,599.0,9.54,100.8,1,87.35,4.39,3.66,0,0,74.46,1132.066
2023-04-30,westeurope,Compute,1008.0,1323.0,85.05,99.97,1,118.13,1.5,3.13,0,0,95.27,561.5126
2023-04-30,westeurope,Storage,,482.0,8.25,99.87,1,127.71,3.8,3.6,0,0,76.24,553.01624
2023-04-30,southeastasia,Compute,348.0,450.0,30.84,99.98,1,99.48,1.25,2.92,0,0,80.18,1329.116
2023-04-30,southeastasia,Storage,695.0,942.0,15.23,99.86,1,117.57,3.6,1.06,0,0,72.08,1690.6926
2023-04-30,centralus,Compute,2487.0,2900.0,210.35,99.89,1,125.8,2.57,1.08,0,0,97.5,1093.1622
2023-04-30,centralus,Storage,,951.0,15.77,99.86,1,111.98,3.3,4.03,0,0,61.02,1596.8494
2023-04-30,uksouth,Compute,1213.0,1643.0,,99.86,1,91.35,2.59,2.34,0,0,96.94,1672.3323
2023-04-30,uksouth,Storage,635.0,803.0,14.46,99.91,1,127.03,4.37,2.79,0,0,50.14,1625.5784
2023-05-01,eastus,Compute,1436.0,1916.0,124.46,99.9,0,123.79,4.36,4.29,0,0,80.47,1248.5592
2023-05-01,eastus,Storage,,798.0,14.9,99.94,0,129.55,1.44,4.12,0,0,65.86,841.4372
2023-05-01,westeurope,Compute,2118.0,2471.0,185.08,99.96,0,125.32,1.3,0.68,0,0,83.5,341.65308
2023-05-01,westeurope,Storage,947.0,1270.0,21.25,99.87,0,113.01,2.29,5.84,0,0,66.59,960.6177
2023-05-01,southeastasia,Compute,1694.0,1976.0,138.76,99.87,0,100.64,3.95,0.82,0,0,77.67,1362.1416
2023-05-01,southeastasia,Storage,,955.0,14.91,99.9,0,91.14,2.22,5.07,1,0,52.99,1161.7803
2023-05-01,centralus,Compute,1898.0,2313.0,155.42,99.86,0,105.0,2.62,5.28,0,0,89.41,1530.9154
2023-05-01,centralus,Storage,,304.0,5.26,99.96,0,91.45,3.68,4.5,0,0,83.74,1496.488
2023-05-01,uksouth,Compute,,1044.0,72.41,99.98,0,87.54,3.54,4.98,0,0,96.03,864.36005
2023-05-01,uksouth,Storage,789.0,929.0,17.52,99.88,0,112.09,2.57,4.86,0,0,84.25,1062.4122
2023-05-02,eastus,Compute,2487.0,2986.0,203.26,99.88,0,113.95,2.05,2.39,0,0,56.91,1042.7385
2023-05-02,eastus,Storage,971.0,1311.0,21.49,99.87,0,85.42,1.26,2.82,0,0,81.15,1528.6835
2023-05-02,westeurope,Compute,2285.0,2713.0,200.81,99.87,0,90.25,2.65,2.9,0,0,74.19,594.5343
2023-05-02,westeurope,Storage,207.0,245.0,4.66,99.96,0,94.81,3.44,5.62,0,0,72.14,959.98444
2023-05-02,southeastasia,Compute,1070.0,1472.0,88.43,99.87,0,104.05,1.81,2.66,0,0,78.4,754.25226
2023-05-02,southeastasia,Storage,827.0,1110.0,17.86,99.94,0,116.28,1.5,2.05,0,0,68.98,896.7673
2023-05-02,centralus,Compute,2030.0,2546.0,176.86,99.88,0,126.56,2.33,3.05,0,0,97.63,822.6017
2023-05-02,centralus,Storage,452.0,590.0,9.98,99.9,0,108.08,2.34,2.85,0,0,68.08,861.2622
2023-05-02,uksouth,Compute,3156.0,4316.0,266.93,99.93,0,121.99,2.44,1.61,0,0,82.27,1206.5278
2023-05-02,uksouth,Storage,991.0,,,99.85,0,109.62,2.64,3.5,0,0,60.43,967.9911
2023-05-03,eastus,Compute,1468.0,1702.0,124.34,99.87,0,102.42,2.11,5.87,0,0,93.92,1810.9807
2023-05-03,eastus,Storage,1256.0,1670.0,27.77,99.95,0,98.66,1.36,0.81,0,0,76.88,904.79156
2023-05-03,westeurope,Compute,2258.0,2988.0,191.22,99.89,0,106.39,2.1,3.93,0,0,52.29,1726.4828
2023-05-03,westeurope,Storage,781.0,,17.82,99.89,0,89.41,3.84,5.28,0,0,51.54,577.9571
2023-05-03,southeastasia,Compute,423.0,524.0,37.32,99.99,0,104.79,3.76,1.43,0,0,60.36,841.11035
2023-05-03,southeastasia,Storage,515.0,592.0,,99.92,0,107.58,4.31,4.52,0,0,92.6,731.7608
2023-05-03,centralus,Compute,1201.0,1458.0,101.54,99.88,0,120.51,4.2,0.51,0,0,95.36,852.39484
2023-05-03,centralus,Storage,570.0,760.0,12.56,99.95,0,115.57,1.79,3.98,0,0,66.01,796.4098
2023-05-03,uksouth,Compute,1775.0,2287.0,150.19,99.89,0,105.99,3.62,2.78,0,0,77.76,1138.8286
2023-05-03,uksouth,Storage,925.0,1135.0,20.64,99.89,0,102.31,2.92,2.89,0,0,80.25,1594.9713
2023-05-04,eastus,Compute,535.0,697.0,45.02,99.97,0,87.08,3.57,1.29,0,0,83.96,1675.7031
2023-05-04,eastus,Storage,402.0,519.0,8.94,99.89,0,134.4,3.79,2.27,0,0,50.57,367.70645
2023-05-04,westeurope,Compute,711.0,840.0,57.82,99.86,0,134.01,2.85,1.13,0,0,54.72,594.3089
2023-05-04,westeurope,Storage,1028.0,1193.0,22.62,99.9,0,119.3,1.33,3.94,0,1,87.5,359.99335
2023-05-04,southeastasia,Compute,1627.0,2210.0,143.12,99.85,0,109.99,2.38,5.88,0,0,62.22,1094.2035
2023-05-04,southeastasia,Storage,209.0,271.0,4.41,99.98,0,90.89,2.91,5.21,0,0,68.66,655.52374
2023-05-04,centralus,Compute,1696.0,2186.0,141.96,99.88,0,115.83,3.8,2.92,0,0,98.95,752.945
2023-05-04,centralus,Storage,,3124.0,50.97,99.98,0,125.16,2.85,2.19,0,0,77.09,584.56433
2023-05-04,uksouth,Compute,1744.0,2152.0,149.7,99.97,0,94.08,3.74,0.77,0,0,95.78,1079.027
2023-05-04,uksouth,Storage,538.0,672.0,11.39,99.92,0,110.83,2.45,0.8,0,0,63.86,384.76514
2023-05-05,eastus,Compute,1889.0,2499.0,153.99,99.97,0,93.97,1.77,4.54,0,0,66.78,825.4801
2023-05-05,eastus,Storage,380.0,514.0,8.58,99.97,0,99.62,2.56,0.84,0,0,90.27,964.96436
2023-05-05,westeurope,Compute,1445.0,1877.0,,99.94,0,92.2,2.11,1.49,0,0,93.74,1833.9867
2023-05-05,westeurope,Storage,1244.0,1708.0,26.8,99.9,0,108.35,1.5,5.04,0,0,96.11,1523.466
2023-05-05,southeastasia,Compute,,1927.0,140.0,99.91,0,117.78,3.69,3.59,0,0,79.63,1620.2609
2023-05-05,southeastasia,Storage,309.0,376.0,6.67,99.94,0,118.26,1.29,5.49,0,0,50.52,1393.7777
2023-05-05,centralus,Compute,4326.0,5323.0,361.12,99.92,0,118.73,3.34,4.64,0,0,75.32,677.2198
2023-05-05,centralus,Storage,452.0,602.0,,99.95,0,112.32,2.38,4.15,0,0,77.47,552.2685
2023-05-05,uksouth,Compute,977.0,1289.0,81.77,99.86,0,96.97,2.48,5.98,0,0,88.12,1006.7745
2023-05-05,uksouth,Storage,694.0,968.0,16.02,99.96,0,108.65,3.01,2.26,0,0,88.57,682.335
2023-05-06,eastus,Compute,3900.0,5008.0,319.06,99.9,1,89.37,4.36,4.63,0,0,66.71,820.45953
2023-05-06,eastus,Storage,959.0,1166.0,22.02,99.95,1,131.47,3.1,5.49,0,0,75.16,1502.5208
2023-05-06,westeurope,Compute,1033.0,1215.0,86.47,100.8,1,102.96,2.29,4.73,0,0,92.91,991.7971
2023-05-06,westeurope,Storage,321.0,,6.92,99.93,1,88.32,4.21,2.98,0,0,74.08,669.4088
2023-05-06,southeastasia,Compute,1146.0,1337.0,99.42,99.98,1,133.68,2.09,1.61,0,0,64.8,585.6535
2023-05-06,southeastasia,Storage,774.0,933.0,,99.98,1,113.68,1.22,1.84,0,0,99.65,879.0855
2023-05-06,centralus,Compute,966.0,1286.0,79.76,99.93,1,120.03,3.56,5.91,0,0,94.01,1192.1631
2023-05-06,centralus,Storage,771.0,1047.0,17.67,99.95,1,93.08,1.5,3.46,0,0,95.31,1204.6713
2023-05-06,uksouth,Compute,,439.0,27.11,99.97,1,131.86,1.49,1.39,0,0,53.09,1444.9803
2023-05-06,uksouth,Storage,972.0,,21.13,99.93,1,129.08,4.38,5.37,0,0,72.09,1504.8613
2023-05-07,eastus,Compute,1379.0,1673.0,116.61,99.87,1,97.71,1.52,2.85,0,0,71.87,370.65646
2023-05-07,eastus,Storage,650.0,808.0,14.21,99.91,1,132.44,3.71,2.11,0,0,90.61,636.663
2023-05-07,westeurope,Compute,805.0,1071.0,68.77,99.99,1,130.4,3.92,0.69,0,0,76.08,642.1819
2023-05-07,westeurope,Storage,880.0,1041.0,19.66,99.86,1,101.67,4.43,1.17,0,0,83.47,1219.0327
2023-05-07,southeastasia,Compute,438.0,526.0,38.87,99.98,1,128.5,1.55,1.78,0,0,80.24,967.28186
2023-05-07,southeastasia,Storage,333.0,438.0,7.48,99.89,1,100.21,3.53,1.46,0,0,67.56,649.8853
2023-05-07,centralus,Compute,919.0,1132.0,76.68,99.86,1,132.84,3.85,4.68,1,0,59.03,759.59937
2023-05-07,centralus,Storage,695.0,,15.95,99.98,1,113.9,2.42,2.27,0,0,64.79,553.3433
2023-05-07,uksouth,Compute,1578.0,2097.0,128.37,99.95,1,91.79,1.5,2.69,0,0,73.16,413.91684
2023-05-07,uksouth,Storage,351.0,465.0,7.54,99.91,1,126.56,4.0,1.24,0,0,94.51,894.3353
2023-05-08,eastus,Compute,2060.0,2839.0,171.66,99.85,0,86.32,1.35,1.21,0,0,71.0,965.1391
2023-05-08,eastus,Storage,,1061.0,17.87,99.85,0,113.96,1.97,2.38,0,0,52.38,1326.2694
2023-05-08,westeurope,Compute,648.0,860.0,57.03,99.91,0,111.11,3.66,1.74,0,0,94.72,1208.0812
2023-05-08,westeurope,Storage,1258.0,1486.0,28.95,99.93,0,108.46,2.51,1.65,0,0,78.38,1036.8065
2023-05-08,southeastasia,Compute,1287.0,1684.0,105.18,99.95,0,113.24,4.39,4.54,0,0,74.11,883.299
2023-05-08,southeastasia,Storage,559.0,676.0,,99.9,0,91.24,3.16,3.25,0,0,81.64,2045.598
2023-05-08,centralus,Compute,421.0,510.0,,99.94,0,85.16,3.82,1.84,0,0,88.18,1083.8131
2023-05-08,centralus,Storage,423.0,492.0,9.59,99.85,0,114.05,3.87,5.42,0,0,97.56,1029.7267
2023-05-08,uksouth,Compute,775.0,954.0,67.69,99.98,0,132.03,2.93,5.91,0,0,94.42,638.517
2023-05-08,uksouth,Storage,353.0,440.0,8.08,100.8,0,116.54,2.36,1.09,0,0,54.96,1286.6293
2023-05-09,eastus,Compute,2366.0,2810.0,,99.86,0,95.39,3.0,1.23,0,0,84.86,1011.8217
2023-05-09,eastus,Storage,669.0,811.0,14.85,99.9,0,122.61,2.43,1.87,0,0,76.82,410.69794
2023-05-09,westeurope,Compute,1533.0,1863.0,128.17,99.89,0,88.89,3.85,2.53,0,0,80.1,606.75946
2023-05-09,westeurope,Storage,3255.0,4039.0,69.95,99.9,0,131.53,1.44,3.05,0,0,83.85,1007.3814
2023-05-09,southeastasia,Compute,799.0,974.0,65.05,99.93,0,103.3,2.32,3.02,0,0,76.18,633.90753
2023-05-09,southeastasia,Storage,259.0,359.0,5.9,99.91,0,102.06,2.73,4.01,0,0,71.55,1258.4973
2023-05-09,centralus,Compute,,1945.0,146.95,99.97,0,115.25,3.68,4.77,0,0,89.61,721.9091
2023-05-09,centralus,Storage,392.0,503.0,8.9,99.94,0,113.63,3.34,3.05,0,0,75.45,313.30713
2023-05-09,uksouth,Compute,851.0,1158.0,74.38,99.93,0,97.61,4.04,0.66,0,0,74.27,764.9396
2023-05-09,uksouth,Storage,850.0,1170.0,18.82,99.96,0,115.54,3.09,1.22,0,0,72.72,248.39105
2023-05-10,eastus,Compute,895.0,1129.0,74.92,99.94,0,115.4,2.33,2.39,0,0,85.93,487.86365
2023-05-10,eastus,Storage,1269.0,1486.0,27.8,99.9,0,115.01,4.25,4.04,0,0,63.24,2182.5447
2023-05-10,westeurope,Compute,1583.0,2117.0,132.48,99.92,0,114.52,1.44,4.41,0,0,86.19,1046.3997
2023-05-10,westeurope,Storage,1205.0,1404.0,26.26,99.88,0,105.25,2.52,2.02,0,0,94.67,1039.0643
2023-05-10,southeastasia,Compute,676.0,789.0,,100.8,0,109.01,4.18,2.64,0,0,92.81,1328.0319
2023-05-10,southeastasia,Storage,760.0,964.0,17.3,99.91,0,85.66,1.38,2.91,0,0,99.1,387.2722
2023-05-10,centralus,Compute,6609.0,7659.0,545.67,99.91,0,128.98,1.27,3.3,0,0,65.78,988.17065
2023-05-10,centralus,Storage,246.0,296.0,5.17,99.91,0,89.89,2.58,0.55,0,0,89.78,910.8082
2023-05-10,uksouth,Compute,,1724.0,107.67,99.9,0,130.69,3.64,4.68,0,0,75.44,469.96606
2023-05-10,uksouth,Storage,1119.0,1513.0,25.39,99.93,0,85.42,3.95,0.64,0,0,60.94,1446.0792
2023-05-11,eastus,Compute,1592.0,1903.0,,99.96,0,129.19,4.04,1.05,0,0,92.19,739.4758
2023-05-11,eastus,Storage,666.0,857.0,14.79,99.89,0,105.19,3.24,1.63,0,0,77.62,1380.996
2023-05-11,westeurope,Compute,801.0,1115.0,70.72,99.86,0,126.79,1.58,4.3,0,0,50.43,615.37445
2023-05-11,westeurope,Storage,,519.0,9.11,99.95,0,113.54,1.39,0.64,0,0,91.14,955.1882
2023-05-11,southeastasia,Compute,360.0,484.0,31.97,99.93,0,92.87,1.42,1.82,0,0,84.9,1771.5083
2023-05-11,southeastasia,Storage,304.0,368.0,6.51,99.91,0,104.52,3.03,1.01,0,0,62.87,491.45477
2023-05-11,centralus,Compute,2216.0,2975.0,179.61,99.93,0,102.72,3.49,2.06,0,0,89.48,1956.1372
2023-05-11,centralus,Storage,850.0,1093.0,19.63,99.97,0,128.07,4.45,3.38,0,0,56.27,804.8904
2023-05-11,uksouth,Compute,,1864.0,134.78,99.87,0,110.1,3.39,0.8,0,0,85.89,961.7383
2023-05-11,uksouth,Storage,712.0,819.0,15.22,99.88,0,105.65,3.33,1.34,0,0,70.97,779.5489
2023-05-12,eastus,Compute,703.0,839.0,58.24,99.87,0,101.76,2.78,1.91,0,0,77.77,898.87506
2023-05-12,eastus,Storage,289.0,,6.44,99.99,0,97.7,1.65,2.78,0,0,78.2,756.83014
2023-05-12,westeurope,Compute,1119.0,1358.0,92.76,99.92,0,128.74,4.11,4.6,0,0,73.94,815.4945
2023-05-12,westeurope,Storage,1017.0,1372.0,22.16,99.94,0,93.45,3.63,4.83,0,0,73.14,257.6415
2023-05-12,southeastasia,Compute,1816.0,2336.0,160.47,99.89,0,85.65,3.5,1.5,0,0,63.34,840.4198
2023-05-12,southeastasia,Storage,609.0,763.0,13.28,99.94,0,90.18,3.3,2.99,0,0,73.7,295.75635
2023-05-12,centralus,Compute,1428.0,1923.0,116.14,99.85,0,123.34,2.16,5.38,0,0,55.47,746.0337
2023-05-12,centralus,Storage,1446.0,1912.0,30.94,99.98,0,116.17,1.55,0.59,1,0,95.58,338.4946
2023-05-12,uksouth,Compute,1882.0,2287.0,161.5,99.98,0,115.32,3.88,3.04,0,0,89.37,863.4132
2023-05-12,uksouth,Storage,1050.0,1451.0,23.1,99.92,0,103.16,3.54,2.66,0,0,76.44,1150.7263
2023-05-13,eastus,Compute,466.0,581.0,40.54,99.93,1,107.9,4.48,1.52,0,0,58.98,772.0651
2023-05-13,eastus,Storage,275.0,365.0,6.2,99.95,1,123.88,2.76,0.8,0,0,82.31,960.5713
2023-05-13,westeurope,Compute,648.0,,53.91,99.98,1,126.38,3.87,0.9,0,0,84.23,1256.6715
2023-05-13,westeurope,Storage,774.0,1009.0,17.03,99.89,1,89.79,1.89,4.57,0,0,70.17,231.38736
2023-05-13,southeastasia,Compute,654.0,783.0,58.29,99.93,1,94.53,1.75,5.24,0,0,94.35,840.54144
2023-05-13,southeastasia,Storage,,751.0,12.99,99.9,1,104.8,2.68,4.54,0,0,69.91,1385.1282
2023-05-13,centralus,Compute,3498.0,4080.0,288.47,99.91,1,131.67,1.79,2.7,0,0,80.73,590.0307
2023-05-13,centralus,Storage,923.0,1125.0,19.93,99.9,1,102.03,2.96,1.86,0,0,70.3,926.51746
2023-05-13,uksouth,Compute,1510.0,1833.0,126.82,99.95,1,97.42,2.99,4.13,0,0,74.63,572.3992
2023-05-13,uksouth,Storage,173.0,216.0,3.97,99.86,1,123.3,1.51,1.59,0,0,83.33,1189.7844
2023-05-14,eastus,Compute,2456.0,3152.0,204.47,99.88,1,96.5,2.54,1.44,0,0,86.44,820.9529
2023-05-14,eastus,Storage,880.0,1137.0,19.21,100.8,1,129.22,2.78,0.54,0,0,86.52,920.54376
2023-05-14,westeurope,Compute,547.0,649.0,45.89,99.98,1,124.79,3.17,4.73,0,0,79.98,922.95886
2023-05-14,westeurope,Storage,380.0,500.0,8.48,99.86,1,115.19,3.79,0.5,0,0,56.41,377.38293
2023-05-14,southeastasia,Compute,585.0,714.0,50.33,99.89,1,103.28,3.66,3.66,0,0,85.21,1192.3636
2023-05-14,southeastasia,Storage,383.0,498.0,8.46,99.96,1,109.27,2.12,1.35,0,0,69.87,1146.0281
2023-05-14,centralus,Compute,514.0,657.0,43.85,99.89,1,115.68,2.53,4.73,0,0,57.39,406.36502
2023-05-14,centralus,Storage,535.0,625.0,11.59,99.92,1,107.35,2.72,5.33,0,0,57.39,807.0121
2023-05-14,uksouth,Compute,1494.0,1995.0,129.38,99.85,1,115.03,3.96,2.24,0,0,95.02,239.52959
2023-05-14,uksouth,Storage,162.0,188.0,3.71,100.8,1,110.82,1.94,2.61,0,0,87.4,771.93005
2023-05-15,eastus,Compute,2187.0,2528.0,193.22,99.99,0,106.67,2.7,1.29,0,0,99.72,926.33
2023-05-15,eastus,Storage,1047.0,1209.0,22.65,99.85,0,111.06,2.85,4.65,1,0,94.56,765.71716
2023-05-15,westeurope,Compute,1084.0,1446.0,91.64,99.91,0,117.96,3.6,5.63,0,0,67.11,918.7387
2023-05-15,westeurope,Storage,793.0,1017.0,17.43,99.97,0,112.71,1.73,3.94,0,0,79.05,778.79346
2023-05-15,southeastasia,Compute,1404.0,1844.0,119.26,99.95,0,99.04,2.67,0.58,0,0,55.22,1002.0581
2023-05-15,southeastasia,Storage,776.0,949.0,17.46,99.92,0,112.27,3.18,2.98,0,0,99.29,738.42523
2023-05-15,centralus,Compute,1257.0,1456.0,103.3,99.97,0,131.54,1.73,4.54,0,0,71.8,775.6702
2023-05-15,centralus,Storage,559.0,669.0,11.72,99.98,0,113.69,2.93,4.38,0,0,56.66,1024.5117
2023-05-15,uksouth,Compute,927.0,1150.0,78.24,99.86,0,113.23,1.21,1.33,0,0,74.29,1284.8911
2023-05-15,uksouth,Storage,646.0,788.0,14.56,99.97,0,91.24,3.13,3.87,0,0,62.84,1029.4554
2023-05-16,eastus,Compute,,1902.0,121.51,99.88,0,121.38,3.79,0.91,0,0,79.29,943.7063
2023-05-16,eastus,Storage,519.0,671.0,11.95,99.94,0,105.49,2.49,0.63,1,0,74.51,1207.4265
2023-05-16,westeurope,Compute,904.0,1061.0,73.56,99.88,0,103.84,1.78,3.05,0,0,98.34,1121.9088
2023-05-16,westeurope,Storage,1213.0,1452.0,26.42,99.97,0,116.86,2.2,4.04,0,0,78.58,1151.453
2023-05-16,southeastasia,Compute,1382.0,1695.0,117.18,99.85,0,85.54,3.63,4.95,0,0,60.8,942.1554
2023-05-16,southeastasia,Storage,415.0,484.0,9.39,99.91,0,108.28,4.28,3.74,0,1,83.53,1024.248
2023-05-16,centralus,Compute,707.0,910.0,57.59,99.98,0,129.38,2.37,1.85,0,0,74.8,1138.1229
2023-05-16,centralus,Storage,838.0,1167.0,18.84,99.98,0,130.39,1.63,4.18,0,0,65.89,1078.0087
2023-05-16,uksouth,Compute,1265.0,1473.0,103.23,99.93,0,127.33,2.24,3.51,1,0,88.35,934.94995
2023-05-16,uksouth,Storage,1051.0,1399.0,23.65,99.94,0,123.14,1.68,5.02,0,0,56.59,1194.716
2023-05-17,eastus,Compute,1224.0,1616.0,109.07,99.93,0,122.63,2.46,1.44,0,0,71.03,1045.803
2023-05-17,eastus,Storage,333.0,442.0,7.46,100.8,0,133.95,1.64,3.19,0,0,77.13,941.26843
2023-05-17,westeurope,Compute,591.0,786.0,48.7,99.97,0,103.72,4.23,5.93,0,0,57.5,1207.2195
2023-05-17,westeurope,Storage,1179.0,1546.0,27.19,99.88,0,102.9,1.28,1.78,0,0,89.19,907.98334
2023-05-17,southeastasia,Compute,514.0,654.0,45.52,99.97,0,119.61,1.7,3.23,0,0,77.28,1210.7805
2023-05-17,southeastasia,Storage,837.0,1117.0,18.26,99.95,0,107.21,3.56,4.79,0,0,58.0,995.1314
2023-05-17,centralus,Compute,1858.0,2302.0,,99.95,0,120.06,4.37,1.54,0,0,83.63,1080.9312
2023-05-17,centralus,Storage,491.0,631.0,10.45,99.86,0,120.74,3.79,5.18,0,0,86.72,1085.4962
2023-05-17,uksouth,Compute,1906.0,2434.0,167.75,99.96,0,103.81,1.92,1.05,0,0,83.66,1202.7341
2023-05-17,uksouth,Storage,1123.0,1459.0,25.44,99.86,0,105.89,4.42,1.16,0,0,56.7,925.8137
2023-05-18,eastus,Compute,2322.0,3068.0,192.59,99.87,0,127.53,2.86,2.13,0,0,88.5,1168.5288
2023-05-18,eastus,Storage,871.0,,19.6,99.98,0,90.7,3.83,3.56,0,0,93.13,1577.0709
2023-05-18,westeurope,Compute,1096.0,1272.0,89.78,99.88,0,105.8,3.13,2.27,0,0,75.74,1212.9352
2023-05-18,westeurope,Storage,1084.0,1491.0,23.74,99.94,0,110.64,4.44,2.91,0,0,64.03,1155.0381
2023-05-18,southeastasia,Compute,665.0,,55.77,99.88,0,131.74,3.35,3.35,1,0,89.42,1176.1997
2023-05-18,southeastasia,Storage,,1260.0,22.97,99.89,0,120.89,4.15,5.21,0,0,52.72,1000.27344
2023-05-18,centralus,Compute,491.0,672.0,40.93,99.99,0,117.35,3.27,4.93,0,0,63.15,1203.9714
2023-05-18,centralus,Storage,,1368.0,,99.96,0,127.17,4.05,2.29,0,0,90.93,893.4185
2023-05-18,uksouth,Compute,1688.0,2006.0,145.26,100.8,0,113.06,4.42,3.98,0,0,81.54,1069.2399
2023-05-18,uksouth,Storage,389.0,454.0,8.32,99.93,0,118.4,2.47,2.8,0,0,50.88,1353.0808
2023-05-19,eastus,Compute,4206.0,5172.0,358.22,99.86,0,109.26,4.25,4.27,0,0,94.82,997.5081
2023-05-19,eastus,Storage,919.0,1163.0,19.73,99.96,0,102.33,3.22,1.13,0,0,72.46,1101.786
2023-05-19,westeurope,Compute,1533.0,1934.0,130.92,100.8,0,113.46,2.35,1.04,0,0,83.89,1094.6311
2023-05-19,westeurope,Storage,454.0,583.0,9.9,99.93,0,125.16,2.82,4.77,0,0,70.73,1138.9235
2023-05-19,southeastasia,Compute,1333.0,1589.0,115.25,99.85,0,125.32,3.01,3.61,0,0,59.89,1149.7472
2023-05-19,southeastasia,Storage,998.0,1228.0,21.72,99.96,0,89.73,2.23,4.76,0,0,58.62,1115.0208
2023-05-19,centralus,Compute,879.0,1135.0,77.81,99.94,0,113.29,2.78,1.8,0,0,78.07,903.0931
2023-05-19,centralus,Storage,1101.0,1361.0,23.69,99.86,0,134.19,2.17,2.0,0,0,71.69,997.76215
2023-05-19,uksouth,Compute,831.0,1093.0,72.03,100.8,0,101.46,1.37,4.09,0,0,87.64,1159.7659
2023-05-19,uksouth,Storage,514.0,683.0,11.1,99.87,0,116.07,3.43,3.62,0,0,85.42,1413.9341
2023-05-20,eastus,Compute,1428.0,1918.0,124.4,99.91,1,94.59,1.94,4.39,0,0,55.4,1113.5259
2023-05-20,eastus,Storage,365.0,451.0,,99.91,1,101.5,2.96,4.98,0,0,55.33,1120.8336
2023-05-20,westeurope,Compute,1204.0,1622.0,102.65,99.96,1,105.62,3.98,1.33,0,0,87.3,1222.4923
2023-05-20,westeurope,Storage,2463.0,3283.0,54.1,99.91,1,125.53,1.74,3.11,0,0,55.91,1086.6011
2023-05-20,southeastasia,Compute,1215.0,1534.0,,99.92,1,94.48,1.35,2.56,1,0,53.62,889.9878
2023-05-20,southeastasia,Storage,356.0,410.0,7.73,99.94,1,92.95,3.05,1.92,0,0,60.16,1199.79
2023-05-20,centralus,Compute,718.0,965.0,60.64,99.94,1,126.02,3.7,4.95,0,0,73.68,1083.6373
2023-05-20,centralus,Storage,970.0,1342.0,21.32,99.96,1,113.66,4.12,2.97,0,0,92.85,1105.3933
2023-05-20,uksouth,Compute,784.0,980.0,69.6,99.98,1,95.38,2.62,5.95,0,0,71.59,1130.6482
2023-05-20,uksouth,Storage,190.0,246.0,4.05,99.87,1,100.92,4.04,0.7,0,0,52.02,1215.9637
2023-05-21,eastus,Compute,651.0,844.0,55.43,99.96,1,94.17,4.44,5.34,0,0,92.45,1193.194
2023-05-21,eastus,Storage,826.0,1117.0,18.7,99.97,1,93.05,3.14,5.53,0,0,62.31,1186.8752
2023-05-21,westeurope,Compute,1246.0,1453.0,100.79,99.92,1,92.34,3.47,3.21,1,0,95.89,1134.0767
2023-05-21,westeurope,Storage,1124.0,1367.0,25.89,99.91,1,113.56,1.47,2.06,1,0,81.67,1228.9446
2023-05-21,southeastasia,Compute,,1143.0,81.22,99.93,1,112.35,2.72,0.6,0,0,59.47,1125.2754
2023-05-21,southeastasia,Storage,350.0,420.0,7.85,99.98,1,89.5,2.0,1.81,0,0,86.34,1177.1887
2023-05-21,centralus,Compute,377.0,507.0,33.09,99.87,1,126.78,2.77,2.43,0,1,82.13,1152.4736
2023-05-21,centralus,Storage,647.0,833.0,13.84,99.96,1,118.4,1.83,5.91,0,0,98.41,1136.1376
2023-05-21,uksouth,Compute,970.0,1261.0,80.35,99.93,1,91.48,3.36,3.65,0,0,76.46,1207.1022
2023-05-21,uksouth,Storage,273.0,343.0,6.28,99.88,1,132.64,4.18,0.86,0,0,52.85,1089.3018
2023-05-22,eastus,Compute,2593.0,3163.0,222.07,99.91,0,134.73,2.97,2.31,0,0,55.54,1034.4908
2023-05-22,eastus,Storage,608.0,749.0,13.25,99.89,0,102.24,3.44,5.57,0,1,63.19,1175.0664
2023-05-22,westeurope,Compute,2016.0,2376.0,178.36,99.99,0,101.23,3.51,3.58,0,0,68.35,1102.5663
2023-05-22,westeurope,Storage,981.0,1209.0,21.68,99.91,0,108.31,3.71,3.49,0,0,78.39,848.4442
2023-05-22,southeastasia,Compute,1102.0,1438.0,96.38,99.93,0,133.86,1.98,5.56,0,0,72.8,891.0289
2023-05-22,southeastasia,Storage,970.0,1330.0,22.04,99.97,0,129.59,1.92,4.78,0,0,74.52,1162.6974
2023-05-22,centralus,Compute,1757.0,2139.0,154.12,99.89,0,87.16,3.02,5.1,0,0,57.04,1087.3267
2023-05-22,centralus,Storage,337.0,398.0,7.5,99.99,0,95.71,3.25,3.6,0,0,67.82,1221.3616
2023-05-22,uksouth,Compute,659.0,821.0,55.29,100.8,0,134.86,2.68,1.97,0,0,67.6,1051.2507
2023-05-22,uksouth,Storage,1041.0,1391.0,23.86,99.98,0,124.3,4.0,2.69,0,0,87.98,1066.5372
2023-05-23,eastus,Compute,2180.0,3026.0,180.92,99.92,0,121.76,2.25,0.56,0,0,93.66,914.25824
2023-05-23,eastus,Storage,598.0,829.0,13.64,99.96,0,111.54,1.76,5.13,0,0,88.31,1218.9281
2023-05-23,westeurope,Compute,1302.0,,112.28,99.94,0,129.17,1.81,0.83,0,0,64.29,1172.0975
2023-05-23,westeurope,Storage,1190.0,1593.0,26.75,99.86,0,97.6,3.9,5.72,0,0,75.28,1157.442
2023-05-23,southeastasia,Compute,659.0,768.0,55.89,99.94,0,93.43,4.18,4.65,0,0,70.22,889.60046
2023-05-23,southeastasia,Storage,729.0,851.0,16.68,99.91,0,119.16,3.7,4.88,0,0,88.01,1171.9292
2023-05-23,centralus,Compute,2018.0,2466.0,165.67,99.93,0,87.35,1.42,1.86,0,0,68.56,1161.473
2023-05-23,centralus,Storage,580.0,794.0,12.84,99.88,0,86.59,4.3,3.11,0,0,91.61,1117.8905
2023-05-23,uksouth,Compute,831.0,1015.0,67.32,99.96,0,100.06,1.92,4.93,1,0,63.14,1027.6053
2023-05-23,uksouth,Storage,273.0,360.0,6.04,99.89,0,103.37,4.46,5.48,0,0,56.8,1162.6503
2023-05-24,eastus,Compute,966.0,1332.0,78.4,99.98,0,119.52,2.54,1.53,0,0,82.84,1102.4955
2023-05-24,eastus,Storage,1035.0,1380.0,21.97,99.85,0,85.7,1.42,3.95,0,0,64.33,1192.8646
2023-05-24,westeurope,Compute,2347.0,3067.0,206.34,99.86,0,131.19,2.29,0.76,0,0,88.43,999.5694
2023-05-24,westeurope,Storage,666.0,866.0,,99.95,0,110.34,3.82,3.33,0,0,67.71,1062.6809
2023-05-24,southeastasia,Compute,829.0,1090.0,69.35,99.93,0,111.33,4.03,5.24,0,0,51.72,1045.0596
2023-05-24,southeastasia,Storage,743.0,1000.0,16.02,99.86,0,93.63,1.21,5.08,0,0,83.1,1106.9647
2023-05-24,centralus,Compute,462.0,559.0,38.78,99.97,0,108.12,4.26,4.86,0,0,57.44,1204.4454
2023-05-24,centralus,Storage,961.0,1206.0,20.18,99.89,0,97.91,1.91,2.68,0,0,79.1,1181.3319
2023-05-24,uksouth,Compute,637.0,739.0,56.73,99.99,0,102.59,3.91,1.73,0,0,77.53,868.2699
2023-05-24,uksouth,Storage,389.0,480.0,8.78,99.95,0,90.22,4.42,4.64,0,0,54.38,1155.3013
2023-05-25,eastus,Compute,643.0,788.0,,99.9,0,99.99,1.8,1.38,0,0,89.26,1119.6427
2023-05-25,eastus,Storage,1064.0,1248.0,22.46,99.89,0,90.79,2.03,0.63,0,0,94.61,1153.5983
2023-05-25,westeurope,Compute,962.0,1220.0,85.5,99.92,0,127.42,3.93,5.68,0,0,55.2,956.3218
2023-05-25,westeurope,Storage,,3266.0,57.2,99.95,0,102.03,3.19,4.42,0,0,93.04,1167.822
2023-05-25,southeastasia,Compute,1594.0,2034.0,139.21,100.8,0,107.62,2.93,1.68,0,0,86.88,1163.2578
2023-05-25,southeastasia,Storage,475.0,,,99.92,0,124.57,3.2,3.4,0,0,93.0,1130.9315
2023-05-25,centralus,Compute,1874.0,2604.0,156.12,99.94,0,102.27,3.88,4.33,0,0,87.84,882.85016
2023-05-25,centralus,Storage,287.0,,6.29,99.93,0,102.84,1.83,0.87,0,0,94.15,986.16315
2023-05-25,uksouth,Compute,996.0,1326.0,80.73,99.93,0,114.42,1.83,3.63,0,0,66.27,1167.9485
2023-05-25,uksouth,Storage,976.0,1216.0,22.39,99.87,0,101.83,2.6,4.28,0,1,98.83,1113.2007
2023-05-26,eastus,Compute,1170.0,1402.0,103.03,99.96,0,94.78,3.26,1.73,0,0,60.19,1113.7843
2023-05-26,eastus,Storage,,1792.0,31.63,99.98,0,103.67,2.68,4.23,0,0,57.47,1177.8907
2023-05-26,westeurope,Compute,411.0,502.0,34.85,99.98,0,134.17,4.19,1.58,0,0,78.97,1006.72
2023-05-26,westeurope,Storage,1055.0,1470.0,23.09,99.93,0,124.46,3.83,1.77,0,0,90.27,1096.7955
2023-05-26,southeastasia,Compute,880.0,1146.0,,99.99,0,129.3,4.05,3.62,0,0,66.49,1061.5404
2023-05-26,southeastasia,Storage,,1224.0,22.55,99.91,0,105.0,1.29,4.23,0,0,56.97,1597.2527
2023-05-26,centralus,Compute,1106.0,1475.0,95.83,99.97,0,88.92,2.48,4.8,0,0,79.26,878.93854
2023-05-26,centralus,Storage,,895.0,15.07,99.9,0,102.92,3.48,4.95,0,0,82.14,1297.8835
2023-05-26,uksouth,Compute,1269.0,1658.0,111.83,99.98,0,89.59,1.24,3.35,0,0,72.93,1187.7714
2023-05-26,uksouth,Storage,264.0,335.0,6.05,99.86,0,85.33,4.33,4.48,0,0,99.23,1223.0023
2023-05-27,eastus,Compute,1076.0,1390.0,,99.95,1,112.01,3.63,5.81,0,0,73.93,974.58124
2023-05-27,eastus,Storage,277.0,333.0,5.79,99.96,1,133.47,4.38,2.15,0,0,90.0,991.44226
2023-05-27,westeurope,Compute,1582.0,1913.0,134.15,99.95,1,104.94,3.78,3.61,1,0,78.61,1162.3331
2023-05-27,westeurope,Storage,682.0,,14.27,99.91,1,128.03,3.24,3.99,0,0,83.69,1134.4869
2023-05-27,southeastasia,Compute,296.0,410.0,24.3,99.86,1,87.92,1.61,0.84,0,0,59.87,964.8528
2023-05-27,southeastasia,Storage,161.0,202.0,3.43,99.88,1,110.78,2.38,3.12,0,0,69.2,1048.3694
2023-05-27,centralus,Compute,399.0,480.0,33.31,99.94,1,124.45,3.19,4.86,0,0,55.08,1112.0011
2023-05-27,centralus,Storage,264.0,314.0,6.06,99.91,1,130.98,1.88,4.32,0,0,94.92,1146.1996
2023-05-27,uksouth,Compute,1442.0,2010.0,121.85,100.8,1,103.18,3.22,3.32,0,0,56.17,1149.7631
2023-05-27,uksouth,Storage,415.0,574.0,9.17,99.86,1,130.51,4.25,1.49,0,0,95.72,1089.983
2023-05-28,eastus,Compute,5448.0,6942.0,440.1,99.94,1,125.99,3.13,4.4,0,0,80.71,877.151
2023-05-28,eastus,Storage,648.0,870.0,14.56,99.91,1,104.06,4.11,1.63,0,0,63.87,909.26776
2023-05-28,westeurope,Compute,,2424.0,176.82,99.9,1,120.44,3.17,0.74,0,0,99.49,918.74164
2023-05-28,westeurope,Storage,1123.0,1466.0,,99.97,1,121.5,2.68,2.11,0,0,90.1,1133.7147
2023-05-28,southeastasia,Compute,523.0,671.0,,99.97,1,112.26,1.74,2.9,0,0,60.15,1112.697
2023-05-28,southeastasia,Storage,253.0,312.0,5.55,99.91,1,86.46,3.75,5.16,0,0,62.4,1073.5857
2023-05-28,centralus,Compute,384.0,474.0,31.07,99.97,1,106.62,2.13,5.01,0,0,67.72,947.146
2023-05-28,centralus,Storage,590.0,690.0,13.24,99.86,1,107.18,4.17,4.73,0,0,58.26,880.4879
2023-05-28,uksouth,Compute,1223.0,1700.0,100.87,99.85,1,123.9,4.26,1.86,0,0,81.39,1112.8312
2023-05-28,uksouth,Storage,303.0,368.0,6.72,99.93,1,87.74,1.68,1.59,0,0,61.98,1196.7449
2023-05-29,eastus,Compute,655.0,788.0,56.62,99.86,0,117.91,3.82,3.83,0,0,90.26,907.80225
2023-05-29,eastus,Storage,845.0,1088.0,19.45,99.96,0,128.3,2.27,1.71,0,0,99.29,1171.3967
2023-05-29,westeurope,Compute,,2763.0,193.61,99.9,0,108.47,1.64,4.08,0,0,77.67,1089.559
2023-05-29,westeurope,Storage,1146.0,1365.0,25.29,99.9,0,133.32,3.82,4.67,0,0,51.46,963.93524
2023-05-29,southeastasia,Compute,1784.0,,144.7,99.96,0,132.07,2.59,1.29,0,0,80.29,942.51917
2023-05-29,southeastasia,Storage,434.0,549.0,9.95,99.88,0,115.82,4.48,2.57,1,0,92.95,1101.5276
2023-05-29,centralus,Compute,2019.0,2560.0,174.12,99.89,0,132.19,3.33,1.71,0,0,98.69,1062.1508
2023-05-29,centralus,Storage,,1155.0,19.49,99.86,0,123.29,3.24,5.2,0,0,68.57,1304.5328
2023-05-29,uksouth,Compute,712.0,992.0,59.85,99.87,0,115.65,1.65,3.35,0,0,73.87,861.4398
2023-05-29,uksouth,Storage,803.0,1025.0,17.86,99.94,0,86.57,2.67,5.25,0,0,76.33,1192.1799
2023-05-30,eastus,Compute,1496.0,1965.0,129.88,99.9,0,85.07,2.95,3.77,0,0,58.51,1127.4312
2023-05-30,eastus,Storage,750.0,955.0,15.76,99.92,0,89.97,3.82,0.81,1,0,97.13,1160.8052
2023-05-30,westeurope,Compute,2149.0,2773.0,173.81,99.9,0,128.27,3.35,5.27,0,0,93.5,1146.3003
2023-05-30,westeurope,Storage,1278.0,1705.0,29.04,99.97,0,105.58,3.27,3.53,0,0,84.16,930.64264
2023-05-30,southeastasia,Compute,774.0,1075.0,68.92,99.91,0,105.54,2.69,3.04,0,0,94.12,1058.0752
2023-05-30,southeastasia,Storage,786.0,1036.0,17.14,99.98,0,96.49,4.38,0.74,0,1,60.2,1148.2283
2023-05-30,centralus,Compute,1982.0,2724.0,162.7,99.97,0,93.46,2.79,3.24,0,0,62.67,1118.63
2023-05-30,centralus,Storage,1050.0,1367.0,23.9,99.97,0,93.36,3.36,3.81,0,0,64.26,1053.6111
2023-05-30,uksouth,Compute,,1246.0,79.74,99.91,0,88.88,1.76,4.83,0,0,85.95,1322.4418
2023-05-30,uksouth,Storage,181.0,249.0,4.12,99.93,0,121.85,2.29,4.0,0,0,68.73,1174.5911
2023-05-31,eastus,Compute,609.0,770.0,54.08,99.99,0,95.86,1.42,2.32,0,0,57.03,1212.2754
2023-05-31,eastus,Storage,1001.0,1374.0,22.68,100.8,0,123.07,2.56,5.97,0,0,67.06,1093.7753
2023-05-31,westeurope,Compute,835.0,1158.0,68.29,99.92,0,119.35,2.84,5.51,0,0,69.16,1214.7637
2023-05-31,westeurope,Storage,1071.0,1276.0,24.28,99.88,0,107.13,4.35,3.87,0,0,76.02,1172.9685
2023-05-31,southeastasia,Compute,1382.0,1648.0,120.73,99.92,0,93.29,1.33,5.93,0,0,75.14,915.4603
2023-05-31,southeastasia,Storage,,340.0,5.72,99.95,0,110.77,4.26,5.4,0,0,94.56,1064.9722
2023-05-31,centralus,Compute,2002.0,2787.0,174.18,99.99,0,123.8,2.93,3.83,0,0,87.38,1185.3394
2023-05-31,centralus,Storage,817.0,1057.0,17.5,99.96,0,131.51,3.82,3.21,0,0,55.67,991.72723
2023-05-31,uksouth,Compute,580.0,772.0,46.98,99.99,0,98.21,2.57,2.8,0,0,81.01,1037.3495
2023-05-31,uksouth,Storage,799.0,,18.02,99.88,0,107.13,2.6,1.04,0,0,74.71,1240.775
2023-06-01,eastus,Compute,1846.0,2539.0,149.65,99.91,0,121.53,2.22,2.95,0,0,87.92,1138.7655
2023-06-01,eastus,Storage,1284.0,1589.0,,99.87,0,86.17,1.49,5.81,0,0,98.35,1084.1954
2023-06-01,westeurope,Compute,1452.0,1864.0,117.32,99.92,0,114.52,4.09,1.66,0,0,83.3,1048.8104
2023-06-01,westeurope,Storage,705.0,963.0,15.46,99.85,0,114.66,1.5,2.28,0,0,64.05,1243.1792
2023-06-01,southeastasia,Compute,1269.0,1708.0,105.75,99.92,0,99.99,2.33,2.16,0,0,82.51,1132.9692
2023-06-01,southeastasia,Storage,414.0,525.0,,99.93,0,116.56,4.44,4.96,0,0,61.47,1248.4369
2023-06-01,centralus,Compute,688.0,802.0,56.36,99.85,0,103.93,3.73,2.97,0,0,54.48,1166.8062
2023-06-01,centralus,Storage,585.0,677.0,13.12,99.9,0,130.3,4.21,2.63,0,0,98.27,1165.2554
2023-06-01,uksouth,Compute,1549.0,1907.0,127.41,99.89,0,113.1,1.57,1.61,0,0,96.56,901.99365
2023-06-01,uksouth,Storage,804.0,1043.0,18.56,99.97,0,124.01,3.62,4.66,0,0,84.48,896.5179
2023-06-02,eastus,Compute,1972.0,2456.0,169.76,99.97,0,105.2,2.78,5.58,0,0,96.78,885.59503
2023-06-02,eastus,Storage,223.0,306.0,5.1,99.88,0,111.92,4.45,2.33,0,0,75.16,1091.1964
2023-06-02,westeurope,Compute,397.0,551.0,35.3,99.86,0,99.89,1.22,2.8,0,0,53.36,977.9339
2023-06-02,westeurope,Storage,217.0,252.0,4.9,99.85,0,115.2,2.62,5.51,0,0,83.61,1125.2332
2023-06-02,southeastasia,Compute,1602.0,2149.0,134.33,99.93,0,132.31,3.59,2.99,0,0,87.81,1065.561
2023-06-02,southeastasia,Storage,642.0,840.0,14.3,99.87,0,130.97,3.03,4.35,0,0,84.55,968.0617
2023-06-02,centralus,Compute,712.0,919.0,62.98,99.95,0,125.03,2.88,3.11,0,0,72.97,1034.8549
2023-06-02,centralus,Storage,730.0,989.0,15.53,99.92,0,116.86,3.66,0.96,1,0,72.72,1000.42975
2023-06-02,uksouth,Compute,1073.0,1255.0,93.59,99.95,0,126.06,1.57,3.28,0,0,97.97,1134.9178
2023-06-02,uksouth,Storage,576.0,740.0,12.4,100.8,0,106.81,2.15,4.83,0,0,57.8,1022.3899
2023-06-03,eastus,Compute,1650.0,2080.0,141.06,99.95,1,104.45,2.37,0.97,0,0,79.06,1214.7225
2023-06-03,eastus,Storage,714.0,911.0,15.06,99.93,1,92.77,3.89,5.64,0,0,74.44,1013.95844
2023-06-03,westeurope,Compute,414.0,,36.62,99.98,1,130.34,3.79,1.0,0,0,61.47,995.31976
2023-06-03,westeurope,Storage,518.0,609.0,10.89,99.99,1,91.07,2.99,3.4,0,0,73.79,840.4154
2023-06-03,southeastasia,Compute,975.0,1224.0,79.3,99.94,1,104.98,2.04,5.32,0,0,89.79,1171.6667
2023-06-03,southeastasia,Storage,654.0,863.0,14.52,99.96,1,109.79,1.38,4.36,0,0,60.65,1125.7029
2023-06-03,centralus,Compute,1032.0,,83.75,99.93,1,123.73,3.18,5.05,0,0,86.05,939.778
2023-06-03,centralus,Storage,,,15.46,99.94,1,133.51,1.93,3.04,0,0,81.49,1237.4285
2023-06-03,uksouth,Compute,615.0,756.0,51.61,99.92,1,102.29,2.06,2.45,0,0,94.97,1026.837
2023-06-03,uksouth,Storage,844.0,1025.0,18.25,99.93,1,98.93,4.15,5.88,0,0,64.39,975.53503
2023-06-04,eastus,Compute,647.0,765.0,55.21,99.95,1,125.03,1.25,2.06,0,0,73.63,1059.3374
2023-06-04,eastus,Storage,914.0,1102.0,21.01,99.92,1,124.72,2.93,5.63,0,0,51.26,1235.0565
2023-06-04,westeurope,Compute,1087.0,1509.0,96.76,99.94,1,126.35,4.17,5.12,0,0,50.18,1226.7352
2023-06-04,westeurope,Storage,525.0,648.0,11.81,99.88,1,104.61,2.5,3.75,0,0,80.23,863.2881
2023-06-04,southeastasia,Compute,1123.0,1354.0,93.18,99.89,1,88.13,2.98,0.6,0,0,69.98,1019.05383
2023-06-04,southeastasia,Storage,550.0,649.0,12.68,99.97,1,120.2,3.36,3.83,0,0,58.29,1106.5084
2023-06-04,centralus,Compute,1344.0,1560.0,112.95,99.91,1,127.74,1.8,4.04,0,0,76.47,848.91815
2023-06-04,centralus,Storage,,1147.0,21.02,100.8,1,95.3,1.6,5.12,0,0,52.57,939.3737
2023-06-04,uksouth,Compute,4263.0,4942.0,,99.93,1,93.57,3.35,1.54,1,0,79.35,1160.0023
2023-06-04,uksouth,Storage,,528.0,8.63,99.95,1,92.55,1.99,1.49,0,0,52.39,1064.4308
2023-06-05,eastus,Compute,3060.0,4127.0,263.82,99.86,0,129.14,2.96,3.22,0,1,77.79,1155.1884
2023-06-05,eastus,Storage,898.0,,19.55,99.94,0,118.77,3.55,3.83,0,0,73.68,974.81464
2023-06-05,westeurope,Compute,973.0,1318.0,81.09,99.9,0,107.02,2.34,4.1,1,0,65.03,867.1557
2023-06-05,westeurope,Storage,1588.0,2134.0,36.07,99.89,0,117.02,3.2,3.12,0,0,65.51,1237.3125
2023-06-05,southeastasia,Compute,720.0,832.0,58.53,99.99,0,105.61,1.8,4.46,0,0,78.56,1093.3387
2023-06-05,southeastasia,Storage,806.0,1060.0,,99.87,0,97.37,2.56,1.89,0,0,85.29,1163.7228
2023-06-05,centralus,Compute,754.0,886.0,66.81,99.99,0,93.35,3.68,1.88,0,0,71.86,1069.3812
2023-06-05,centralus,Storage,613.0,784.0,12.9,99.99,0,103.87,2.25,5.9,0,0,65.42,1187.2292
2023-06-05,uksouth,Compute,3537.0,4289.0,315.07,99.93,0,123.12,3.55,4.66,0,0,87.67,1123.7394
2023-06-05,uksouth,Storage,628.0,,13.58,99.93,0,129.11,2.33,4.86,0,0,52.03,873.4438
2023-06-06,eastus,Compute,2074.0,2632.0,181.96,99.87,0,100.87,1.73,0.84,0,0,93.96,861.07965
2023-06-06,eastus,Storage,920.0,1130.0,21.05,99.99,0,91.62,1.47,5.44,0,0,94.41,1014.46094
2023-06-06,westeurope,Compute,638.0,836.0,52.23,99.89,0,133.37,3.82,4.22,0,1,50.3,919.61255
2023-06-06,westeurope,Storage,415.0,489.0,,99.97,0,108.22,4.48,1.76,0,0,93.63,1110.585
2023-06-06,southeastasia,Compute,1267.0,1729.0,112.48,99.95,0,92.3,2.74,3.05,0,0,66.63,1063.3674
2023-06-06,southeastasia,Storage,439.0,574.0,9.22,99.94,0,89.86,3.56,3.66,0,0,54.5,1308.4668
2023-06-06,centralus,Compute,1437.0,1923.0,123.96,99.86,0,107.52,2.81,4.09,0,0,51.68,1172.8635
2023-06-06,centralus,Storage,1665.0,2306.0,36.63,99.92,0,131.53,3.0,2.03,0,0,89.25,1034.5447
2023-06-06,uksouth,Compute,1059.0,,88.41,99.86,0,133.69,1.63,3.41,0,0,92.07,998.067
2023-06-06,uksouth,Storage,946.0,1276.0,21.32,99.91,0,114.16,1.61,2.26,0,0,55.18,960.73004
2023-06-07,eastus,Compute,4320.0,5315.0,352.76,99.98,0,130.72,3.36,2.36,0,0,96.02,1091.5901
2023-06-07,eastus,Storage,,3892.0,69.45,99.88,0,95.77,3.93,5.57,0,0,72.72,967.4772
2023-06-07,westeurope,Compute,1354.0,1737.0,119.23,99.93,0,107.08,4.08,0.65,0,0,85.7,874.124
2023-06-07,westeurope,Storage,709.0,859.0,15.06,99.98,0,95.65,1.24,5.12,0,0,89.86,1250.4998
2023-06-07,southeastasia,Compute,,1700.0,114.64,99.94,0,120.8,3.74,1.04,0,0,73.83,867.30273
2023-06-07,southeastasia,Storage,648.0,879.0,13.94,99.94,0,121.98,1.93,1.89,0,0,77.72,859.82355
2023-06-07,centralus,Compute,3696.0,,323.82,99.89,0,130.06,2.31,1.57,0,0,82.38,1182.3363
2023-06-07,centralus,Storage,,883.0,15.28,99.94,0,96.14,2.81,1.69,0,0,69.1,879.32513
2023-06-07,uksouth,Compute,514.0,652.0,44.17,99.88,0,115.56,3.53,1.06,0,0,96.31,945.0255
2023-06-07,uksouth,Storage,701.0,906.0,15.62,99.96,0,91.11,3.13,0.97,0,0,78.35,1162.431
2023-06-08,eastus,Compute,1859.0,2161.0,152.39,99.89,0,103.22,4.46,1.31,0,0,89.22,882.3916
2023-06-08,eastus,Storage,692.0,876.0,15.07,99.94,0,128.38,2.18,3.51,0,0,91.05,874.5845
2023-06-08,westeurope,Compute,1021.0,1223.0,,99.98,0,113.52,3.71,4.87,0,0,87.0,900.8773
2023-06-08,westeurope,Storage,1158.0,1379.0,26.52,99.91,0,96.98,2.0,1.83,1,0,94.53,857.9744
2023-06-08,southeastasia,Compute,1474.0,1761.0,128.03,99.96,0,121.76,2.32,4.37,0,0,60.05,1208.3241
2023-06-08,southeastasia,Storage,798.0,1021.0,16.75,99.86,0,112.6,3.97,0.98,0,0,86.94,1089.3448
2023-06-08,centralus,Compute,3930.0,4952.0,329.23,99.92,0,96.83,3.41,1.79,0,0,62.57,973.2671
2023-06-08,centralus,Storage,1563.0,2137.0,32.97,99.91,0,119.74,3.06,4.49,0,0,88.54,1129.5123
2023-06-08,uksouth,Compute,1222.0,1643.0,,99.96,0,118.33,3.02,5.7,0,0,57.72,996.7219
2023-06-08,uksouth,Storage,243.0,294.0,,99.92,0,97.93,1.76,4.47,0,0,71.25,872.3676
2023-06-09,eastus,Compute,2333.0,2893.0,208.1,99.94,0,126.79,3.62,3.77,0,0,52.56,992.5982
2023-06-09,eastus,Storage,317.0,401.0,7.21,99.98,0,88.39,2.81,4.28,0,0,78.34,1203.933
2023-06-09,westeurope,Compute,,920.0,62.61,99.96,0,127.1,2.33,3.26,0,0,88.51,1168.381
2023-06-09,westeurope,Storage,271.0,,6.23,99.95,0,103.78,2.49,1.0,0,0,97.63,1098.8856
2023-06-09,southeastasia,Compute,438.0,607.0,38.81,99.89,0,85.14,2.91,4.88,0,0,58.64,914.89264
2023-06-09,southeastasia,Storage,413.0,571.0,9.2,99.91,0,92.21,4.5,5.42,0,0,51.48,851.3602
2023-06-09,centralus,Compute,1250.0,1456.0,102.69,99.91,0,102.67,4.16,3.5,0,0,76.58,917.5442
2023-06-09,centralus,Storage,859.0,1063.0,,99.99,0,117.13,3.54,4.66,0,0,99.23,1171.756
2023-06-09,uksouth,Compute,693.0,798.0,58.45,99.89,0,124.5,3.43,0.64,0,0,80.9,1006.6104
2023-06-09,uksouth,Storage,684.0,877.0,,99.96,0,110.13,2.79,4.46,0,0,67.6,989.34424
2023-06-10,eastus,Compute,1118.0,1384.0,98.58,99.99,1,99.43,1.82,5.08,0,0,67.38,863.9955
2023-06-10,eastus,Storage,602.0,782.0,13.38,99.94,1,113.78,2.54,3.47,0,0,88.63,1160.6061
2023-06-10,westeurope,Compute,1548.0,1850.0,134.35,99.96,1,118.72,1.67,3.77,0,0,52.79,1027.5542
2023-06-10,westeurope,Storage,511.0,650.0,11.78,99.92,1,126.5,3.39,1.09,0,0,87.92,1173.3322
2023-06-10,southeastasia,Compute,478.0,641.0,40.1,99.98,1,110.88,1.2,4.34,0,0,51.02,1144.7429
2023-06-10,southeastasia,Storage,192.0,,4.02,99.88,1,96.95,4.0,3.7,0,0,82.85,872.9998
2023-06-10,centralus,Compute,,,31.43,99.98,1,116.5,2.56,4.88,0,0,68.3,1260.5068
2023-06-10,centralus,Storage,912.0,1088.0,19.23,99.88,1,131.04,3.44,1.83,0,0,84.42,1065.73
2023-06-10,uksouth,Compute,1102.0,1285.0,97.32,99.89,1,101.39,1.62,5.92,0,0,54.54,1051.4431
2023-06-10,uksouth,Storage,478.0,587.0,10.81,99.91,1,85.62,2.26,3.01,0,0,59.17,920.1447
2023-06-11,eastus,Compute,525.0,700.0,43.92,99.9,1,88.89,3.14,1.01,0,0,99.51,868.20496
2023-06-11,eastus,Storage,1051.0,1374.0,23.93,99.89,1,86.76,3.62,2.62,0,0,87.77,896.7172
2023-06-11,westeurope,Compute,3069.0,4208.0,258.66,99.98,1,134.16,3.9,1.91,0,0,66.43,1124.1637
2023-06-11,westeurope,Storage,,923.0,16.08,99.9,1,92.22,1.5,0.89,0,0,98.8,904.42596
2023-06-11,southeastasia,Compute,419.0,546.0,35.84,99.93,1,99.5,4.29,1.77,0,0,99.48,919.7144
2023-06-11,southeastasia,Storage,501.0,620.0,10.68,99.97,1,90.35,4.18,3.81,0,0,83.38,969.8345
2023-06-11,centralus,Compute,1116.0,1331.0,94.52,99.87,1,117.65,1.76,5.25,0,0,54.35,1011.18823
2023-06-11,centralus,Storage,693.0,804.0,16.01,99.89,1,95.59,2.57,0.55,0,0,76.08,945.07355
2023-06-11,uksouth,Compute,394.0,499.0,31.98,99.86,1,91.4,1.9,4.57,0,0,50.99,884.1396
2023-06-11,uksouth,Storage,135.0,161.0,2.96,99.88,1,108.78,2.92,4.52,0,0,67.75,1202.4921
2023-06-12,eastus,Compute,1396.0,1949.0,117.49,99.98,0,134.34,3.93,1.19,0,0,53.87,1032.2604
2023-06-12,eastus,Storage,1137.0,1331.0,25.69,99.97,0,96.6,1.99,2.86,0,0,90.44,1024.3527
2023-06-12,westeurope,Compute,1104.0,1452.0,93.27,99.85,0,109.22,3.75,5.7,0,0,92.37,1047.181
2023-06-12,westeurope,Storage,530.0,712.0,11.76,99.94,0,128.09,1.29,3.41,0,0,56.63,984.2137
2023-06-12,southeastasia,Compute,1512.0,2054.0,133.11,99.92,0,86.04,1.54,3.93,0,0,89.9,1198.0381
2023-06-12,southeastasia,Storage,820.0,959.0,18.41,99.86,0,101.15,3.03,3.23,0,0,91.47,1175.1492
2023-06-12,centralus,Compute,,1687.0,105.82,99.92,0,134.93,1.35,0.98,0,0,56.22,1220.0203
2023-06-12,centralus,Storage,246.0,315.0,5.2,99.85,0,101.12,1.97,2.49,0,0,84.0,1076.2395
2023-06-12,uksouth,Compute,741.0,901.0,,99.89,0,108.95,3.89,0.68,0,0,72.25,974.2838
2023-06-12,uksouth,Storage,240.0,296.0,,99.86,0,125.6,4.18,2.07,0,0,54.54,1078.9586
2023-06-13,eastus,Compute,695.0,929.0,58.72,99.88,0,106.34,1.41,2.06,0,0,52.66,1020.3432
2023-06-13,eastus,Storage,939.0,,20.15,99.99,0,124.82,4.5,3.03,0,0,80.19,1096.4596
2023-06-13,westeurope,Compute,1384.0,1748.0,116.1,99.9,0,105.03,4.07,3.08,0,0,71.6,941.4708
2023-06-13,westeurope,Storage,752.0,953.0,16.9,99.88,0,131.88,1.52,1.72,0,0,70.33,894.7526
2023-06-13,southeastasia,Compute,310.0,427.0,26.55,99.98,0,101.98,1.34,2.95,1,0,59.53,1059.2717
2023-06-13,southeastasia,Storage,695.0,935.0,15.06,99.85,0,114.99,2.55,4.67,0,0,71.89,899.90796
2023-06-13,centralus,Compute,1262.0,1712.0,103.6,99.99,0,119.19,3.77,5.99,0,0,89.51,878.8687
2023-06-13,centralus,Storage,631.0,,14.46,99.9,0,87.44,4.08,1.32,0,0,74.6,1131.9906
2023-06-13,uksouth,Compute,1318.0,1830.0,107.78,99.85,0,128.68,3.33,4.06,0,0,69.87,1095.7567
2023-06-13,uksouth,Storage,292.0,337.0,6.32,99.95,0,124.8,3.89,0.71,0,0,57.77,1062.1714
2023-06-14,eastus,Compute,1640.0,2262.0,,99.96,0,131.33,1.62,5.71,0,0,68.67,1171.5609
2023-06-14,eastus,Storage,305.0,,6.85,99.94,0,98.78,2.31,1.8,0,0,98.29,931.4183
2023-06-14,westeurope,Compute,1576.0,2042.0,138.7,99.85,0,128.42,4.13,2.95,0,0,53.6,1094.0583
2023-06-14,westeurope,Storage,342.0,464.0,7.53,99.92,0,129.03,4.38,3.52,0,0,91.55,992.68866
2023-06-14,southeastasia,Compute,296.0,403.0,24.11,99.97,0,113.73,3.37,3.77,0,0,61.8,924.567
2023-06-14,southeastasia,Storage,507.0,671.0,11.13,100.8,0,117.43,3.04,3.87,0,0,57.45,1148.3848
2023-06-14,centralus,Compute,523.0,638.0,45.04,99.92,0,123.75,1.51,2.16,1,0,95.62,872.37964
2023-06-14,centralus,Storage,250.0,290.0,5.5,99.92,0,86.95,3.78,2.03,0,0,99.78,835.7438
2023-06-14,uksouth,Compute,1215.0,,107.94,99.94,0,108.11,2.67,4.4,0,0,66.79,880.2897
2023-06-14,uksouth,Storage,498.0,637.0,10.86,99.99,0,125.08,2.23,4.81,0,0,51.54,1027.8787
2023-06-15,eastus,Compute,1565.0,2020.0,135.1,99.93,0,87.94,1.82,2.43,0,0,66.36,1051.139
2023-06-15,eastus,Storage,464.0,623.0,10.48,99.9,0,88.92,2.07,5.19,0,0,76.79,956.64465
2023-06-15,westeurope,Compute,2100.0,2607.0,181.06,99.96,0,107.01,1.97,5.54,0,0,88.37,912.4196
2023-06-15,westeurope,Storage,1029.0,1259.0,22.64,99.99,0,123.45,3.87,4.79,0,0,62.74,1062.5403
2023-06-15,southeastasia,Compute,798.0,1105.0,67.02,99.96,0,114.38,3.33,3.51,0,0,54.02,1609.3927
2023-06-15,southeastasia,Storage,543.0,681.0,,99.94,0,113.86,1.25,1.61,0,0,99.51,1196.5542
2023-06-15,centralus,Compute,1355.0,1645.0,120.1,99.97,0,110.78,4.46,2.14,0,0,73.11,1029.6992
2023-06-15,centralus,Storage,959.0,1239.0,21.23,99.99,0,127.01,1.36,1.71,0,0,64.73,1152.3896
2023-06-15,uksouth,Compute,953.0,1189.0,82.5,99.85,0,116.68,2.54,2.99,0,0,70.07,1034.2837
2023-06-15,uksouth,Storage,409.0,533.0,9.27,99.9,0,118.61,3.76,4.93,0,0,55.23,885.212
2023-06-16,eastus,Compute,642.0,831.0,52.16,99.97,0,128.89,4.01,4.76,0,0,56.82,1090.5466
2023-06-16,eastus,Storage,573.0,795.0,13.11,99.9,0,88.18,3.95,5.53,0,0,78.8,918.4548
2023-06-16,westeurope,Compute,973.0,1281.0,82.15,99.87,0,104.26,3.35,5.83,0,0,59.77,1159.1406
2023-06-16,westeurope,Storage,768.0,921.0,16.91,99.88,0,121.07,4.29,2.66,0,0,69.52,1059.5603
2023-06-16,southeastasia,Compute,1291.0,1619.0,112.25,99.93,0,106.92,2.78,4.58,1,0,78.64,898.5789
2023-06-16,southeastasia,Storage,877.0,1126.0,19.12,99.95,0,131.37,3.88,5.62,0,0,76.72,1041.5288
2023-06-16,centralus,Compute,1122.0,1323.0,92.22,100.8,0,125.03,1.29,2.9,0,0,72.51,1041.042
2023-06-16,centralus,Storage,568.0,706.0,12.07,99.96,0,104.05,3.48,2.15,0,0,81.25,1203.6195
2023-06-16,uksouth,Compute,,751.0,45.87,99.92,0,117.76,3.07,1.38,0,0,53.61,860.6325
2023-06-16,uksouth,Storage,908.0,1224.0,,99.87,0,103.13,2.03,5.2,0,0,98.24,1032.618
2023-06-17,eastus,Compute,556.0,758.0,49.12,99.98,1,88.87,3.55,4.15,0,0,89.6,857.77795
2023-06-17,eastus,Storage,889.0,1157.0,20.52,99.91,1,100.59,1.86,3.27,0,0,98.6,1001.00336
2023-06-17,westeurope,Compute,620.0,779.0,55.11,99.88,1,134.44,1.91,2.26,0,0,50.88,996.1596
2023-06-17,westeurope,Storage,844.0,1128.0,19.09,99.87,1,86.07,1.76,2.61,0,0,64.25,975.24945
2023-06-17,southeastasia,Compute,,707.0,53.49,99.87,1,113.56,3.86,3.59,0,0,65.26,1009.5452
2023-06-17,southeastasia,Storage,1082.0,1467.0,23.29,99.96,1,86.83,1.88,3.33,0,0,52.09,1028.9032
2023-06-17,centralus,Compute,566.0,653.0,47.78,99.89,1,113.83,4.27,2.19,0,0,54.41,1145.0262
2023-06-17,centralus,Storage,823.0,1085.0,17.34,99.92,1,94.2,3.13,0.84,0,0,92.16,1204.3259
2023-06-17,uksouth,Compute,1387.0,1909.0,113.12,99.94,1,120.05,2.09,5.96,0,0,93.62,1023.97736
2023-06-17,uksouth,Storage,537.0,619.0,12.01,99.93,1,89.15,4.39,3.9,0,0,66.85,880.74585
2023-06-18,eastus,Compute,1165.0,1385.0,94.79,99.88,1,98.91,2.74,5.83,0,0,82.33,1179.4872
2023-06-18,eastus,Storage,770.0,1059.0,16.1,99.92,1,129.24,4.26,4.12,0,0,64.3,1062.1311
2023-06-18,westeurope,Compute,,,87.69,99.87,1,99.79,4.12,2.73,0,0,51.51,1092.4695
2023-06-18,westeurope,Storage,549.0,636.0,12.61,99.9,1,111.93,3.72,1.84,0,0,99.23,1156.4581
2023-06-18,southeastasia,Compute,1214.0,1407.0,104.88,99.98,1,86.9,4.39,3.26,0,0,80.84,1179.9819
2023-06-18,southeastasia,Storage,157.0,,3.31,99.97,1,123.99,4.04,5.28,0,0,95.0,892.39136
2023-06-18,centralus,Compute,1012.0,1290.0,,99.87,1,119.03,4.23,4.26,0,0,86.31,922.6359
2023-06-18,centralus,Storage,,618.0,11.92,99.99,1,101.28,4.46,4.64,1,0,91.71,1100.8988
2023-06-18,uksouth,Compute,583.0,735.0,,99.85,1,116.09,3.73,4.85,0,0,51.13,1077.9431
2023-06-18,uksouth,Storage,773.0,,17.6,99.9,1,131.83,1.74,0.77,0,0,91.15,1070.2324
2023-06-19,eastus,Compute,894.0,1070.0,75.41,99.97,0,129.07,3.15,4.12,0,0,61.49,926.3998
2023-06-19,eastus,Storage,,1561.0,25.65,99.91,0,108.53,1.68,2.99,0,0,52.54,1161.8494
2023-06-19,westeurope,Compute,2119.0,2959.0,,99.95,0,127.32,3.68,5.68,0,0,60.36,1223.5747
2023-06-19,westeurope,Storage,777.0,989.0,17.68,99.96,0,99.79,4.09,4.02,0,0,58.83,1023.5309
2023-06-19,southeastasia,Compute,998.0,1263.0,80.76,99.89,0,121.38,1.4,4.66,0,0,82.99,865.33923
2023-06-19,southeastasia,Storage,787.0,939.0,,99.9,0,130.22,3.76,2.51,0,0,82.8,1642.4904
2023-06-19,centralus,Compute,1672.0,2170.0,146.13,99.88,0,129.28,3.15,4.94,0,0,96.86,956.2744
2023-06-19,centralus,Storage,975.0,1344.0,22.23,99.9,0,101.4,3.77,2.85,0,0,62.12,978.01074
2023-06-19,uksouth,Compute,419.0,538.0,36.11,99.89,0,112.56,1.89,5.61,0,0,62.36,1110.5024
2023-06-19,uksouth,Storage,960.0,1161.0,20.34,99.89,0,124.72,4.11,2.78,0,0,75.44,1070.6716
2023-06-20,eastus,Compute,477.0,634.0,38.92,99.9,0,109.18,3.75,5.03,0,0,67.82,1196.0155
2023-06-20,eastus,Storage,739.0,943.0,16.59,99.97,0,111.34,4.33,2.44,0,0,58.79,1069.2238
2023-06-20,westeurope,Compute,1314.0,1684.0,108.9,99.98,0,110.2,1.44,5.98,0,0,69.51,1134.4545
2023-06-20,westeurope,Storage,338.0,404.0,7.16,99.99,0,98.52,3.7,2.97,0,0,73.19,893.26556
2023-06-20,southeastasia,Compute,1174.0,1600.0,104.1,99.95,0,134.46,1.35,2.32,0,0,94.52,905.5563
2023-06-20,southeastasia,Storage,202.0,233.0,4.36,99.9,0,130.68,4.48,3.9,0,0,50.91,936.7977
2023-06-20,centralus,Compute,331.0,414.0,27.33,99.92,0,104.95,1.61,0.63,0,0,72.02,1102.6782
2023-06-20,centralus,Storage,341.0,425.0,7.36,99.97,0,110.58,4.35,2.27,1,0,60.85,879.51324
2023-06-20,uksouth,Compute,1421.0,1916.0,116.25,99.86,0,112.0,3.5,5.51,0,0,62.23,1041.0052
2023-06-20,uksouth,Storage,1428.0,1931.0,31.93,99.92,0,85.89,2.13,1.37,0,0,56.57,1146.009
2023-06-21,eastus,Compute,830.0,1019.0,68.13,99.86,0,86.36,4.03,2.32,0,0,58.29,1035.3308
2023-06-21,eastus,Storage,254.0,325.0,5.71,99.94,0,127.67,1.81,4.14,0,0,76.23,888.64417
2023-06-21,westeurope,Compute,1682.0,2307.0,145.01,99.97,0,112.84,3.75,4.38,0,0,57.69,1096.3287
2023-06-21,westeurope,Storage,574.0,724.0,12.26,99.92,0,90.0,2.51,0.91,0,0,76.03,1787.4844
2023-06-21,southeastasia,Compute,413.0,475.0,33.99,99.95,0,127.41,3.57,3.39,0,0,73.4,958.053
2023-06-21,southeastasia,Storage,828.0,1109.0,18.18,100.8,0,132.07,4.4,1.93,0,0,71.31,247.53275
2023-06-21,centralus,Compute,680.0,821.0,60.39,99.91,0,92.5,1.27,5.73,0,0,57.09,273.60028
2023-06-21,centralus,Storage,768.0,,17.08,99.86,0,102.22,4.31,4.35,0,0,91.86,281.25507
2023-06-21,uksouth,Compute,1051.0,1364.0,86.79,99.87,0,115.36,1.94,4.39,0,0,88.65,294.29626
2023-06-21,uksouth,Storage,307.0,,6.66,99.9,0,123.48,4.41,2.45,1,0,87.66,982.22205
2023-06-22,eastus,Compute,2281.0,3191.0,192.37,99.95,0,130.22,2.01,1.3,0,0,83.28,470.3955
2023-06-22,eastus,Storage,1118.0,1452.0,24.16,99.9,0,86.36,2.04,2.83,0,0,79.02,425.77518
2023-06-22,westeurope,Compute,,2239.0,,99.95,0,92.46,2.59,2.27,0,0,73.6,400.2418
2023-06-22,westeurope,Storage,279.0,376.0,5.85,99.87,0,122.8,1.58,4.26,0,0,90.91,530.3599
2023-06-22,southeastasia,Compute,410.0,551.0,36.51,99.91,0,134.0,2.01,5.75,0,0,67.49,787.0228
2023-06-22,southeastasia,Storage,349.0,,7.94,99.96,0,92.19,2.74,0.65,0,0,61.61,190.554
2023-06-22,centralus,Compute,739.0,883.0,63.41,99.94,0,108.99,2.43,5.27,0,0,79.65,359.9768
2023-06-22,centralus,Storage,640.0,859.0,13.61,99.96,0,96.55,2.62,3.43,0,0,53.81,515.4273
2023-06-22,uksouth,Compute,864.0,1146.0,72.22,99.97,0,127.93,1.42,2.41,0,0,70.74,750.65125
2023-06-22,uksouth,Storage,251.0,344.0,5.6,99.91,0,90.58,3.68,2.24,0,0,84.98,728.0918
2023-06-23,eastus,Compute,850.0,1060.0,69.94,99.98,0,122.59,2.01,1.33,0,0,86.62,1919.3221
2023-06-23,eastus,Storage,546.0,666.0,11.89,99.94,0,94.65,2.86,5.37,0,0,92.44,664.3653
2023-06-23,westeurope,Compute,1434.0,1776.0,125.86,99.98,0,129.51,3.04,3.67,0,0,99.13,250.32957
2023-06-23,westeurope,Storage,2124.0,,46.72,99.88,0,116.79,3.8,3.24,0,0,53.14,656.8654
2023-06-23,southeastasia,Compute,,617.0,38.06,99.97,0,110.01,3.03,3.05,0,0,75.22,497.69055
2023-06-23,southeastasia,Storage,482.0,663.0,10.48,99.96,0,105.9,2.4,5.71,0,0,77.17,590.7333
2023-06-23,centralus,Compute,1948.0,2275.0,170.0,99.85,0,126.45,2.3,3.79,0,0,83.62,282.27234
2023-06-23,centralus,Storage,705.0,968.0,16.12,99.88,0,96.56,3.87,3.2,0,0,94.66,698.026
2023-06-23,uksouth,Compute,1623.0,1937.0,133.87,99.96,0,109.86,1.88,0.67,0,0,67.56,692.50793
2023-06-23,uksouth,Storage,678.0,785.0,14.71,100.8,0,95.5,2.52,0.56,0,0,86.63,769.6302
2023-06-24,eastus,Compute,961.0,1243.0,81.82,99.98,1,91.48,3.64,5.0,0,1,76.22,361.63098
2023-06-24,eastus,Storage,965.0,,21.96,99.95,1,118.27,2.05,5.83,0,0,60.54,416.7541
2023-06-24,westeurope,Compute,415.0,547.0,34.29,99.89,1,110.45,3.31,5.78,0,0,68.35,728.10266
2023-06-24,westeurope,Storage,241.0,326.0,5.15,99.97,1,134.28,3.18,0.76,0,0,85.6,230.7131
2023-06-24,southeastasia,Compute,605.0,761.0,52.79,99.98,1,93.31,4.04,5.17,0,0,78.27,497.56076
2023-06-24,southeastasia,Storage,251.0,348.0,5.52,99.92,1,91.31,2.86,4.59,0,0,58.95,331.3852
2023-06-24,centralus,Compute,,714.0,47.87,99.93,1,113.97,2.29,4.03,1,0,57.23,581.4416
2023-06-24,centralus,Storage,710.0,933.0,15.46,99.95,1,105.3,2.46,5.47,0,0,82.5,575.1272
2023-06-24,uksouth,Compute,1365.0,1692.0,119.64,99.96,1,119.46,2.47,3.97,0,0,94.0,556.85175
2023-06-24,uksouth,Storage,647.0,873.0,14.24,99.91,1,104.33,2.16,5.56,0,0,87.58,148.4448
2023-06-25,eastus,Compute,1977.0,2360.0,173.7,99.96,1,134.84,1.26,3.47,0,0,85.52,808.8257
2023-06-25,eastus,Storage,467.0,637.0,10.73,99.94,1,113.12,3.68,4.8,0,0,72.37,810.60565
2023-06-25,westeurope,Compute,1426.0,1976.0,122.09,99.89,1,128.47,1.37,2.25,0,0,58.37,315.3789
2023-06-25,westeurope,Storage,287.0,332.0,6.18,99.88,1,85.33,4.09,2.24,0,0,99.49,645.13257
2023-06-25,southeastasia,Compute,589.0,735.0,50.14,99.96,1,101.72,4.44,4.54,0,0,82.1,281.37994
2023-06-25,southeastasia,Storage,319.0,,6.95,99.96,1,97.91,3.26,3.09,0,0,92.78,916.0264
2023-06-25,centralus,Compute,834.0,1020.0,73.79,99.96,1,109.01,3.38,2.35,0,0,53.97,776.48505
2023-06-25,centralus,Storage,433.0,521.0,9.98,99.88,1,103.12,1.77,5.6,0,0,62.31,659.55994
2023-06-25,uksouth,Compute,,659.0,42.14,99.9,1,130.72,2.67,3.31,0,0,58.85,857.0245
2023-06-25,uksouth,Storage,132.0,171.0,3.01,99.86,1,96.42,2.25,4.75,0,0,57.9,522.012
2023-06-26,eastus,Compute,1924.0,,165.29,99.87,0,115.46,4.31,5.82,0,0,96.92,1047.2692
2023-06-26,eastus,Storage,686.0,803.0,14.82,99.93,0,89.99,3.56,3.56,0,0,70.05,930.83307
2023-06-26,westeurope,Compute,,1480.0,96.44,99.98,0,108.52,3.62,1.37,0,0,67.41,487.13412
2023-06-26,westeurope,Storage,621.0,724.0,13.27,99.97,0,99.87,3.91,2.33,0,0,73.43,433.7626
2023-06-26,southeastasia,Compute,1126.0,1327.0,97.79,99.97,0,121.1,4.21,5.4,0,0,58.36,197.91441
2023-06-26,southeastasia,Storage,738.0,916.0,15.55,99.88,0,97.64,1.79,1.83,0,0,80.15,494.407
2023-06-26,centralus,Compute,903.0,1201.0,73.7,99.91,0,125.8,3.36,4.25,0,0,97.79,315.18976
2023-06-26,centralus,Storage,602.0,774.0,13.23,99.91,0,108.53,3.32,5.82,0,0,85.17,390.6724
2023-06-26,uksouth,Compute,1289.0,,113.32,99.98,0,107.58,2.19,2.36,0,0,95.54,612.8405
2023-06-26,uksouth,Storage,829.0,1008.0,18.56,99.98,0,109.69,2.54,1.78,0,0,97.21,416.39572
2023-06-27,eastus,Compute,392.0,478.0,32.37,99.91,0,101.74,3.8,4.61,0,0,98.69,222.39998
2023-06-27,eastus,Storage,3168.0,3969.0,,99.85,0,116.59,3.03,3.96,0,0,84.77,515.2481
2023-06-27,westeurope,Compute,1821.0,2314.0,158.58,99.93,0,103.33,3.96,4.83,0,0,65.8,799.11884
2023-06-27,westeurope,Storage,955.0,1199.0,20.97,99.85,0,109.41,1.51,5.41,0,0,91.35,903.0091
2023-06-27,southeastasia,Compute,271.0,367.0,23.54,99.96,0,115.03,3.57,2.71,0,0,58.67,498.8206
2023-06-27,southeastasia,Storage,161.0,194.0,3.69,99.94,0,87.69,3.42,5.01,0,0,59.88,1022.76074
2023-06-27,centralus,Compute,1241.0,1517.0,106.32,99.92,0,98.8,1.81,5.0,0,0,75.79,222.57977
2023-06-27,centralus,Storage,457.0,602.0,10.16,99.99,0,96.57,2.51,3.04,0,0,88.61,258.83508
2023-06-27,uksouth,Compute,1287.0,1529.0,114.31,99.87,0,105.95,1.47,5.57,0,0,52.11,433.7824
2023-06-27,uksouth,Storage,192.0,222.0,4.12,99.91,0,117.0,3.21,1.85,0,0,62.53,922.433
2023-06-28,eastus,Compute,1029.0,1385.0,86.96,99.93,0,86.63,2.84,2.84,0,0,59.1,561.99475
2023-06-28,eastus,Storage,1275.0,1646.0,28.1,99.97,0,107.55,2.56,4.43,0,0,75.25,599.08954
2023-06-28,westeurope,Compute,992.0,,86.46,99.88,0,109.7,1.64,1.62,0,0,95.86,462.8044
2023-06-28,westeurope,Storage,853.0,1170.0,19.44,99.93,0,89.4,3.5,3.85,0,0,54.33,789.14233
2023-06-28,southeastasia,Compute,343.0,472.0,27.8,99.91,0,128.09,2.03,1.08,0,0,71.43,637.3907
2023-06-28,southeastasia,Storage,,345.0,6.03,99.97,0,116.78,4.3,5.95,0,0,95.75,523.15265
2023-06-28,centralus,Compute,1027.0,1421.0,86.13,99.9,0,102.16,2.26,3.34,0,0,70.63,965.67426
2023-06-28,centralus,Storage,402.0,493.0,8.88,99.87,0,110.44,2.23,5.63,0,0,96.68,397.92603
2023-06-28,uksouth,Compute,880.0,1142.0,75.04,99.92,0,114.78,4.48,5.93,0,0,65.9,716.21606
2023-06-28,uksouth,Storage,920.0,1248.0,21.25,99.94,0,96.17,2.11,2.9,0,0,84.41,752.96356
2023-06-29,eastus,Compute,2117.0,,187.83,99.96,0,91.94,2.53,0.94,0,0,90.22,771.2781
2023-06-29,eastus,Storage,867.0,1119.0,18.8,99.95,0,114.56,3.94,0.82,0,0,94.02,868.26697
2023-06-29,westeurope,Compute,1245.0,1610.0,107.22,99.88,0,114.76,2.83,2.61,0,0,53.84,339.90857
2023-06-29,westeurope,Storage,645.0,776.0,14.82,99.91,0,125.27,2.15,5.3,0,0,85.25,1068.296
2023-06-29,southeastasia,Compute,1361.0,1871.0,115.05,99.91,0,85.51,3.62,1.4,0,0,52.25,670.7233
2023-06-29,southeastasia,Storage,382.0,523.0,8.44,99.9,0,118.58,3.22,3.58,0,0,81.04,527.67847
2023-06-29,centralus,Compute,1731.0,2091.0,143.45,99.96,0,108.97,1.56,0.75,0,0,80.86,377.5615
2023-06-29,centralus,Storage,664.0,843.0,14.07,99.99,0,129.35,1.94,1.79,0,0,71.16,862.91595
2023-06-29,uksouth,Compute,1692.0,2327.0,145.1,99.93,0,112.71,1.57,4.85,0,0,92.52,410.06836
2023-06-29,uksouth,Storage,434.0,540.0,9.11,99.94,0,87.36,1.83,0.77,0,0,86.74,154.38312
2023-06-30,eastus,Compute,1862.0,,157.44,99.86,0,121.54,2.44,2.17,0,1,87.13,1058.4576
2023-06-30,eastus,Storage,1183.0,1469.0,25.35,99.9,0,113.1,4.05,3.51,0,0,96.98,854.70386
2023-06-30,westeurope,Compute,439.0,519.0,38.97,99.91,0,91.33,1.34,2.31,0,0,89.54,720.8816
2023-06-30,westeurope,Storage,589.0,806.0,,99.93,0,103.45,1.26,4.04,0,0,75.4,311.81006
2023-06-30,southeastasia,Compute,724.0,898.0,62.16,99.86,0,107.64,3.21,4.43,0,0,95.11,427.62622
2023-06-30,southeastasia,Storage,848.0,1067.0,18.78,99.85,0,132.96,1.56,4.99,0,0,98.33,915.66705
2023-06-30,centralus,Compute,815.0,1034.0,71.24,99.94,0,121.8,1.68,5.15,0,0,90.9,339.89822
2023-06-30,centralus,Storage,996.0,1368.0,22.06,99.94,0,92.94,4.15,3.02,0,0,50.31,497.12186
2023-06-30,uksouth,Compute,1159.0,1379.0,,99.92,0,112.38,2.29,5.35,0,0,59.34,919.75574
2023-06-30,uksouth,Storage,864.0,1120.0,18.88,99.98,0,109.56,4.13,1.95,0,0,71.14,1080.5547
2023-07-01,eastus,Compute,1124.0,1481.0,98.44,99.96,1,114.98,2.91,4.78,0,0,82.89,792.4798
2023-07-01,eastus,Storage,194.0,233.0,4.13,99.97,1,132.68,1.81,5.73,0,0,87.54,759.53235
2023-07-01,westeurope,Compute,1548.0,2024.0,137.24,99.98,1,120.58,1.86,5.66,0,0,91.34,2243.4878
2023-07-01,westeurope,Storage,434.0,605.0,9.8,99.98,1,124.53,4.2,1.07,0,0,78.42,700.44794
2023-07-01,southeastasia,Compute,,,41.64,99.95,1,111.72,1.24,3.95,0,0,50.08,433.53195
2023-07-01,southeastasia,Storage,469.0,630.0,10.12,99.87,1,119.09,1.6,3.04,0,0,73.53,192.35504
2023-07-01,centralus,Compute,1269.0,1740.0,104.53,99.88,1,128.72,4.27,5.11,0,0,72.56,679.5305
2023-07-01,centralus,Storage,593.0,715.0,12.76,100.8,1,102.15,3.23,3.25,1,0,54.4,855.83777
2023-07-01,uksouth,Compute,606.0,697.0,,99.85,1,110.39,4.2,2.74,0,0,61.89,558.7224
2023-07-01,uksouth,Storage,394.0,464.0,8.46,99.97,1,112.15,4.01,4.6,0,0,78.36,495.9666
2023-07-02,eastus,Compute,1627.0,2181.0,141.95,100.8,1,93.48,2.14,3.68,0,0,68.66,442.24344
2023-07-02,eastus,Storage,585.0,690.0,12.29,99.95,1,86.87,3.88,3.75,0,0,80.32,475.01215
2023-07-02,westeurope,Compute,825.0,1085.0,72.75,99.96,1,123.03,1.73,1.55,0,0,97.18,1055.8425
2023-07-02,westeurope,Storage,398.0,476.0,8.37,99.86,1,113.71,1.78,5.18,0,0,71.37,714.0151
2023-07-02,southeastasia,Compute,572.0,798.0,50.06,99.93,1,115.33,2.02,4.54,0,0,81.86,167.89294
2023-07-02,southeastasia,Storage,586.0,695.0,13.22,99.89,1,91.18,1.52,1.13,0,0,61.89,547.91034
2023-07-02,centralus,Compute,1536.0,,130.68,99.85,1,89.11,3.64,2.33,0,0,52.25,545.66644
2023-07-02,centralus,Storage,2124.0,2471.0,46.35,99.93,1,123.19,1.43,2.34,0,0,68.47,163.92786
2023-07-02,uksouth,Compute,1260.0,1482.0,,99.92,1,99.81,3.26,5.72,0,0,50.06,383.95703
2023-07-02,uksouth,Storage,481.0,648.0,10.97,99.92,1,112.01,2.71,1.51,0,0,89.94,562.427
2023-07-03,eastus,Compute,724.0,980.0,60.51,99.96,0,95.85,2.37,1.06,0,0,50.3,907.42993
2023-07-03,eastus,Storage,1036.0,,23.7,99.88,0,119.61,3.55,1.78,1,0,80.86,582.46356
2023-07-03,westeurope,Compute,1756.0,2217.0,142.71,99.89,0,97.22,2.18,4.02,0,0,89.41,939.8399
2023-07-03,westeurope,Storage,828.0,1007.0,18.54,99.9,0,119.63,1.68,1.95,0,0,54.48,702.02203
2023-07-03,southeastasia,Compute,1182.0,1385.0,95.56,99.95,0,115.68,1.23,0.77,0,0,82.64,694.0238
2023-07-03,southeastasia,Storage,,1064.0,16.91,99.87,0,128.88,2.07,0.75,0,0,55.76,571.08777
2023-07-03,centralus,Compute,773.0,978.0,65.5,99.94,0,112.27,2.79,4.24,0,0,69.57,830.59375
2023-07-03,centralus,Storage,847.0,977.0,19.34,99.92,0,122.55,1.77,3.56,0,0,67.29,491.11856
2023-07-03,uksouth,Compute,1529.0,2093.0,136.13,99.97,0,88.37,2.33,4.62,0,0,89.72,204.35538
2023-07-03,uksouth,Storage,224.0,309.0,4.86,99.87,0,123.5,2.07,4.35,0,0,93.06,299.3122
2023-07-04,eastus,Compute,996.0,1201.0,,99.97,0,112.75,3.84,4.91,0,0,84.6,761.9563
2023-07-04,eastus,Storage,351.0,424.0,,99.91,0,116.17,4.48,3.53,0,0,98.99,345.58408
2023-07-04,westeurope,Compute,1126.0,1309.0,,99.95,0,111.52,4.4,3.04,1,0,96.49,559.5024
2023-07-04,westeurope,Storage,871.0,1096.0,18.2,99.96,0,112.1,2.69,5.06,0,0,90.74,273.78592
2023-07-04,southeastasia,Compute,618.0,807.0,53.99,99.9,0,119.59,1.42,0.7,0,0,76.7,750.71295
2023-07-04,southeastasia,Storage,527.0,,11.73,99.99,0,111.12,3.79,2.78,1,0,97.22,292.69818
2023-07-04,centralus,Compute,556.0,737.0,46.68,99.95,0,93.68,3.96,5.91,0,0,77.76,606.0413
2023-07-04,centralus,Storage,850.0,1037.0,19.26,99.98,0,98.61,1.69,5.9,0,0,68.95,558.05664
2023-07-04,uksouth,Compute,348.0,432.0,30.59,99.86,0,131.77,3.66,2.92,0,0,54.68,386.01395
2023-07-04,uksouth,Storage,495.0,586.0,11.22,99.87,0,133.69,2.87,5.16,0,0,54.08,767.90137
2023-07-05,eastus,Compute,1421.0,1986.0,122.22,99.89,0,127.4,1.7,3.05,0,0,69.15,408.76346
2023-07-05,eastus,Storage,872.0,,19.5,99.93,0,100.46,3.2,5.37,0,0,74.05,838.06256
2023-07-05,westeurope,Compute,849.0,1144.0,70.38,99.95,0,122.46,2.54,0.85,1,0,53.57,549.01355
2023-07-05,westeurope,Storage,,794.0,14.13,99.88,0,115.33,3.96,1.44,0,0,78.16,978.042
2023-07-05,southeastasia,Compute,750.0,960.0,,99.95,0,113.61,3.26,3.41,0,0,96.11,345.50403
2023-07-05,southeastasia,Storage,604.0,832.0,13.85,99.89,0,134.7,2.08,0.6,0,0,79.21,338.04398
2023-07-05,centralus,Compute,1599.0,2122.0,136.5,99.9,0,126.13,1.73,2.89,0,0,82.48,987.40283
2023-07-05,centralus,Storage,503.0,616.0,10.87,99.97,0,130.48,1.25,2.29,0,0,97.21,713.9615
2023-07-05,uksouth,Compute,742.0,940.0,63.93,99.95,0,117.24,4.37,4.63,0,0,73.02,745.69354
2023-07-05,uksouth,Storage,287.0,363.0,6.38,99.91,0,104.8,3.42,4.16,0,0,56.57,475.5002
2023-07-06,eastus,Compute,487.0,671.0,42.07,99.89,0,109.5,3.72,4.97,0,0,86.81,519.1753
2023-07-06,eastus,Storage,452.0,561.0,9.98,99.94,0,113.38,4.16,1.34,0,0,93.03,163.01935
2023-07-06,westeurope,Compute,697.0,875.0,56.85,99.87,0,110.88,2.96,3.07,1,0,56.69,254.29895
2023-07-06,westeurope,Storage,539.0,734.0,11.48,99.92,0,109.3,3.99,1.32,0,0,97.26,451.29987
2023-07-06,southeastasia,Compute,648.0,,52.59,99.94,0,120.34,3.2,3.26,0,0,99.42,747.6234
2023-07-06,southeastasia,Storage,329.0,403.0,7.11,99.91,0,132.77,2.64,1.27,1,0,96.94,470.15744
2023-07-06,centralus,Compute,1300.0,1528.0,111.6,99.98,0,88.96,2.05,4.65,0,0,80.06,421.28528
2023-07-06,centralus,Storage,144.0,194.0,3.13,99.95,0,92.54,2.52,3.54,0,0,87.99,642.3852
2023-07-06,uksouth,Compute,637.0,,53.66,99.9,0,117.77,3.73,3.25,0,0,59.31,665.2239
2023-07-06,uksouth,Storage,723.0,1005.0,15.42,99.85,0,114.51,2.28,3.65,0,0,92.56,547.91003
2023-07-07,eastus,Compute,494.0,576.0,43.37,99.98,0,116.28,4.1,4.21,0,0,54.6,817.09344
2023-07-07,eastus,Storage,598.0,741.0,12.99,99.9,0,86.0,3.61,3.86,0,0,65.44,447.7338
2023-07-07,westeurope,Compute,1767.0,2353.0,150.69,99.86,0,119.73,2.68,4.55,1,0,72.35,649.10583
2023-07-07,westeurope,Storage,326.0,419.0,,99.97,0,88.41,2.17,5.29,0,0,59.17,769.34766
2023-07-07,southeastasia,Compute,419.0,583.0,36.77,99.94,0,98.9,4.2,2.23,0,0,52.4,438.907
2023-07-07,southeastasia,Storage,559.0,779.0,11.75,99.96,0,103.43,1.71,1.56,0,0,65.59,191.98207
2023-07-07,centralus,Compute,1518.0,1868.0,131.0,99.99,0,108.28,3.88,5.54,1,0,55.02,497.87997
2023-07-07,centralus,Storage,732.0,1017.0,16.17,99.95,0,104.89,2.47,1.19,0,0,74.51,790.0346
2023-07-07,uksouth,Compute,1452.0,1932.0,118.17,99.92,0,127.03,3.55,5.24,0,0,72.06,694.9433
2023-07-07,uksouth,Storage,602.0,814.0,13.34,99.96,0,132.03,3.55,1.35,0,0,62.92,517.2888
2023-07-08,eastus,Compute,342.0,462.0,28.78,99.95,1,129.96,2.06,1.83,0,0,55.55,553.70917
2023-07-08,eastus,Storage,577.0,765.0,12.8,99.98,1,100.35,1.34,5.97,0,0,99.22,862.5577
2023-07-08,westeurope,Compute,1415.0,1716.0,115.27,99.92,1,105.31,1.21,5.21,0,0,98.35,1082.5989
2023-07-08,westeurope,Storage,1066.0,1389.0,24.2,99.87,1,91.4,2.06,2.04,0,0,52.99,164.30426
2023-07-08,southeastasia,Compute,312.0,415.0,27.5,99.86,1,120.33,3.33,3.93,0,0,54.92,767.603
2023-07-08,southeastasia,Storage,111.0,153.0,2.49,99.85,1,130.99,3.58,3.21,0,0,77.5,196.62799
2023-07-08,centralus,Compute,922.0,1232.0,81.95,99.86,1,111.46,1.24,5.04,0,0,84.36,822.5307
2023-07-08,centralus,Storage,148.0,197.0,3.22,99.89,1,87.95,4.34,3.7,0,0,61.66,351.8501
2023-07-08,uksouth,Compute,490.0,668.0,,99.93,1,103.39,2.33,5.64,0,0,80.35,508.3839
2023-07-08,uksouth,Storage,402.0,515.0,9.03,99.9,1,92.19,1.98,4.26,0,0,66.15,265.88342
2023-07-09,eastus,Compute,4614.0,5666.0,400.77,99.87,1,122.12,2.62,3.83,0,0,58.67,311.72946
2023-07-09,eastus,Storage,652.0,871.0,14.01,99.95,1,128.13,2.09,3.37,0,0,69.59,729.04407
2023-07-09,westeurope,Compute,1210.0,1597.0,105.15,99.98,1,126.24,3.21,0.68,0,0,65.28,153.6855
2023-07-09,westeurope,Storage,416.0,568.0,9.44,99.92,1,132.92,4.35,5.81,0,0,80.95,454.54562
2023-07-09,southeastasia,Compute,815.0,1035.0,70.39,99.91,1,102.59,2.98,5.77,0,0,84.01,397.4025
2023-07-09,southeastasia,Storage,,677.0,12.02,99.89,1,118.32,2.62,0.96,0,0,96.15,840.7889
2023-07-09,centralus,Compute,,1339.0,93.42,99.92,1,108.6,4.11,4.0,0,0,96.67,470.14496
2023-07-09,centralus,Storage,373.0,451.0,8.3,99.91,1,89.46,2.7,4.85,0,0,70.5,571.85754
2023-07-09,uksouth,Compute,711.0,890.0,59.22,99.93,1,92.99,3.57,3.52,0,0,95.03,580.4926
2023-07-09,uksouth,Storage,293.0,356.0,6.6,99.99,1,121.73,1.44,3.98,0,0,88.13,528.764
2023-07-10,eastus,Compute,1857.0,,,99.99,0,111.22,1.89,1.51,0,0,73.91,619.62756
2023-07-10,eastus,Storage,383.0,475.0,8.6,99.95,0,100.77,4.28,3.29,0,0,87.54,330.1432
2023-07-10,westeurope,Compute,1408.0,1650.0,,99.96,0,118.59,2.58,2.27,0,0,69.6,575.90045
2023-07-10,westeurope,Storage,781.0,1040.0,17.29,99.94,0,116.3,2.85,4.6,0,1,55.53,130.2579
2023-07-10,southeastasia,Compute,535.0,645.0,46.35,99.87,0,129.35,2.37,2.7,0,0,84.02,545.43207
2023-07-10,southeastasia,Storage,313.0,408.0,6.8,99.89,0,128.07,1.24,4.44,0,0,75.38,311.3255
2023-07-10,centralus,Compute,1284.0,1513.0,,99.9,0,102.43,2.94,4.53,0,0,60.52,620.375
2023-07-10,centralus,Storage,579.0,711.0,12.32,99.96,0,96.31,3.67,1.64,0,0,87.49,753.88354
2023-07-10,uksouth,Compute,746.0,1011.0,62.76,99.99,0,103.31,3.86,2.43,0,0,59.63,1041.6741
2023-07-10,uksouth,Storage,249.0,331.0,5.24,100.8,0,112.14,3.58,3.22,0,0,87.12,223.70906
2023-07-11,eastus,Compute,1305.0,1625.0,114.13,99.89,0,108.91,1.41,1.46,0,0,91.05,307.44354
2023-07-11,eastus,Storage,613.0,765.0,13.91,99.88,0,127.82,2.23,5.29,0,0,94.74,507.82742
2023-07-11,westeurope,Compute,397.0,490.0,32.52,99.88,0,87.87,3.72,3.43,0,0,90.23,235.3384
2023-07-11,westeurope,Storage,342.0,,7.28,99.87,0,122.89,1.73,3.43,0,0,96.52,623.3759
2023-07-11,southeastasia,Compute,438.0,519.0,37.5,99.94,0,104.14,3.01,4.41,0,0,91.24,452.6725
2023-07-11,southeastasia,Storage,609.0,806.0,13.11,99.98,0,115.27,2.96,2.12,0,0,57.17,418.4362
2023-07-11,centralus,Compute,865.0,1202.0,71.44,99.94,0,106.4,2.69,1.08,0,0,87.48,728.6742
2023-07-11,centralus,Storage,241.0,303.0,5.04,99.92,0,96.36,1.82,2.06,0,0,72.24,682.7063
2023-07-11,uksouth,Compute,1408.0,1853.0,123.97,99.99,0,95.51,1.61,4.57,0,0,76.63,377.21188
2023-07-11,uksouth,Storage,,805.0,13.0,99.91,0,101.1,1.97,1.35,0,0,85.13,441.1936
2023-07-12,eastus,Compute,345.0,458.0,,99.96,0,127.75,2.3,0.51,0,0,80.93,652.225
2023-07-12,eastus,Storage,2142.0,2997.0,,99.86,0,114.15,3.54,4.51,0,0,87.23,395.64044
2023-07-12,westeurope,Compute,411.0,560.0,34.65,99.96,0,119.61,4.26,0.63,0,0,79.26,722.5124
2023-07-12,westeurope,Storage,434.0,514.0,9.26,99.86,0,98.41,2.21,2.34,0,0,74.81,602.561
2023-07-12,southeastasia,Compute,1225.0,1412.0,108.5,99.89,0,127.09,3.64,1.13,0,0,63.11,325.30157
2023-07-12,southeastasia,Storage,778.0,,16.33,99.96,0,104.73,2.21,5.92,0,0,92.84,555.5294
2023-07-12,centralus,Compute,1230.0,1468.0,104.66,99.91,0,89.59,3.39,4.97,0,0,79.29,259.28204
2023-07-12,centralus,Storage,,249.0,3.75,99.92,0,118.47,3.86,4.6,0,0,53.94,529.99005
2023-07-12,uksouth,Compute,1134.0,1317.0,94.52,99.98,0,120.5,1.21,2.07,1,0,84.27,248.5684
2023-07-12,uksouth,Storage,781.0,902.0,16.82,99.98,0,122.39,3.05,1.82,0,0,61.52,452.55475
2023-07-13,eastus,Compute,1028.0,1413.0,86.49,99.96,0,119.35,3.72,0.64,0,0,74.5,529.19727
2023-07-13,eastus,Storage,,949.0,15.17,99.89,0,105.04,2.0,5.37,0,0,81.58,144.64082
2023-07-13,westeurope,Compute,894.0,1092.0,73.03,99.99,0,93.81,1.82,5.13,0,0,53.59,853.7861
2023-07-13,westeurope,Storage,558.0,773.0,12.65,99.92,0,112.99,3.94,3.16,0,0,54.42,126.76987
2023-07-13,southeastasia,Compute,792.0,1007.0,66.73,99.89,0,125.37,1.85,3.92,0,0,99.15,478.1869
2023-07-13,southeastasia,Storage,1047.0,,23.2,99.86,0,128.17,4.34,3.05,0,0,80.68,507.28186
2023-07-13,centralus,Compute,875.0,1221.0,77.16,99.97,0,105.36,2.9,3.01,0,0,69.09,204.45993
2023-07-13,centralus,Storage,,197.0,3.35,99.97,0,124.78,4.03,5.1,0,0,95.1,348.44962
2023-07-13,uksouth,Compute,1349.0,1592.0,109.0,99.91,0,121.2,3.33,4.08,0,0,84.03,481.30145
2023-07-13,uksouth,Storage,392.0,505.0,8.25,99.89,0,96.89,3.75,2.4,0,0,96.83,334.29172
2023-07-14,eastus,Compute,,2392.0,166.24,99.89,0,88.58,2.48,4.53,0,0,83.47,624.3253
2023-07-14,eastus,Storage,851.0,1090.0,18.14,99.95,0,111.19,4.32,5.51,0,0,60.69,474.39563
2023-07-14,westeurope,Compute,712.0,852.0,62.09,99.98,0,90.45,1.74,1.71,0,0,83.91,646.91284
2023-07-14,westeurope,Storage,938.0,1146.0,19.92,99.96,0,108.53,2.04,3.98,0,0,59.51,837.6346
2023-07-14,southeastasia,Compute,830.0,956.0,67.65,99.89,0,85.76,3.46,4.99,0,0,90.2,132.75658
2023-07-14,southeastasia,Storage,237.0,277.0,5.08,99.89,0,107.57,2.93,4.49,0,0,87.32,445.38727
2023-07-14,centralus,Compute,1259.0,1728.0,105.09,99.91,0,118.76,4.12,4.76,0,0,53.41,152.83928
2023-07-14,centralus,Storage,612.0,736.0,12.8,99.86,0,119.93,3.24,5.7,0,0,53.39,570.5802
2023-07-14,uksouth,Compute,,1260.0,81.37,99.95,0,119.53,3.54,3.51,0,0,60.3,636.2881
2023-07-14,uksouth,Storage,383.0,490.0,8.43,99.9,0,122.98,3.37,5.25,1,0,99.64,501.29007
2023-07-15,eastus,Compute,616.0,732.0,51.98,99.91,1,114.26,1.42,2.63,0,0,71.73,475.3025
2023-07-15,eastus,Storage,384.0,452.0,8.09,99.95,1,91.23,2.64,4.55,0,0,93.2,234.53078
2023-07-15,westeurope,Compute,1029.0,1413.0,88.73,100.8,1,103.94,2.02,4.19,0,0,72.81,142.07141
2023-07-15,westeurope,Storage,1146.0,1567.0,25.15,99.96,1,124.29,3.71,4.01,0,0,65.14,465.0697
2023-07-15,southeastasia,Compute,317.0,400.0,26.45,99.87,1,109.12,2.89,1.37,0,0,51.52,624.0654
2023-07-15,southeastasia,Storage,299.0,395.0,6.55,99.88,1,106.51,1.88,2.08,0,0,75.39,551.91095
2023-07-15,centralus,Compute,252.0,292.0,21.11,99.9,1,126.15,3.63,5.43,0,0,51.01,548.49585
2023-07-15,centralus,Storage,328.0,422.0,7.32,99.9,1,94.6,3.86,2.61,0,0,74.5,429.02472
2023-07-15,uksouth,Compute,1364.0,1630.0,113.3,99.88,1,87.67,1.27,4.05,0,0,65.04,171.02087
2023-07-15,uksouth,Storage,234.0,272.0,5.29,99.95,1,130.09,1.5,5.84,1,0,54.24,516.3734
2023-07-16,eastus,Compute,815.0,1058.0,,99.87,1,88.83,4.2,3.48,0,0,96.08,398.87515
2023-07-16,eastus,Storage,,347.0,6.02,99.99,1,125.68,2.09,2.47,0,0,58.46,525.194
2023-07-16,westeurope,Compute,1289.0,1786.0,108.71,99.96,1,116.86,2.24,1.18,0,0,58.46,144.79314
2023-07-16,westeurope,Storage,794.0,,17.16,99.95,1,124.26,4.28,2.71,0,0,99.68,941.5454
2023-07-16,southeastasia,Compute,2278.0,2731.0,193.18,99.87,1,122.9,1.32,1.74,1,0,52.62,568.01666
2023-07-16,southeastasia,Storage,,,5.27,99.94,1,88.86,3.16,4.41,0,0,90.2,387.66324
2023-07-16,centralus,Compute,247.0,314.0,21.48,99.94,1,105.91,1.33,2.15,0,0,80.7,136.40689
2023-07-16,centralus,Storage,706.0,853.0,15.51,99.97,1,97.11,3.38,1.9,0,0,81.66,441.14536
2023-07-16,uksouth,Compute,,1844.0,136.42,99.88,1,125.34,1.86,3.57,0,0,54.07,497.09613
2023-07-16,uksouth,Storage,642.0,898.0,14.27,99.97,1,93.62,3.92,5.49,0,0,96.32,316.90195
2023-07-17,eastus,Compute,1369.0,,113.99,99.86,0,107.56,2.64,2.47,0,0,89.55,599.4931
2023-07-17,eastus,Storage,542.0,728.0,12.15,99.95,0,102.03,4.39,4.01,0,0,71.05,634.44977
2023-07-17,westeurope,Compute,553.0,770.0,48.32,99.99,0,103.66,2.21,2.74,0,0,94.06,600.6838
2023-07-17,westeurope,Storage,364.0,450.0,,99.96,0,126.52,4.32,1.33,0,0,79.73,389.66983
2023-07-17,southeastasia,Compute,771.0,974.0,64.87,99.95,0,87.73,2.76,1.94,0,0,58.57,468.73593
2023-07-17,southeastasia,Storage,226.0,302.0,4.73,99.9,0,107.39,3.02,5.83,0,0,81.68,522.34595
2023-07-17,centralus,Compute,549.0,712.0,48.89,99.87,0,134.32,2.74,1.7,0,0,67.37,467.5869
2023-07-17,centralus,Storage,721.0,907.0,16.46,99.92,0,110.6,2.04,4.18,1,0,74.91,540.1642
2023-07-17,uksouth,Compute,1008.0,1369.0,83.84,100.8,0,127.88,3.15,2.51,0,0,64.67,655.95825
2023-07-17,uksouth,Storage,772.0,947.0,17.64,99.92,0,98.97,4.39,4.38,0,0,57.01,212.42938
2023-07-18,eastus,Compute,1493.0,1823.0,131.5,99.92,0,91.54,3.54,1.35,0,0,58.4,1325.6031
2023-07-18,eastus,Storage,540.0,,12.35,99.86,0,117.12,1.4,5.7,0,0,71.22,414.67728
2023-07-18,westeurope,Compute,1387.0,1610.0,122.5,99.98,0,125.66,1.55,5.45,1,0,75.03,626.76306
2023-07-18,westeurope,Storage,533.0,703.0,11.66,99.93,0,100.77,1.71,2.48,0,0,73.56,678.02045
2023-07-18,southeastasia,Compute,474.0,608.0,39.59,99.9,0,107.54,1.61,1.49,0,1,79.99,204.55226
2023-07-18,southeastasia,Storage,629.0,758.0,,99.87,0,127.59,3.01,3.16,0,0,94.13,131.4402
2023-07-18,centralus,Compute,339.0,434.0,28.02,99.95,0,127.67,2.21,2.9,0,0,54.89,149.82657
2023-07-18,centralus,Storage,,471.0,8.09,99.96,0,110.02,4.38,4.91,0,0,72.67,378.00113
2023-07-18,uksouth,Compute,1287.0,1750.0,108.07,99.88,0,126.2,3.33,5.41,1,0,95.05,349.26953
2023-07-18,uksouth,Storage,413.0,538.0,9.16,99.91,0,107.2,4.07,2.66,0,0,88.54,664.57605
2023-07-19,eastus,Compute,1027.0,1225.0,88.19,99.87,0,116.51,3.66,5.3,0,0,92.58,247.48624
2023-07-19,eastus,Storage,859.0,1057.0,18.64,99.97,0,101.53,3.41,3.08,0,0,71.43,626.2309
2023-07-19,westeurope,Compute,417.0,578.0,33.94,99.98,0,98.04,4.46,3.37,1,0,97.01,546.92993
2023-07-19,westeurope,Storage,754.0,1003.0,15.87,99.92,0,130.44,2.51,1.58,0,0,61.94,796.947
2023-07-19,southeastasia,Compute,786.0,1085.0,67.73,99.96,0,96.28,3.14,0.79,0,0,83.45,271.95038
2023-07-19,southeastasia,Storage,455.0,568.0,9.65,99.87,0,120.61,2.95,3.81,0,0,70.07,286.63528
2023-07-19,centralus,Compute,897.0,1108.0,73.04,99.88,0,126.52,1.87,2.67,0,0,78.09,1299.8701
2023-07-19,centralus,Storage,207.0,246.0,4.65,99.89,0,115.02,2.58,2.34,0,0,93.53,193.3196
2023-07-19,uksouth,Compute,1371.0,1587.0,120.15,99.99,0,87.33,2.83,4.57,0,0,96.05,670.3912
2023-07-19,uksouth,Storage,236.0,293.0,5.1,99.96,0,86.12,2.2,2.99,0,0,71.64,480.76392
2023-07-20,eastus,Compute,2148.0,2778.0,185.55,99.9,0,88.18,1.38,5.22,0,0,96.44,478.37997
2023-07-20,eastus,Storage,635.0,783.0,13.56,99.88,0,101.89,2.86,3.71,0,0,50.68,513.02405
2023-07-20,westeurope,Compute,1712.0,1974.0,138.73,99.88,0,122.17,3.44,4.06,0,0,69.9,554.74945
2023-07-20,westeurope,Storage,873.0,1047.0,,100.8,0,118.01,2.9,3.76,0,0,93.41,201.89629
2023-07-20,southeastasia,Compute,1020.0,1273.0,88.44,99.88,0,130.85,4.39,5.46,0,0,59.12,572.42474
2023-07-20,southeastasia,Storage,424.0,,8.94,99.94,0,100.84,2.97,4.72,0,0,61.86,287.76968
2023-07-20,centralus,Compute,482.0,572.0,42.66,99.92,0,93.51,2.97,5.29,0,0,78.83,497.8295
2023-07-20,centralus,Storage,,1031.0,20.21,99.96,0,99.39,1.27,1.4,0,1,52.04,515.43207
2023-07-20,uksouth,Compute,660.0,849.0,54.37,99.89,0,117.11,2.25,4.25,0,0,68.33,501.18198
2023-07-20,uksouth,Storage,594.0,752.0,13.27,99.88,0,118.98,3.91,2.01,0,0,50.26,226.73776
2023-07-21,eastus,Compute,1341.0,1859.0,109.21,99.98,0,108.22,2.9,5.12,0,0,86.63,662.5596
2023-07-21,eastus,Storage,320.0,376.0,7.06,99.91,0,96.48,4.19,3.81,0,0,56.88,523.6859
2023-07-21,westeurope,Compute,,1050.0,63.69,99.91,0,97.84,1.91,0.74,0,0,76.57,362.59808
2023-07-21,westeurope,Storage,563.0,718.0,12.57,99.87,0,112.25,2.76,2.35,0,0,98.57,167.04251
2023-07-21,southeastasia,Compute,390.0,,33.39,100.8,0,90.55,2.92,5.41,0,0,61.06,514.465
2023-07-21,southeastasia,Storage,748.0,890.0,16.86,100.8,0,106.24,1.82,4.74,0,0,57.43,501.793
2023-07-21,centralus,Compute,1605.0,1973.0,130.79,99.95,0,95.61,2.07,0.93,0,0,92.28,239.82954
2023-07-21,centralus,Storage,303.0,402.0,6.54,99.88,0,124.64,1.79,3.95,0,0,89.14,553.7669
2023-07-21,uksouth,Compute,785.0,1042.0,65.24,99.86,0,112.76,3.73,0.56,0,0,81.86,234.5184
2023-07-21,uksouth,Storage,553.0,744.0,11.82,99.93,0,110.25,3.34,1.53,0,0,59.01,535.92334
2023-07-22,eastus,Compute,329.0,459.0,28.24,99.95,1,128.07,4.06,0.59,0,0,83.36,134.21661
2023-07-22,eastus,Storage,250.0,343.0,5.44,99.99,1,91.99,2.48,5.31,0,0,95.39,367.02728
2023-07-22,westeurope,Compute,,,115.26,99.86,1,125.17,2.93,5.98,0,0,58.55,454.3778
2023-07-22,westeurope,Storage,417.0,546.0,9.49,99.92,1,112.74,3.39,4.51,0,0,61.97,170.2794
2023-07-22,southeastasia,Compute,220.0,275.0,19.4,99.99,1,113.86,1.68,2.85,0,0,60.26,368.5427
2023-07-22,southeastasia,Storage,666.0,904.0,15.07,99.91,1,131.65,4.17,1.97,0,0,87.24,328.17203
2023-07-22,centralus,Compute,949.0,1154.0,79.33,99.97,1,124.43,4.29,4.34,0,0,83.34,350.16513
2023-07-22,centralus,Storage,516.0,,11.69,99.93,1,102.96,4.17,4.72,0,0,73.35,786.0302
2023-07-22,uksouth,Compute,1326.0,1573.0,109.01,99.92,1,124.22,4.16,3.62,0,0,74.71,657.1516
2023-07-22,uksouth,Storage,406.0,511.0,8.56,99.91,1,85.2,2.66,4.28,0,0,73.72,451.19867
2023-07-23,eastus,Compute,1558.0,,138.23,99.99,1,86.01,2.05,5.58,0,0,82.61,220.35408
2023-07-23,eastus,Storage,315.0,421.0,7.09,99.97,1,112.75,2.12,5.25,0,0,59.52,614.50244
2023-07-23,westeurope,Compute,282.0,361.0,23.72,99.98,1,122.49,3.42,0.82,0,0,83.03,273.67908
2023-07-23,westeurope,Storage,430.0,502.0,9.25,99.9,1,108.99,2.5,3.37,0,0,67.59,413.95456
2023-07-23,southeastasia,Compute,3345.0,4328.0,278.92,99.87,1,128.14,1.86,5.82,0,0,75.1,763.43604
2023-07-23,southeastasia,Storage,373.0,483.0,,99.88,1,87.29,2.83,4.26,0,0,53.93,227.41846
2023-07-23,centralus,Compute,775.0,909.0,66.97,99.92,1,118.32,2.46,4.63,0,0,51.38,550.1062
2023-07-23,centralus,Storage,598.0,693.0,13.77,99.95,1,119.31,3.23,1.92,0,0,96.21,353.99545
2023-07-23,uksouth,Compute,300.0,372.0,25.62,99.86,1,114.41,3.77,5.93,0,0,68.3,390.1409
2023-07-23,uksouth,Storage,482.0,622.0,10.84,99.89,1,126.61,4.32,5.35,0,0,68.25,642.2723
2023-07-24,eastus,Compute,685.0,902.0,,99.88,0,91.21,1.35,5.82,0,0,96.0,550.07
2023-07-24,eastus,Storage,1040.0,1267.0,22.16,99.89,0,95.63,2.63,1.78,0,0,71.23,398.6489
2023-07-24,westeurope,Compute,1565.0,2040.0,133.89,99.87,0,99.74,1.93,4.89,0,0,83.24,282.59128
2023-07-24,westeurope,Storage,423.0,568.0,9.55,99.91,0,92.89,3.13,4.84,0,0,62.28,461.214
2023-07-24,southeastasia,Compute,539.0,691.0,46.61,99.87,0,85.33,4.39,4.96,0,0,96.45,520.92194
2023-07-24,southeastasia,Storage,459.0,543.0,10.12,99.93,0,109.24,3.35,4.43,0,0,52.72,524.27844
2023-07-24,centralus,Compute,652.0,792.0,56.23,99.98,0,93.3,1.82,3.8,0,0,64.39,782.74817
2023-07-24,centralus,Storage,777.0,948.0,,99.96,0,101.45,3.26,1.48,0,0,58.55,626.00397
2023-07-24,uksouth,Compute,1473.0,1930.0,129.08,99.95,0,113.23,2.43,5.55,0,0,85.49,304.89426
2023-07-24,uksouth,Storage,202.0,268.0,,99.97,0,92.6,4.36,5.99,1,0,71.7,542.2776
2023-07-25,eastus,Compute,908.0,1235.0,76.86,99.9,0,122.06,3.35,5.83,0,0,64.55,726.141
2023-07-25,eastus,Storage,676.0,845.0,14.96,99.97,0,108.88,2.15,1.92,0,0,84.29,133.51863
2023-07-25,westeurope,Compute,1789.0,2333.0,155.71,99.85,0,101.98,3.74,2.72,0,0,77.63,848.8276
2023-07-25,westeurope,Storage,508.0,619.0,11.05,100.8,0,121.38,4.12,3.03,0,0,86.45,851.3105
2023-07-25,southeastasia,Compute,417.0,,36.16,99.9,0,94.16,1.78,3.13,0,0,92.59,646.82526
2023-07-25,southeastasia,Storage,649.0,765.0,14.94,99.92,0,89.67,1.91,4.37,0,0,71.38,309.74222
2023-07-25,centralus,Compute,917.0,1092.0,76.57,100.8,0,120.19,2.22,5.77,0,0,66.18,823.7686
2023-07-25,centralus,Storage,244.0,293.0,5.61,99.95,0,122.76,3.53,4.16,0,0,82.87,655.4164
2023-07-25,uksouth,Compute,1422.0,1736.0,120.11,99.91,0,85.8,3.43,4.56,0,0,83.22,257.1734
2023-07-25,uksouth,Storage,1410.0,1661.0,32.35,99.98,0,132.79,1.45,2.0,0,0,90.36,793.5927
2023-07-26,eastus,Compute,1294.0,1795.0,109.63,99.87,0,101.76,2.43,2.4,0,0,66.19,397.6875
2023-07-26,eastus,Storage,,483.0,8.04,99.88,0,115.85,1.54,0.86,0,0,67.72,861.4744
2023-07-26,westeurope,Compute,1657.0,2049.0,139.86,100.8,0,100.98,3.88,2.79,0,0,92.69,509.84644
2023-07-26,westeurope,Storage,1005.0,1321.0,21.7,99.97,0,95.67,3.8,3.08,0,0,79.41,281.33023
2023-07-26,southeastasia,Compute,1307.0,1828.0,110.51,99.87,0,129.73,1.96,5.59,0,0,59.21,160.2252
2023-07-26,southeastasia,Storage,402.0,466.0,9.07,99.89,0,99.03,2.68,4.62,0,0,94.1,136.20271
2023-07-26,centralus,Compute,,452.0,33.77,99.97,0,119.76,2.12,1.74,0,0,68.95,177.28815
2023-07-26,centralus,Storage,276.0,336.0,5.81,99.96,0,127.75,2.61,5.76,0,0,63.15,618.65607
2023-07-26,uksouth,Compute,918.0,1276.0,77.78,99.98,0,103.27,2.06,0.9,0,0,98.84,617.51025
2023-07-26,uksouth,Storage,637.0,764.0,14.39,99.85,0,104.92,2.38,2.31,0,0,70.16,722.8993
2023-07-27,eastus,Compute,1334.0,1629.0,117.24,99.93,0,89.17,2.48,3.56,0,0,69.01,341.78775
2023-07-27,eastus,Storage,695.0,951.0,15.99,99.98,0,98.7,2.05,4.57,0,0,68.88,488.43048
2023-07-27,westeurope,Compute,888.0,1068.0,72.64,99.94,0,117.59,1.4,4.75,0,0,99.16,272.58585
2023-07-27,westeurope,Storage,338.0,388.0,7.57,99.98,0,127.87,3.06,5.43,0,0,99.07,440.70258
2023-07-27,southeastasia,Compute,1351.0,1676.0,118.72,99.88,0,132.34,1.34,5.39,0,0,99.87,777.0669
2023-07-27,southeastasia,Storage,710.0,992.0,15.19,99.88,0,108.73,3.77,1.16,0,0,54.74,431.32077
2023-07-27,centralus,Compute,1379.0,1681.0,118.8,99.92,0,129.93,3.42,3.78,0,0,52.71,794.112
2023-07-27,centralus,Storage,512.0,686.0,11.58,99.95,0,124.52,3.17,2.09,0,0,62.3,593.9915
2023-07-27,uksouth,Compute,1304.0,1683.0,110.65,99.95,0,112.13,2.51,0.53,0,0,96.1,202.65117
2023-07-27,uksouth,Storage,633.0,867.0,13.86,99.93,0,121.69,4.02,4.07,0,0,93.12,165.21503
2023-07-28,eastus,Compute,1461.0,,126.4,99.93,0,128.48,3.3,5.17,0,0,99.65,276.65808
2023-07-28,eastus,Storage,892.0,1054.0,20.55,99.89,0,86.66,2.77,5.27,0,0,57.84,351.18137
2023-07-28,westeurope,Compute,1828.0,2503.0,159.11,100.8,0,118.47,1.59,1.15,0,0,98.59,814.0489
2023-07-28,westeurope,Storage,976.0,1364.0,22.21,99.91,0,122.67,3.0,1.59,0,0,66.32,213.46037
2023-07-28,southeastasia,Compute,601.0,809.0,49.53,99.87,0,95.43,1.95,4.21,0,0,86.22,426.2999
2023-07-28,southeastasia,Storage,614.0,788.0,13.0,100.8,0,126.05,1.7,3.5,0,0,98.49,473.25827
2023-07-28,centralus,Compute,,1161.0,73.87,99.91,0,87.82,3.76,1.0,0,0,98.55,473.74716
2023-07-28,centralus,Storage,871.0,1069.0,19.36,99.9,0,97.89,4.02,2.61,0,0,77.14,444.02966
2023-07-28,uksouth,Compute,781.0,988.0,66.7,99.92,0,130.71,4.16,1.18,0,0,84.2,219.84096
2023-07-28,uksouth,Storage,544.0,664.0,12.42,99.94,0,108.41,2.98,2.32,0,0,93.02,525.9501
2023-07-29,eastus,Compute,520.0,,42.46,99.88,1,92.18,3.63,5.84,0,0,51.08,292.81995
2023-07-29,eastus,Storage,224.0,294.0,4.78,99.92,1,89.4,2.92,5.46,1,0,61.66,278.48227
2023-07-29,westeurope,Compute,326.0,378.0,28.96,99.88,1,99.96,3.32,2.86,0,0,99.59,472.10266
2023-07-29,westeurope,Storage,290.0,392.0,6.36,99.9,1,116.61,3.35,4.13,0,0,60.67,238.31827
2023-07-29,southeastasia,Compute,834.0,1153.0,73.22,99.96,1,85.24,3.46,1.77,0,0,78.24,357.83258
2023-07-29,southeastasia,Storage,325.0,428.0,7.45,99.91,1,91.6,4.42,3.32,0,0,78.52,372.44507
2023-07-29,centralus,Compute,332.0,,27.31,99.93,1,102.38,2.88,5.77,0,0,56.21,313.27637
2023-07-29,centralus,Storage,696.0,968.0,15.59,99.85,1,108.78,2.07,3.47,0,0,66.16,950.73627
2023-07-29,uksouth,Compute,1470.0,1864.0,122.34,99.93,1,88.57,3.39,1.31,0,0,73.29,772.42615
2023-07-29,uksouth,Storage,705.0,981.0,14.77,99.98,1,95.81,2.65,2.2,0,0,76.96,1528.9728
2023-07-30,eastus,Compute,1749.0,2361.0,153.09,99.95,1,107.76,3.95,5.19,0,0,60.15,878.4318
2023-07-30,eastus,Storage,930.0,1113.0,21.09,99.86,1,119.78,2.49,3.68,0,0,60.21,210.85713
2023-07-30,westeurope,Compute,1116.0,1362.0,94.82,99.98,1,132.44,2.12,5.36,0,0,79.95,559.33386
2023-07-30,westeurope,Storage,174.0,210.0,3.92,99.97,1,98.28,3.14,0.69,0,0,94.83,433.53397
2023-07-30,southeastasia,Compute,762.0,1022.0,,99.96,1,113.62,2.35,3.4,1,0,68.31,969.66364
2023-07-30,southeastasia,Storage,560.0,673.0,12.31,99.97,1,132.13,2.36,1.13,0,0,88.96,800.3641
2023-07-30,centralus,Compute,827.0,1145.0,69.05,99.86,1,134.08,2.66,2.88,0,0,86.01,544.20483
2023-07-30,centralus,Storage,419.0,515.0,9.51,99.99,1,94.06,3.72,3.84,0,0,54.86,795.84406
2023-07-30,uksouth,Compute,1186.0,1409.0,,99.89,1,120.91,1.65,1.65,0,0,54.82,522.49347
2023-07-30,uksouth,Storage,473.0,561.0,10.03,99.94,1,103.29,2.4,3.87,0,0,82.86,951.889
2023-07-31,eastus,Compute,593.0,709.0,50.14,99.88,0,95.91,3.96,3.72,0,0,60.64,325.83835
2023-07-31,eastus,Storage,840.0,1019.0,18.17,99.95,0,121.86,1.88,2.6,0,0,58.12,622.2763
2023-07-31,westeurope,Compute,792.0,1014.0,,99.86,0,126.63,3.2,1.47,0,0,88.85,791.9503
2023-07-31,westeurope,Storage,294.0,371.0,6.44,99.86,0,103.41,1.62,1.52,0,0,74.18,194.46756
2023-07-31,southeastasia,Compute,795.0,1019.0,65.34,100.8,0,110.31,2.4,0.71,0,0,55.8,366.6196
2023-07-31,southeastasia,Storage,261.0,,6.0,99.99,0,114.27,3.7,4.62,0,0,87.04,471.90366
2023-07-31,centralus,Compute,1092.0,1426.0,93.55,99.88,0,132.66,3.69,2.6,0,0,60.66,622.51587
2023-07-31,centralus,Storage,890.0,1147.0,19.72,99.87,0,102.48,3.09,1.86,0,0,97.14,970.41046
2023-07-31,uksouth,Compute,665.0,840.0,57.58,99.96,0,94.88,3.34,4.31,0,0,85.98,375.46936
2023-07-31,uksouth,Storage,423.0,562.0,8.93,99.89,0,101.9,2.27,4.21,0,0,76.33,175.1211
2023-08-01,eastus,Compute,1024.0,1386.0,84.85,99.88,0,89.2,2.79,2.34,0,0,99.55,545.4861
2023-08-01,eastus,Storage,572.0,790.0,12.45,99.91,0,125.98,2.83,4.9,1,0,54.55,821.7141
2023-08-01,westeurope,Compute,964.0,1108.0,80.88,99.9,0,110.19,1.64,4.3,0,0,99.18,310.50024
2023-08-01,westeurope,Storage,911.0,1079.0,19.55,99.92,0,111.18,3.01,1.67,0,0,62.92,1011.1776
2023-08-01,southeastasia,Compute,821.0,951.0,70.66,99.9,0,116.13,2.08,5.82,0,0,52.28,293.29565
2023-08-01,southeastasia,Storage,538.0,667.0,12.23,99.98,0,94.35,2.82,1.35,0,0,69.47,614.4288
2023-08-01,centralus,Compute,,1713.0,116.65,99.87,0,100.5,4.19,2.29,0,0,98.01,586.62683
2023-08-01,centralus,Storage,380.0,497.0,8.19,99.94,0,107.61,4.31,2.44,0,0,97.94,336.98425
2023-08-01,uksouth,Compute,309.0,391.0,26.96,99.86,0,114.69,1.24,1.93,0,0,60.01,638.9342
2023-08-01,uksouth,Storage,453.0,585.0,9.63,99.98,0,133.74,4.11,1.81,0,0,78.97,490.21265
2023-08-02,eastus,Compute,786.0,966.0,67.68,99.99,0,113.7,2.24,1.84,0,0,63.97,489.12073
2023-08-02,eastus,Storage,897.0,1134.0,20.69,99.99,0,123.8,3.97,5.82,0,0,86.73,721.3241
2023-08-02,westeurope,Compute,4902.0,6716.0,426.59,99.97,0,89.8,3.1,2.31,0,0,92.29,725.5013
2023-08-02,westeurope,Storage,865.0,1194.0,19.92,99.86,0,101.59,1.23,4.67,0,0,84.58,339.31833
2023-08-02,southeastasia,Compute,571.0,665.0,50.11,99.9,0,91.05,3.55,0.95,0,0,58.24,738.043
2023-08-02,southeastasia,Storage,248.0,304.0,5.21,99.98,0,115.44,1.32,5.08,0,0,80.14,469.87796
2023-08-02,centralus,Compute,1192.0,1590.0,98.18,99.9,0,121.62,3.36,5.24,0,0,51.97,411.2036
2023-08-02,centralus,Storage,325.0,414.0,6.98,99.88,0,115.02,1.81,3.54,0,0,87.29,401.85083
2023-08-02,uksouth,Compute,1055.0,1471.0,92.35,99.9,0,131.86,4.5,3.04,0,1,52.18,1032.3674
2023-08-02,uksouth,Storage,430.0,580.0,9.03,99.89,0,108.61,4.28,0.84,0,0,82.63,379.72485
2023-08-03,eastus,Compute,1027.0,1391.0,84.62,99.89,0,107.02,3.64,4.46,0,0,61.71,344.14047
2023-08-03,eastus,Storage,316.0,427.0,6.72,99.86,0,96.74,3.65,4.14,0,0,83.25,870.4717
2023-08-03,westeurope,Compute,644.0,826.0,57.02,100.8,0,117.12,2.53,5.06,0,0,54.14,902.65314
2023-08-03,westeurope,Storage,717.0,,15.14,99.91,0,101.5,1.24,3.72,0,0,94.63,638.54297
2023-08-03,southeastasia,Compute,362.0,451.0,31.67,99.9,0,105.78,2.64,5.71,0,0,80.58,1787.0358
2023-08-03,southeastasia,Storage,459.0,570.0,10.16,99.85,0,103.54,3.04,2.87,0,0,57.69,324.393
2023-08-03,centralus,Compute,1073.0,1425.0,89.55,99.97,0,124.74,3.23,1.48,0,0,68.82,707.5166
2023-08-03,centralus,Storage,292.0,371.0,6.17,99.94,0,121.66,3.53,2.31,0,0,64.85,1000.7149
2023-08-03,uksouth,Compute,347.0,428.0,28.91,99.95,0,89.99,1.75,2.77,0,0,60.02,674.0121
2023-08-03,uksouth,Storage,637.0,733.0,14.2,99.92,0,96.19,1.25,1.36,0,0,82.35,942.58563
2023-08-04,eastus,Compute,1685.0,2336.0,145.08,99.89,0,109.12,2.68,3.43,0,0,93.59,332.7042
2023-08-04,eastus,Storage,934.0,1140.0,19.79,99.89,0,101.35,1.62,4.39,0,0,99.65,1014.08203
2023-08-04,westeurope,Compute,928.0,1196.0,,99.85,0,123.55,4.21,1.17,0,0,64.27,367.2774
2023-08-04,westeurope,Storage,844.0,972.0,17.71,100.8,0,109.03,4.0,4.64,0,0,87.27,631.9537
2023-08-04,southeastasia,Compute,262.0,320.0,23.05,99.98,0,92.06,3.18,4.96,0,0,61.27,1011.0145
2023-08-04,southeastasia,Storage,507.0,708.0,11.53,99.87,0,125.31,1.6,1.86,0,0,80.3,864.2241
2023-08-04,centralus,Compute,340.0,428.0,30.1,99.93,0,88.57,1.84,1.8,0,0,93.48,656.22833
2023-08-04,centralus,Storage,255.0,348.0,5.83,99.87,0,96.49,2.95,0.79,0,0,74.46,916.26794
2023-08-04,uksouth,Compute,821.0,1130.0,68.43,99.99,0,97.47,2.76,2.39,0,0,51.62,246.0205
2023-08-04,uksouth,Storage,203.0,249.0,4.35,99.99,0,99.71,2.48,5.16,0,0,77.91,289.49594
2023-08-05,eastus,Compute,1308.0,,107.72,99.98,1,85.71,4.05,1.82,0,0,56.76,286.62915
2023-08-05,eastus,Storage,435.0,600.0,9.46,99.86,1,86.19,1.89,0.79,0,0,98.61,490.215
2023-08-05,westeurope,Compute,2006.0,2717.0,170.73,99.95,1,133.72,2.27,0.91,0,0,79.0,354.34872
2023-08-05,westeurope,Storage,171.0,197.0,3.6,99.97,1,87.15,3.44,2.25,0,0,97.67,891.06323
2023-08-05,southeastasia,Compute,239.0,309.0,21.16,99.89,1,88.58,1.87,3.23,0,0,53.73,1616.4033
2023-08-05,southeastasia,Storage,148.0,193.0,3.3,99.91,1,104.75,1.73,0.89,0,0,82.06,956.65027
2023-08-05,centralus,Compute,992.0,1368.0,82.59,99.95,1,129.24,2.01,5.53,0,0,95.73,917.73645
2023-08-05,centralus,Storage,393.0,455.0,8.34,99.95,1,107.59,2.72,5.88,0,0,71.69,645.5332
2023-08-05,uksouth,Compute,821.0,1136.0,,99.96,1,105.44,1.53,1.04,0,0,78.58,206.46275
2023-08-05,uksouth,Storage,123.0,155.0,2.83,99.89,1,98.0,1.55,1.85,0,0,57.41,506.89047
2023-08-06,eastus,Compute,848.0,1051.0,,99.89,1,99.91,3.32,1.36,0,0,50.96,441.36578
2023-08-06,eastus,Storage,505.0,662.0,10.67,99.93,1,107.56,2.89,2.36,0,0,67.24,277.34085
2023-08-06,westeurope,Compute,1130.0,1450.0,95.35,99.97,1,130.76,2.81,0.92,0,0,64.17,382.42215
2023-08-06,westeurope,Storage,303.0,370.0,6.41,99.89,1,123.63,2.3,4.29,0,0,93.67,925.19574
2023-08-06,southeastasia,Compute,,443.0,27.63,99.87,1,101.42,2.17,1.72,0,0,84.25,214.3095
2023-08-06,southeastasia,Storage,868.0,1117.0,18.33,99.99,1,117.78,1.6,3.92,0,0,64.54,451.6426
2023-08-06,centralus,Compute,861.0,1111.0,71.84,99.89,1,103.22,1.8,4.18,0,0,54.71,592.92633
2023-08-06,centralus,Storage,555.0,666.0,12.41,99.94,1,107.29,2.24,3.87,0,0,50.6,603.3853
2023-08-06,uksouth,Compute,1304.0,1784.0,106.14,99.94,1,88.1,4.1,2.65,0,0,93.07,306.85025
2023-08-06,uksouth,Storage,153.0,196.0,3.4,99.95,1,101.69,4.4,1.34,0,0,89.52,973.56445
2023-08-07,eastus,Compute,1367.0,1678.0,111.67,99.88,0,118.76,3.06,5.89,1,0,50.71,803.7708
2023-08-07,eastus,Storage,501.0,607.0,10.77,99.91,0,111.88,2.41,4.57,1,1,85.8,864.1235
2023-08-07,westeurope,Compute,,2700.0,203.12,99.92,0,122.11,1.86,3.52,0,0,73.71,992.86487
2023-08-07,westeurope,Storage,706.0,980.0,16.01,99.96,0,103.06,3.69,3.88,0,0,89.44,460.67026
2023-08-07,southeastasia,Compute,621.0,820.0,52.15,99.93,0,93.57,3.18,3.26,1,0,59.56,867.727
2023-08-07,southeastasia,Storage,112.0,152.0,2.51,99.95,0,103.04,1.21,1.71,0,0,76.93,420.2117
2023-08-07,centralus,Compute,,1153.0,69.48,99.86,0,99.75,3.09,5.96,0,0,80.09,804.2249
2023-08-07,centralus,Storage,678.0,929.0,15.1,99.86,0,98.23,4.48,1.99,0,0,70.12,951.6984
2023-08-07,uksouth,Compute,441.0,590.0,37.76,99.88,0,114.1,2.18,0.98,0,0,81.59,175.68384
2023-08-07,uksouth,Storage,463.0,557.0,10.45,99.86,0,126.64,1.2,5.39,0,0,93.23,836.75256
2023-08-08,eastus,Compute,1821.0,2128.0,149.14,99.9,0,111.87,4.07,3.48,0,0,93.88,476.26428
2023-08-08,eastus,Storage,692.0,,15.72,99.96,0,116.85,1.52,2.29,0,0,51.51,589.93744
2023-08-08,westeurope,Compute,1185.0,1561.0,105.46,99.94,0,125.69,1.53,4.5,0,0,77.6,546.57935
2023-08-08,westeurope,Storage,,424.0,7.37,99.9,0,122.33,3.76,4.04,0,0,92.17,827.1721
2023-08-08,southeastasia,Compute,458.0,587.0,,99.98,0,128.87,2.08,4.59,0,0,75.57,371.36887
2023-08-08,southeastasia,Storage,,438.0,7.2,99.99,0,109.69,3.18,1.77,0,0,80.08,1079.3162
2023-08-08,centralus,Compute,565.0,750.0,50.22,99.93,0,101.65,3.84,2.87,0,0,60.87,341.5938
2023-08-08,centralus,Storage,428.0,542.0,,99.99,0,94.05,3.6,3.1,0,0,65.15,449.7515
2023-08-08,uksouth,Compute,598.0,723.0,49.73,99.98,0,107.89,2.71,5.28,0,0,86.08,488.51108
2023-08-08,uksouth,Storage,219.0,298.0,4.74,99.97,0,128.5,4.4,0.57,0,0,76.41,395.23868
2023-08-09,eastus,Compute,1302.0,1565.0,,99.92,0,107.68,3.49,1.98,0,0,69.09,505.35846
2023-08-09,eastus,Storage,,,11.71,99.91,0,104.51,3.56,1.93,0,0,86.39,671.6246
2023-08-09,westeurope,Compute,343.0,468.0,30.31,99.86,0,128.8,2.63,4.96,0,0,98.94,782.2287
2023-08-09,westeurope,Storage,737.0,874.0,,99.88,0,121.33,1.95,0.98,0,0,80.27,236.23273
2023-08-09,southeastasia,Compute,,685.0,44.14,99.94,0,121.01,2.84,2.07,1,0,99.0,350.458
2023-08-09,southeastasia,Storage,505.0,650.0,11.36,99.91,0,87.19,4.13,0.74,0,0,86.76,742.3177
2023-08-09,centralus,Compute,682.0,792.0,58.34,99.91,0,106.6,4.4,1.95,0,0,66.09,420.47574
2023-08-09,centralus,Storage,707.0,,15.08,99.88,0,134.12,3.03,3.16,0,0,58.83,186.30151
2023-08-09,uksouth,Compute,1053.0,1454.0,85.8,99.93,0,113.78,1.31,1.36,0,0,67.19,1353.4156
2023-08-09,uksouth,Storage,774.0,1075.0,16.63,99.91,0,122.48,2.1,4.36,0,0,99.32,577.10425
2023-08-10,eastus,Compute,,,113.93,99.96,0,134.61,3.5,2.26,0,0,82.35,428.0323
2023-08-10,eastus,Storage,670.0,837.0,,99.96,0,99.4,1.25,4.5,0,0,51.11,725.4785
2023-08-10,westeurope,Compute,1688.0,2286.0,138.05,99.95,0,127.07,1.81,1.68,0,0,69.99,309.41138
2023-08-10,westeurope,Storage,781.0,1033.0,17.99,99.87,0,121.57,2.55,1.74,0,0,90.77,484.97678
2023-08-10,southeastasia,Compute,997.0,1347.0,86.72,99.94,0,133.01,3.55,3.97,0,0,98.36,464.46524
2023-08-10,southeastasia,Storage,205.0,285.0,4.48,99.91,0,104.23,3.8,1.05,0,0,50.83,823.8547
2023-08-10,centralus,Compute,986.0,1330.0,,99.86,0,96.08,2.18,2.04,0,0,92.8,996.5025
2023-08-10,centralus,Storage,234.0,308.0,,99.88,0,105.67,3.16,4.3,0,0,62.34,911.76825
2023-08-10,uksouth,Compute,,672.0,41.24,99.95,0,132.59,2.83,2.75,0,0,96.99,569.25287
2023-08-10,uksouth,Storage,402.0,527.0,8.54,99.97,0,98.56,3.93,2.14,0,0,69.69,561.6627
2023-08-11,eastus,Compute,998.0,,84.43,99.92,0,102.4,1.44,3.21,0,0,53.83,230.13164
2023-08-11,eastus,Storage,831.0,1159.0,17.42,100.8,0,107.93,2.23,2.05,0,0,53.58,442.81616
2023-08-11,westeurope,Compute,733.0,853.0,64.74,99.91,0,129.88,1.41,5.37,0,0,53.09,195.52498
2023-08-11,westeurope,Storage,510.0,626.0,11.62,99.94,0,119.42,4.36,5.73,0,0,60.1,717.9172
2023-08-11,southeastasia,Compute,1085.0,1274.0,96.75,99.94,0,86.15,4.11,4.26,0,0,66.84,375.91302
2023-08-11,southeastasia,Storage,349.0,460.0,7.91,99.86,0,105.91,1.67,1.0,0,0,54.19,411.35715
2023-08-11,centralus,Compute,1285.0,1714.0,112.14,99.97,0,117.58,3.75,3.67,0,0,52.67,762.59656
2023-08-11,centralus,Storage,176.0,208.0,3.75,99.88,0,115.74,4.18,5.28,0,0,58.38,453.66132
2023-08-11,uksouth,Compute,1285.0,1747.0,,99.97,0,121.74,3.43,1.23,0,0,79.41,420.13364
2023-08-11,uksouth,Storage,609.0,827.0,13.54,99.93,0,121.2,3.85,2.12,0,0,71.52,1832.6471
2023-08-12,eastus,Compute,297.0,358.0,25.16,99.98,1,91.51,2.72,2.41,0,0,77.61,634.59344
2023-08-12,eastus,Storage,157.0,195.0,3.63,99.86,1,86.14,2.3,5.73,1,0,80.16,574.76
2023-08-12,westeurope,Compute,720.0,949.0,58.38,99.94,1,131.62,3.25,2.52,0,0,73.63,391.92575
2023-08-12,westeurope,Storage,488.0,682.0,10.84,100.8,1,126.68,4.3,4.48,0,0,89.23,424.66843
2023-08-12,southeastasia,Compute,736.0,960.0,59.72,99.85,1,93.6,4.43,0.97,0,0,61.83,493.1139
2023-08-12,southeastasia,Storage,478.0,,10.29,99.98,1,129.14,3.91,2.34,0,0,78.81,565.1226
2023-08-12,centralus,Compute,1087.0,1256.0,91.99,99.95,1,94.81,1.93,3.19,0,0,74.22,842.81256
2023-08-12,centralus,Storage,435.0,511.0,9.62,99.89,1,98.18,1.93,3.59,0,0,56.92,866.8809
2023-08-12,uksouth,Compute,446.0,517.0,36.59,99.89,1,116.5,4.4,2.0,0,0,69.58,635.81995
2023-08-12,uksouth,Storage,411.0,529.0,,99.9,1,95.42,3.83,2.88,0,0,61.91,659.8085
2023-08-13,eastus,Compute,590.0,754.0,49.01,99.99,1,94.36,1.7,1.98,0,0,72.8,575.3812
2023-08-13,eastus,Storage,711.0,825.0,16.0,100.8,1,127.44,3.82,2.0,0,0,54.01,144.43733
2023-08-13,westeurope,Compute,,827.0,63.33,99.89,1,114.92,3.06,2.68,1,0,80.75,624.3789
2023-08-13,westeurope,Storage,220.0,257.0,4.77,99.9,1,117.36,2.41,2.61,0,0,69.47,160.30063
2023-08-13,southeastasia,Compute,513.0,701.0,42.84,99.9,1,126.52,4.41,2.26,0,0,63.19,310.54333
2023-08-13,southeastasia,Storage,334.0,439.0,7.25,99.87,1,120.09,2.0,3.61,0,0,86.06,429.18204
2023-08-13,centralus,Compute,1210.0,1632.0,,100.8,1,127.43,4.24,2.99,1,0,86.98,547.2378
2023-08-13,centralus,Storage,709.0,944.0,15.52,99.97,1,85.21,1.79,3.88,0,0,97.09,232.07361
2023-08-13,uksouth,Compute,268.0,,22.73,99.94,1,112.01,1.79,5.95,0,0,73.4,301.00555
2023-08-13,uksouth,Storage,281.0,369.0,6.31,99.98,1,96.83,2.63,5.84,0,0,64.43,545.5187
2023-08-14,eastus,Compute,,1048.0,65.92,99.94,0,131.7,3.76,0.87,0,0,66.93,1820.8357
2023-08-14,eastus,Storage,771.0,892.0,17.71,99.98,0,119.19,1.31,1.74,0,0,98.23,850.3164
2023-08-14,westeurope,Compute,1587.0,2052.0,136.87,99.85,0,85.44,1.57,4.73,0,0,80.17,405.22668
2023-08-14,westeurope,Storage,547.0,728.0,12.21,99.91,0,86.02,2.58,1.86,0,0,75.19,362.5682
2023-08-14,southeastasia,Compute,946.0,,79.13,99.93,0,87.92,1.41,2.83,0,0,58.95,595.61127
2023-08-14,southeastasia,Storage,621.0,858.0,13.99,99.89,0,88.4,4.36,5.96,0,0,93.25,655.4715
2023-08-14,centralus,Compute,1449.0,,122.01,99.86,0,113.28,2.45,5.36,0,1,86.86,650.8334
2023-08-14,centralus,Storage,415.0,496.0,9.23,99.88,0,110.09,2.31,1.5,0,0,97.06,586.42676
2023-08-14,uksouth,Compute,1359.0,1577.0,109.76,99.9,0,115.83,2.01,3.52,0,0,88.44,399.6659
2023-08-14,uksouth,Storage,,933.0,14.43,99.86,0,97.37,3.34,3.79,0,0,68.38,256.5228
2023-08-15,eastus,Compute,847.0,1057.0,75.37,99.91,0,123.2,2.56,2.2,0,0,99.07,227.6311
2023-08-15,eastus,Storage,184.0,244.0,4.02,99.93,0,106.81,1.85,2.98,0,0,82.02,355.96985
2023-08-15,westeurope,Compute,630.0,842.0,52.81,99.93,0,130.56,1.95,3.11,0,0,52.91,621.2791
2023-08-15,westeurope,Storage,450.0,538.0,9.93,99.96,0,126.11,3.46,3.09,0,0,61.29,555.98303
2023-08-15,southeastasia,Compute,1079.0,1468.0,95.79,99.93,0,87.46,4.35,5.07,0,0,65.78,427.5218
2023-08-15,southeastasia,Storage,473.0,623.0,10.21,99.96,0,88.26,2.89,1.18,0,0,73.11,307.5642
2023-08-15,centralus,Compute,1060.0,1415.0,91.72,99.94,0,127.8,3.02,2.74,0,0,93.5,548.3547
2023-08-15,centralus,Storage,491.0,,10.28,99.93,0,122.1,2.05,0.58,0,0,71.44,576.4436
2023-08-15,uksouth,Compute,2388.0,2808.0,212.33,99.9,0,97.78,1.36,1.46,0,0,71.23,473.86572
2023-08-15,uksouth,Storage,369.0,471.0,7.95,99.96,0,104.49,3.82,4.03,0,0,95.06,762.9421
2023-08-16,eastus,Compute,1052.0,1401.0,86.32,99.91,0,94.68,1.23,2.65,0,0,88.49,729.36536
2023-08-16,eastus,Storage,708.0,931.0,15.69,99.86,0,85.99,4.45,2.01,0,0,65.63,323.7814
2023-08-16,westeurope,Compute,1183.0,,99.94,99.9,0,101.43,3.38,3.35,0,0,83.67,444.58353
2023-08-16,westeurope,Storage,619.0,836.0,13.06,99.87,0,105.03,2.54,3.34,1,0,50.51,615.5683
2023-08-16,southeastasia,Compute,860.0,1136.0,73.89,99.95,0,129.14,1.97,2.84,0,0,51.6,195.44185
2023-08-16,southeastasia,Storage,657.0,876.0,14.4,99.99,0,87.77,2.75,2.07,0,0,81.41,201.31245
2023-08-16,centralus,Compute,1234.0,1597.0,107.52,99.98,0,113.32,2.89,0.52,0,0,88.11,647.92737
2023-08-16,centralus,Storage,711.0,818.0,16.3,99.92,0,129.8,2.34,1.32,0,0,52.01,302.88757
2023-08-16,uksouth,Compute,,872.0,58.15,99.93,0,108.97,2.95,1.5,0,0,88.23,469.12265
2023-08-16,uksouth,Storage,394.0,,8.92,99.99,0,89.51,3.66,3.78,1,0,51.31,620.1246
2023-08-17,eastus,Compute,1399.0,1888.0,118.92,99.88,0,108.79,2.23,4.32,0,0,50.33,680.77606
2023-08-17,eastus,Storage,2001.0,2689.0,42.25,99.88,0,127.52,3.17,0.53,0,0,83.06,278.04422
2023-08-17,westeurope,Compute,1292.0,1696.0,113.05,99.91,0,132.01,3.89,1.07,0,0,70.5,151.6923
2023-08-17,westeurope,Storage,154.0,195.0,3.47,99.86,0,126.79,4.23,4.8,0,0,72.51,498.82803
2023-08-17,southeastasia,Compute,1125.0,1561.0,93.69,99.92,0,99.88,2.45,3.12,0,0,57.85,631.82697
2023-08-17,southeastasia,Storage,831.0,1140.0,17.75,99.98,0,125.27,3.97,0.52,0,0,80.23,892.80273
2023-08-17,centralus,Compute,1517.0,1877.0,131.76,99.93,0,85.73,2.3,5.67,0,0,65.37,279.5782
2023-08-17,centralus,Storage,153.0,176.0,3.25,99.95,0,85.22,2.93,2.78,0,0,84.66,529.2326
2023-08-17,uksouth,Compute,700.0,912.0,59.08,99.92,0,93.8,3.44,5.8,0,0,57.52,625.82574
2023-08-17,uksouth,Storage,774.0,1052.0,16.59,99.97,0,97.65,3.24,2.47,0,0,74.96,344.3554
2023-08-18,eastus,Compute,999.0,1265.0,87.9,99.99,0,119.71,1.97,2.25,0,0,96.5,585.7539
2023-08-18,eastus,Storage,448.0,601.0,10.2,99.85,0,109.32,2.1,4.26,0,0,85.6,570.8124
2023-08-18,westeurope,Compute,613.0,810.0,50.24,99.89,0,91.27,3.82,5.73,0,0,71.85,771.37317
2023-08-18,westeurope,Storage,350.0,432.0,7.82,99.95,0,123.65,4.04,3.61,0,0,57.44,230.43684
2023-08-18,southeastasia,Compute,432.0,547.0,36.48,99.92,0,103.78,2.0,2.97,0,0,89.24,242.05533
2023-08-18,southeastasia,Storage,123.0,166.0,2.61,99.92,0,90.82,3.77,3.36,0,0,73.31,524.5443
2023-08-18,centralus,Compute,2511.0,3146.0,203.71,100.8,0,106.74,3.32,5.14,0,0,62.44,189.11658
2023-08-18,centralus,Storage,469.0,575.0,10.71,99.97,0,118.48,2.76,3.9,0,0,56.09,481.76395
2023-08-18,uksouth,Compute,565.0,758.0,,99.98,0,88.64,1.97,2.0,0,0,61.54,455.51062
2023-08-18,uksouth,Storage,554.0,767.0,12.09,99.86,0,127.13,4.22,5.6,0,0,85.46,617.86993
2023-08-19,eastus,Compute,271.0,340.0,22.92,99.91,1,93.76,2.49,3.32,0,0,59.91,1025.9512
2023-08-19,eastus,Storage,256.0,303.0,,99.97,1,90.45,2.08,4.55,0,0,95.12,507.5093
2023-08-19,westeurope,Compute,,1185.0,86.35,99.88,1,103.7,3.51,1.04,0,0,63.57,451.7226
2023-08-19,westeurope,Storage,157.0,218.0,3.5,99.92,1,105.63,3.67,2.46,0,0,77.57,512.06006
2023-08-19,southeastasia,Compute,529.0,700.0,46.74,99.87,1,110.17,2.4,2.33,0,0,72.52,689.7569
2023-08-19,southeastasia,Storage,438.0,605.0,9.43,99.99,1,90.44,4.41,1.73,0,0,65.81,467.5875
2023-08-19,centralus,Compute,829.0,1146.0,70.32,99.99,1,111.98,3.33,0.95,0,0,71.97,565.53687
2023-08-19,centralus,Storage,545.0,,11.92,99.87,1,128.34,3.78,3.69,0,0,64.78,593.25684
2023-08-19,uksouth,Compute,1144.0,1330.0,93.58,99.85,1,128.43,1.43,1.09,0,0,84.41,382.76752
2023-08-19,uksouth,Storage,132.0,174.0,2.98,99.86,1,114.49,3.69,3.61,1,0,98.14,303.43115
2023-08-20,eastus,Compute,420.0,552.0,34.37,99.85,1,107.03,2.67,4.96,0,0,53.91,405.99854
2023-08-20,eastus,Storage,,664.0,12.08,99.87,1,99.4,4.35,3.56,0,0,68.01,630.6739
2023-08-20,westeurope,Compute,1268.0,1757.0,105.72,99.85,1,97.66,1.43,3.62,0,0,86.63,764.87396
2023-08-20,westeurope,Storage,,175.0,3.08,99.86,1,92.35,1.33,2.28,0,0,92.66,551.05865
2023-08-20,southeastasia,Compute,999.0,1349.0,84.9,99.92,1,108.78,2.46,5.38,0,0,92.33,352.90155
2023-08-20,southeastasia,Storage,133.0,180.0,2.98,99.9,1,92.52,1.84,1.16,0,0,62.28,163.71484
2023-08-20,centralus,Compute,1010.0,1392.0,,99.93,1,106.69,4.09,2.83,0,0,67.46,142.53705
2023-08-20,centralus,Storage,1827.0,2423.0,38.23,99.9,1,108.3,1.52,4.26,0,0,68.4,550.91187
2023-08-20,uksouth,Compute,1105.0,1485.0,93.61,99.89,1,100.07,2.14,2.03,0,0,55.4,187.64534
2023-08-20,uksouth,Storage,433.0,536.0,9.93,99.99,1,113.97,4.17,3.9,0,0,52.23,662.7668
2023-08-21,eastus,Compute,944.0,1103.0,77.79,99.92,0,110.16,2.34,4.16,0,0,84.61,614.03033
2023-08-21,eastus,Storage,936.0,1291.0,,99.88,0,116.93,2.4,5.63,0,0,97.88,248.0751
2023-08-21,westeurope,Compute,781.0,1039.0,65.41,99.86,0,97.11,3.99,3.44,0,0,83.35,704.4459
2023-08-21,westeurope,Storage,353.0,444.0,8.03,99.87,0,103.35,2.53,2.22,0,0,50.9,191.14021
2023-08-21,southeastasia,Compute,762.0,962.0,63.62,100.8,0,131.83,3.19,4.52,0,0,54.16,540.06934
2023-08-21,southeastasia,Storage,530.0,737.0,12.19,99.92,0,99.79,1.66,5.03,0,0,93.04,353.12592
2023-08-21,centralus,Compute,1064.0,1289.0,90.12,99.88,0,89.14,3.99,3.76,0,0,93.24,540.8366
2023-08-21,centralus,Storage,415.0,498.0,8.9,99.98,0,104.25,2.24,4.33,0,0,70.46,590.2195
2023-08-21,uksouth,Compute,911.0,1211.0,77.51,99.98,0,87.43,2.05,1.71,0,0,50.75,532.6709
2023-08-21,uksouth,Storage,591.0,718.0,12.59,99.98,0,132.1,1.45,1.78,0,0,70.88,584.24963
2023-08-22,eastus,Compute,1539.0,1962.0,134.91,99.9,0,112.6,3.2,5.68,0,0,79.12,230.86147
2023-08-22,eastus,Storage,360.0,473.0,7.55,99.87,0,86.98,3.73,1.44,0,0,77.98,393.679
2023-08-22,westeurope,Compute,1360.0,1707.0,110.18,99.97,0,128.04,2.79,4.05,0,0,77.01,414.81885
2023-08-22,westeurope,Storage,511.0,655.0,11.55,99.92,0,92.84,4.07,4.21,0,0,62.25,729.2351
2023-08-22,southeastasia,Compute,786.0,988.0,64.51,99.89,0,94.24,1.47,3.69,0,0,75.77,453.0075
2023-08-22,southeastasia,Storage,639.0,885.0,14.13,99.9,0,116.25,2.8,5.13,0,0,90.23,419.58688
2023-08-22,centralus,Compute,1255.0,1727.0,108.52,99.92,0,113.48,1.9,3.42,0,0,74.03,158.24747
2023-08-22,centralus,Storage,186.0,,4.24,99.97,0,126.08,3.61,5.31,0,0,95.89,140.50203
2023-08-22,uksouth,Compute,664.0,802.0,58.51,99.93,0,115.53,3.2,5.27,0,0,61.2,536.12085
2023-08-22,uksouth,Storage,,1081.0,16.89,99.95,0,99.53,1.79,4.91,0,0,89.0,555.098
2023-08-23,eastus,Compute,787.0,920.0,66.76,99.91,0,114.55,2.38,1.27,0,0,53.37,371.64084
2023-08-23,eastus,Storage,978.0,1318.0,20.67,99.91,0,131.94,4.32,2.13,0,0,74.04,461.38522
2023-08-23,westeurope,Compute,473.0,653.0,39.88,99.86,0,102.17,2.58,1.47,0,0,76.96,467.3901
2023-08-23,westeurope,Storage,361.0,452.0,8.07,99.91,0,133.11,2.86,5.37,0,0,69.31,354.29968
2023-08-23,southeastasia,Compute,848.0,999.0,73.35,99.96,0,97.17,1.45,2.41,0,0,70.14,473.93994
2023-08-23,southeastasia,Storage,,402.0,6.5,99.89,0,95.35,4.05,4.06,0,0,86.79,349.9732
2023-08-23,centralus,Compute,1027.0,1216.0,,99.88,0,102.3,2.88,1.37,1,0,91.22,387.88687
2023-08-23,centralus,Storage,338.0,463.0,7.58,99.94,0,99.63,4.36,1.88,0,0,59.04,368.2268
2023-08-23,uksouth,Compute,1375.0,,111.11,99.96,0,108.61,2.69,3.47,0,0,64.78,143.8855
2023-08-23,uksouth,Storage,148.0,190.0,3.41,99.91,0,134.33,4.11,1.2,0,0,88.41,500.1107
2023-08-24,eastus,Compute,,1908.0,140.31,99.92,0,112.64,1.55,1.84,0,0,72.85,1185.3013
2023-08-24,eastus,Storage,175.0,234.0,,99.93,0,122.68,4.35,4.78,0,0,72.85,1424.0562
2023-08-24,westeurope,Compute,1554.0,1964.0,125.71,99.97,0,86.74,2.55,3.31,0,0,82.32,1524.5944
2023-08-24,westeurope,Storage,738.0,952.0,16.29,99.86,0,118.71,2.89,2.6,0,0,94.2,1526.8784
2023-08-24,southeastasia,Compute,432.0,,36.43,99.98,0,100.04,2.44,1.5,0,1,65.42,1366.1152
2023-08-24,southeastasia,Storage,503.0,581.0,10.88,99.95,0,91.18,3.79,4.99,0,0,59.94,1429.9823
2023-08-24,centralus,Compute,998.0,1268.0,87.83,99.87,0,119.88,3.01,4.55,0,0,51.43,2195.6145
2023-08-24,centralus,Storage,553.0,642.0,12.7,99.87,0,106.23,3.32,3.04,0,0,53.35,2176.6523
2023-08-24,uksouth,Compute,1147.0,1334.0,95.34,99.91,0,121.81,1.64,2.08,0,0,73.71,1347.1666
2023-08-24,uksouth,Storage,251.0,323.0,5.49,99.99,0,131.84,3.38,0.9,0,0,95.4,1283.7332
2023-08-25,eastus,Compute,5364.0,6742.0,456.38,99.91,0,89.98,3.38,5.98,0,0,94.98,1348.2136
2023-08-25,eastus,Storage,314.0,380.0,6.64,99.91,0,105.13,3.43,1.44,0,0,64.95,1427.1696
2023-08-25,westeurope,Compute,1226.0,1513.0,100.99,99.88,0,94.42,3.22,2.12,0,0,58.06,1323.938
2023-08-25,westeurope,Storage,748.0,915.0,17.12,99.99,0,124.88,2.49,3.85,0,0,53.39,1229.6824
2023-08-25,southeastasia,Compute,488.0,569.0,43.16,99.9,0,94.03,4.45,4.92,0,0,73.16,1553.0801
2023-08-25,southeastasia,Storage,234.0,324.0,5.04,99.92,0,128.38,3.11,4.91,0,0,65.77,1271.7172
2023-08-25,centralus,Compute,1438.0,1752.0,121.98,99.89,0,110.49,2.22,2.82,0,0,99.61,1331.5557
2023-08-25,centralus,Storage,428.0,511.0,9.49,99.86,0,132.0,1.61,5.73,0,0,58.64,1361.3698
2023-08-25,uksouth,Compute,1389.0,1860.0,116.04,99.89,0,126.9,4.37,2.82,0,0,92.85,1828.4357
2023-08-25,uksouth,Storage,184.0,215.0,4.11,99.87,0,105.39,3.26,2.51,0,0,65.46,2162.7583
2023-08-26,eastus,Compute,399.0,537.0,33.9,99.99,1,122.14,3.45,4.91,0,0,60.52,1511.1586
2023-08-26,eastus,Storage,744.0,961.0,16.55,99.9,1,95.08,2.7,4.12,0,0,71.72,1283.1858
2023-08-26,westeurope,Compute,1421.0,1750.0,117.89,99.99,1,115.67,1.45,3.39,0,0,83.31,1345.727
2023-08-26,westeurope,Storage,728.0,897.0,16.43,99.91,1,121.87,3.56,4.48,0,0,83.23,1188.8308
2023-08-26,southeastasia,Compute,799.0,1014.0,65.78,99.88,1,126.34,1.95,4.32,0,0,62.56,1213.6023
2023-08-26,southeastasia,Storage,124.0,160.0,2.78,99.95,1,103.51,4.24,2.31,0,0,77.03,1559.1508
2023-08-26,centralus,Compute,1096.0,1358.0,95.03,99.95,1,113.73,1.39,1.2,1,0,73.88,1678.1898
2023-08-26,centralus,Storage,353.0,476.0,8.01,99.97,1,128.26,4.26,5.64,0,0,82.15,1539.2976
2023-08-26,uksouth,Compute,,764.0,51.02,99.97,1,120.16,1.55,2.49,0,0,60.42,1346.379
2023-08-26,uksouth,Storage,393.0,547.0,8.7,99.97,1,132.46,2.63,0.79,0,0,94.65,1272.7247
2023-08-27,eastus,Compute,948.0,1146.0,83.39,99.87,1,131.26,2.43,1.88,0,0,77.41,1321.1086
2023-08-27,eastus,Storage,129.0,169.0,2.86,99.86,1,131.85,2.37,4.91,0,0,66.33,1250.6539
2023-08-27,westeurope,Compute,480.0,665.0,38.84,99.96,1,110.59,3.24,4.26,0,0,95.48,1509.0789
2023-08-27,westeurope,Storage,163.0,224.0,3.65,99.94,1,95.15,4.04,5.26,0,0,91.21,1998.4285
2023-08-27,southeastasia,Compute,953.0,1228.0,83.88,99.92,1,89.22,1.32,3.92,0,0,71.27,2137.1685
2023-08-27,southeastasia,Storage,451.0,628.0,10.21,99.97,1,118.98,4.07,3.76,0,0,50.75,1179.4857
2023-08-27,centralus,Compute,422.0,586.0,37.51,99.92,1,89.9,2.71,0.65,0,0,73.37,1252.3297
2023-08-27,centralus,Storage,421.0,516.0,9.71,99.85,1,88.18,4.39,3.49,0,0,66.13,1201.8682
2023-08-27,uksouth,Compute,666.0,850.0,54.05,99.97,1,116.38,4.31,3.8,0,0,83.23,1942.8535
2023-08-27,uksouth,Storage,409.0,518.0,,99.98,1,133.93,4.27,3.25,0,0,97.54,1217.851
2023-08-28,eastus,Compute,583.0,752.0,47.51,99.87,0,87.59,4.34,4.05,0,0,59.69,2145.1248
2023-08-28,eastus,Storage,749.0,873.0,17.06,99.86,0,108.56,2.88,3.42,0,0,50.22,2152.9417
2023-08-28,westeurope,Compute,546.0,753.0,45.35,99.89,0,125.75,2.3,5.07,0,0,61.54,1258.8944
2023-08-28,westeurope,Storage,548.0,753.0,11.9,99.92,0,86.2,4.42,4.97,0,0,96.55,1138.192
2023-08-28,southeastasia,Compute,674.0,930.0,56.72,99.86,0,100.12,3.48,4.87,0,0,53.22,1984.1694
2023-08-28,southeastasia,Storage,626.0,848.0,13.14,99.95,0,111.44,2.51,4.72,0,0,84.42,1205.9824
2023-08-28,centralus,Compute,,350.0,24.19,99.96,0,106.92,2.43,3.23,0,0,67.54,1313.0875
2023-08-28,centralus,Storage,770.0,1036.0,,99.88,0,88.86,2.87,4.26,0,0,78.43,1283.8711
2023-08-28,uksouth,Compute,251.0,326.0,21.82,99.94,0,120.68,3.12,5.1,0,0,78.77,1175.8076
2023-08-28,uksouth,Storage,1062.0,1273.0,,99.97,0,125.94,4.08,2.82,0,0,96.85,1273.5941
2023-08-29,eastus,Compute,1297.0,,114.98,99.96,0,131.44,3.65,2.93,0,0,54.32,1209.3918
2023-08-29,eastus,Storage,739.0,874.0,,99.88,0,126.68,3.9,1.28,0,0,94.21,1267.537
2023-08-29,westeurope,Compute,2274.0,2791.0,188.8,99.91,0,108.25,1.97,0.97,0,0,95.74,1262.5066
2023-08-29,westeurope,Storage,,753.0,13.5,99.93,0,105.15,3.0,1.81,0,0,94.38,1492.0021
2023-08-29,southeastasia,Compute,573.0,704.0,50.49,99.99,0,119.42,3.36,4.43,0,0,53.56,2131.6443
2023-08-29,southeastasia,Storage,552.0,724.0,12.7,99.89,0,127.3,3.57,5.01,0,0,84.33,1625.6925
2023-08-29,centralus,Compute,665.0,,58.01,99.98,0,93.47,4.41,3.89,0,0,81.13,1242.4196
2023-08-29,centralus,Storage,437.0,510.0,9.65,99.91,0,99.47,4.4,5.0,0,0,59.68,1245.754
2023-08-29,uksouth,Compute,994.0,1203.0,82.13,99.94,0,99.58,1.63,2.57,0,0,59.33,1912.7743
2023-08-29,uksouth,Storage,290.0,337.0,6.16,99.92,0,87.28,1.85,1.25,0,0,72.51,1576.3466
2023-08-30,eastus,Compute,1456.0,1689.0,126.18,99.86,0,112.64,1.66,4.19,0,0,76.39,1191.5337
2023-08-30,eastus,Storage,,689.0,11.74,99.85,0,106.56,4.43,2.15,0,0,64.83,2229.4668
2023-08-30,westeurope,Compute,394.0,526.0,32.02,99.86,0,109.58,1.22,4.22,1,0,94.03,1352.1598
2023-08-30,westeurope,Storage,842.0,1117.0,18.57,99.87,0,117.92,3.84,1.41,0,0,79.57,1436.8682
2023-08-30,southeastasia,Compute,479.0,630.0,40.31,99.93,0,121.88,3.83,5.86,0,0,54.57,1230.9823
2023-08-30,southeastasia,Storage,,720.0,12.91,99.87,0,94.64,2.09,1.18,0,0,85.93,1626.3267
2023-08-30,centralus,Compute,792.0,911.0,67.57,99.92,0,131.29,1.32,1.32,0,0,64.24,2120.9722
2023-08-30,centralus,Storage,427.0,495.0,9.38,99.96,0,111.54,1.42,4.76,0,0,68.13,1302.572
2023-08-30,uksouth,Compute,1345.0,1787.0,116.22,99.88,0,127.15,4.0,2.72,0,0,67.86,1173.0426
2023-08-30,uksouth,Storage,668.0,847.0,14.35,100.8,0,91.91,4.49,1.19,0,0,73.17,1228.3772
2023-08-31,eastus,Compute,961.0,,82.58,99.92,0,134.61,2.55,1.49,0,0,94.25,1232.5492
2023-08-31,eastus,Storage,935.0,1242.0,20.23,99.97,0,114.69,2.5,2.29,0,0,68.2,1616.6943
2023-08-31,westeurope,Compute,656.0,,56.33,99.93,0,91.14,3.4,5.39,0,0,64.75,1162.1112
2023-08-31,westeurope,Storage,174.0,228.0,3.76,99.9,0,114.88,4.33,2.05,0,0,60.11,1596.4716
2023-08-31,southeastasia,Compute,216.0,261.0,18.83,99.92,0,90.36,2.13,5.22,1,0,90.57,1174.806
2023-08-31,southeastasia,Storage,406.0,555.0,8.64,99.88,0,125.92,3.0,5.57,0,0,54.85,2224.758
2023-08-31,centralus,Compute,,,112.21,99.96,0,130.45,3.35,3.39,0,0,99.93,2098.6636
2023-08-31,centralus,Storage,542.0,669.0,12.12,99.87,0,107.49,3.83,5.84,0,0,99.38,1161.92
2023-08-31,uksouth,Compute,1144.0,1352.0,95.08,99.91,0,118.27,2.51,1.81,1,0,70.95,1243.4045
2023-08-31,uksouth,Storage,542.0,672.0,11.92,99.85,0,119.86,3.07,1.23,0,0,84.17,1708.9335
2023-09-01,eastus,Compute,465.0,637.0,38.68,99.88,0,110.63,1.91,5.29,0,0,94.42,1252.5295
2023-09-01,eastus,Storage,723.0,962.0,15.97,99.89,0,112.56,2.59,5.4,0,0,51.99,1238.5686
2023-09-01,westeurope,Compute,613.0,830.0,53.44,99.85,0,106.33,1.76,0.9,0,0,90.73,1510.9296
2023-09-01,westeurope,Storage,255.0,,5.88,99.96,0,101.0,4.05,5.43,0,0,78.62,1317.9429
2023-09-01,southeastasia,Compute,897.0,1097.0,75.33,99.89,0,99.61,1.23,3.31,0,0,77.01,1388.714
2023-09-01,southeastasia,Storage,180.0,214.0,3.89,99.94,0,92.66,3.51,4.4,0,0,96.77,1343.1318
2023-09-01,centralus,Compute,1096.0,,,99.89,0,97.9,3.19,5.47,0,0,80.01,1241.1979
2023-09-01,centralus,Storage,757.0,931.0,17.18,99.94,0,113.08,3.65,0.72,0,0,54.09,2190.495
2023-09-01,uksouth,Compute,489.0,659.0,39.93,99.98,0,125.77,3.49,3.53,0,0,56.09,2122.9917
2023-09-01,uksouth,Storage,140.0,168.0,3.07,99.96,0,134.32,3.04,2.88,0,0,58.24,1817.0791
2023-09-02,eastus,Compute,1210.0,1556.0,106.51,99.97,1,87.93,3.25,4.84,0,0,87.54,1514.2207
2023-09-02,eastus,Storage,806.0,1075.0,17.06,99.96,1,93.06,2.21,2.33,0,0,88.88,2205.607
2023-09-02,westeurope,Compute,,434.0,28.26,99.9,1,105.66,2.51,5.09,0,0,81.09,1189.2157
2023-09-02,westeurope,Storage,,553.0,8.87,99.94,1,104.79,3.86,1.6,0,0,70.16,1436.5612
2023-09-02,southeastasia,Compute,,1307.0,85.65,99.93,1,112.05,4.06,1.0,0,0,65.15,1342.5437
2023-09-02,southeastasia,Storage,524.0,656.0,11.36,99.87,1,88.51,2.35,1.01,0,0,73.81,1338.0308
2023-09-02,centralus,Compute,2205.0,2627.0,182.22,99.93,1,114.59,1.93,2.69,0,0,65.99,1609.4031
2023-09-02,centralus,Storage,409.0,,8.71,99.98,1,134.88,2.01,1.74,0,0,82.52,1159.7941
2023-09-02,uksouth,Compute,766.0,,65.71,99.9,1,118.51,1.63,4.43,0,0,56.38,1223.2604
2023-09-02,uksouth,Storage,586.0,708.0,13.48,99.98,1,112.31,1.88,5.51,0,0,74.54,1595.9225
2023-09-03,eastus,Compute,,882.0,64.28,99.85,1,87.34,1.74,5.5,0,0,73.96,1372.3964
2023-09-03,eastus,Storage,560.0,657.0,12.78,100.8,1,104.52,3.95,1.26,0,0,95.52,1624.8464
2023-09-03,westeurope,Compute,1114.0,1550.0,96.28,99.88,1,131.32,3.27,3.67,0,0,76.5,1188.2224
2023-09-03,westeurope,Storage,339.0,407.0,,99.95,1,118.44,2.67,4.99,0,0,64.02,1701.566
2023-09-03,southeastasia,Compute,425.0,548.0,37.63,99.88,1,113.11,2.99,0.95,0,0,94.41,1438.5359
2023-09-03,southeastasia,Storage,372.0,432.0,,99.92,1,114.34,3.73,2.14,0,0,73.54,1202.4628
2023-09-03,centralus,Compute,493.0,578.0,41.85,99.89,1,108.55,1.49,3.34,0,0,65.5,1278.6355
2023-09-03,centralus,Storage,1280.0,1778.0,28.05,100.8,1,133.55,2.46,0.55,0,0,85.9,1152.5198
2023-09-03,uksouth,Compute,425.0,540.0,34.56,99.97,1,122.49,2.28,3.79,0,0,69.78,1578.3119
2023-09-03,uksouth,Storage,337.0,,7.31,99.9,1,133.83,1.59,5.13,0,0,85.18,1211.5837
2023-09-04,eastus,Compute,296.0,,24.81,99.86,0,111.06,1.88,2.84,0,0,75.21,1628.6849
2023-09-04,eastus,Storage,532.0,691.0,11.39,99.92,0,104.88,4.34,3.21,0,0,69.55,1174.7393
2023-09-04,westeurope,Compute,546.0,659.0,46.33,99.89,0,109.49,3.96,1.72,0,0,79.35,1227.9633
2023-09-04,westeurope,Storage,214.0,267.0,4.85,99.88,0,129.08,2.32,1.9,0,0,86.7,1141.4182
2023-09-04,southeastasia,Compute,386.0,522.0,31.18,99.96,0,107.14,4.39,5.01,0,0,59.71,1178.5094
2023-09-04,southeastasia,Storage,515.0,687.0,11.22,99.99,0,102.0,2.01,5.98,0,0,60.45,1601.6998
2023-09-04,centralus,Compute,818.0,1142.0,71.41,99.89,0,123.65,4.26,2.12,0,0,71.7,1984.2921
2023-09-04,centralus,Storage,180.0,231.0,3.81,99.98,0,96.5,4.06,2.17,0,0,85.38,1279.1886
2023-09-04,uksouth,Compute,460.0,632.0,39.65,99.97,0,123.8,1.43,1.69,0,0,90.6,1317.8864
2023-09-04,uksouth,Storage,391.0,526.0,8.4,99.99,0,89.32,3.91,1.03,0,0,52.67,2074.518
2023-09-05,eastus,Compute,,1008.0,61.76,99.89,0,115.92,3.63,3.05,0,0,71.07,1150.4486
2023-09-05,eastus,Storage,597.0,788.0,13.55,99.92,0,119.59,2.9,2.74,1,0,73.99,1783.1554
2023-09-05,westeurope,Compute,1558.0,1920.0,136.2,99.96,0,90.19,2.83,3.41,1,0,68.34,2208.9119
2023-09-05,westeurope,Storage,609.0,767.0,12.87,99.97,0,111.31,4.14,2.91,0,0,70.91,1591.502
2023-09-05,southeastasia,Compute,572.0,783.0,47.78,100.8,0,128.88,1.71,4.09,0,0,57.29,1347.6982
2023-09-05,southeastasia,Storage,150.0,176.0,3.24,99.91,0,103.69,2.49,5.18,0,0,87.76,1287.0729
2023-09-05,centralus,Compute,977.0,1136.0,79.4,99.98,0,87.14,3.67,4.45,0,0,72.74,1342.527
2023-09-05,centralus,Storage,363.0,443.0,7.68,99.99,0,105.94,1.91,1.41,0,0,80.67,1334.1725
2023-09-05,uksouth,Compute,534.0,687.0,46.67,99.94,0,110.28,2.89,2.73,0,0,87.42,1340.8475
2023-09-05,uksouth,Storage,524.0,728.0,,100.8,0,85.59,3.51,0.81,0,0,68.91,1460.4918
2023-09-06,eastus,Compute,634.0,746.0,55.5,99.91,0,86.63,1.94,4.82,0,0,51.9,1155.117
2023-09-06,eastus,Storage,848.0,989.0,18.61,99.9,0,106.3,1.23,4.47,0,0,70.12,1253.1221
2023-09-06,westeurope,Compute,1131.0,1553.0,92.72,99.96,0,130.97,4.17,4.39,0,0,75.81,1199.9446
2023-09-06,westeurope,Storage,432.0,531.0,9.33,99.87,0,96.11,3.71,4.68,0,0,70.92,1314.4824
2023-09-06,southeastasia,Compute,1151.0,1358.0,94.7,99.97,0,112.81,2.7,4.69,0,1,65.55,1267.5071
2023-09-06,southeastasia,Storage,926.0,1290.0,20.51,99.93,0,117.78,2.51,5.88,0,0,60.58,1365.4589
2023-09-06,centralus,Compute,1151.0,1462.0,96.47,99.92,0,112.01,1.98,5.94,0,0,62.7,1522.0951
2023-09-06,centralus,Storage,698.0,904.0,15.33,99.87,0,129.33,1.64,3.76,0,0,60.57,1186.3094
2023-09-06,uksouth,Compute,374.0,508.0,32.37,99.96,0,126.96,2.76,3.62,0,0,56.8,1343.1112
2023-09-06,uksouth,Storage,2139.0,2704.0,44.8,99.95,0,131.29,1.57,3.0,0,0,65.33,1738.048
2023-09-07,eastus,Compute,,1502.0,95.82,99.93,0,116.25,2.66,1.36,0,0,72.9,1334.0544
2023-09-07,eastus,Storage,687.0,902.0,14.75,99.92,0,124.32,1.81,2.07,0,1,87.87,1273.1038
2023-09-07,westeurope,Compute,450.0,574.0,39.68,99.98,0,131.1,2.04,3.1,0,0,77.95,1517.8387
2023-09-07,westeurope,Storage,659.0,897.0,14.07,99.95,0,89.55,1.73,3.18,0,0,96.96,1323.2491
2023-09-07,southeastasia,Compute,501.0,644.0,44.26,99.9,0,109.63,3.34,2.92,0,0,81.79,1377.7655
2023-09-07,southeastasia,Storage,550.0,742.0,11.94,99.86,0,132.85,2.84,1.24,0,0,85.49,1211.7095
2023-09-07,centralus,Compute,815.0,,71.06,99.9,0,113.38,3.99,4.77,0,0,69.44,1270.1162
2023-09-07,centralus,Storage,218.0,254.0,4.84,99.93,0,128.67,2.37,1.83,0,0,78.09,1265.3364
2023-09-07,uksouth,Compute,841.0,,69.67,99.86,0,126.59,4.32,0.93,0,0,90.19,1252.0065
2023-09-07,uksouth,Storage,246.0,,5.43,99.86,0,132.67,1.68,4.81,0,0,75.67,1204.2983
2023-09-08,eastus,Compute,1232.0,1555.0,102.74,99.93,0,98.65,2.67,2.84,0,1,79.94,1549.3351
2023-09-08,eastus,Storage,,858.0,13.48,99.91,0,110.38,1.36,4.29,0,0,70.72,1206.2125
2023-09-08,westeurope,Compute,,876.0,57.38,99.98,0,104.18,2.66,0.78,0,0,85.62,1200.5382
2023-09-08,westeurope,Storage,660.0,787.0,14.3,99.98,0,115.94,3.21,4.09,0,0,57.54,1232.315
2023-09-08,southeastasia,Compute,652.0,798.0,55.44,99.99,0,97.86,2.49,2.5,1,0,60.43,1275.2328
2023-09-08,southeastasia,Storage,384.0,477.0,8.84,99.89,0,106.07,3.35,2.66,1,0,66.78,1278.6134
2023-09-08,centralus,Compute,1349.0,1793.0,110.76,99.94,0,86.15,2.63,2.07,0,0,57.38,1521.4396
2023-09-08,centralus,Storage,170.0,220.0,3.75,99.95,0,101.75,1.43,2.8,0,0,89.63,1207.1198
2023-09-08,uksouth,Compute,1474.0,2060.0,120.27,99.9,0,114.52,2.43,3.18,0,0,68.2,1541.4551
2023-09-08,uksouth,Storage,360.0,491.0,7.89,99.93,0,108.25,3.76,3.47,0,0,95.58,1599.5742
2023-09-09,eastus,Compute,486.0,651.0,42.32,99.96,1,132.8,2.22,2.86,0,0,66.49,1312.9739
2023-09-09,eastus,Storage,820.0,1003.0,17.77,99.9,1,91.35,3.66,2.54,0,0,95.64,1346.6542
2023-09-09,westeurope,Compute,1334.0,1805.0,111.4,99.95,1,94.38,1.62,5.59,0,0,76.64,1312.2686
2023-09-09,westeurope,Storage,244.0,290.0,5.15,99.9,1,88.28,3.6,2.96,0,0,96.37,1215.6262
2023-09-09,southeastasia,Compute,205.0,259.0,17.36,99.95,1,121.56,3.31,4.76,1,0,76.2,1350.2258
2023-09-09,southeastasia,Storage,116.0,139.0,2.62,99.91,1,92.73,4.41,0.81,0,0,72.63,1403.7255
2023-09-09,centralus,Compute,312.0,364.0,26.83,99.88,1,105.21,3.44,3.68,0,0,84.13,1244.2906
2023-09-09,centralus,Storage,,868.0,14.11,99.88,1,116.49,4.02,3.41,0,0,76.87,1357.1167
2023-09-09,uksouth,Compute,219.0,273.0,17.89,99.89,1,90.48,3.9,3.3,0,1,76.2,1269.2268
2023-09-09,uksouth,Storage,434.0,522.0,10.02,99.93,1,101.6,2.5,1.18,0,0,70.47,1336.3848
2023-09-10,eastus,Compute,481.0,661.0,41.72,99.86,1,88.35,3.84,2.46,0,0,99.17,1225.8386
2023-09-10,eastus,Storage,137.0,157.0,2.9,99.94,1,105.48,1.26,4.57,0,0,73.42,1511.5756
2023-09-10,westeurope,Compute,482.0,649.0,39.56,99.97,1,94.08,2.6,3.4,0,0,85.92,1320.2711
2023-09-10,westeurope,Storage,350.0,420.0,7.38,99.85,1,90.19,2.11,2.75,0,0,63.48,1493.0154
2023-09-10,southeastasia,Compute,591.0,699.0,50.1,99.89,1,111.4,1.59,1.99,0,0,81.08,1208.7932
2023-09-10,southeastasia,Storage,,161.0,2.55,99.92,1,129.52,3.74,5.4,0,0,55.7,1514.1938
2023-09-10,centralus,Compute,990.0,,80.29,99.97,1,110.69,3.11,1.63,1,0,96.42,1322.3
2023-09-10,centralus,Storage,,234.0,3.83,99.99,1,102.8,1.48,2.17,0,0,56.39,1191.8644
2023-09-10,uksouth,Compute,731.0,857.0,61.24,99.9,1,121.76,4.04,2.57,0,0,81.94,1284.7927
2023-09-10,uksouth,Storage,568.0,760.0,12.41,100.8,1,133.78,1.89,3.59,0,0,84.55,1295.3267
2023-09-11,eastus,Compute,1314.0,1639.0,116.83,99.86,0,86.46,2.57,1.35,0,1,72.98,1556.9744
2023-09-11,eastus,Storage,413.0,573.0,9.29,99.87,0,108.06,4.03,3.2,0,0,57.99,1186.2422
2023-09-11,westeurope,Compute,315.0,420.0,26.24,99.97,0,87.72,4.47,4.73,0,0,96.15,1236.2109
2023-09-11,westeurope,Storage,605.0,750.0,12.65,99.87,0,129.24,4.44,5.42,0,0,70.34,1318.1376
2023-09-11,southeastasia,Compute,533.0,745.0,45.88,99.9,0,116.21,2.62,0.77,0,1,62.74,1271.0817
2023-09-11,southeastasia,Storage,499.0,638.0,10.91,99.86,0,107.84,3.58,5.01,0,0,92.14,1312.4934
2023-09-11,centralus,Compute,462.0,618.0,37.94,99.91,0,122.82,3.5,2.88,0,0,69.23,1248.7985
2023-09-11,centralus,Storage,435.0,549.0,9.93,99.94,0,87.75,2.54,4.48,0,0,85.57,1183.7797
2023-09-11,uksouth,Compute,934.0,1088.0,78.94,99.91,0,93.08,2.07,5.86,0,0,52.49,1239.5054
2023-09-11,uksouth,Storage,254.0,343.0,5.38,99.96,0,99.74,1.43,4.86,0,0,85.31,1560.3716
2023-09-12,eastus,Compute,1457.0,1876.0,,99.86,0,109.83,3.4,5.0,0,0,72.39,1211.151
2023-09-12,eastus,Storage,874.0,1069.0,19.52,99.86,0,103.18,3.1,1.07,0,0,58.3,1300.4211
2023-09-12,westeurope,Compute,1510.0,1996.0,124.23,100.8,0,105.08,1.93,4.17,0,0,91.36,1151.2454
2023-09-12,westeurope,Storage,301.0,410.0,6.93,99.99,0,101.39,3.45,1.31,0,0,94.53,1345.0381
2023-09-12,southeastasia,Compute,766.0,930.0,63.42,99.91,0,125.81,3.22,0.86,0,0,81.18,1338.2988
2023-09-12,southeastasia,Storage,315.0,,6.72,99.85,0,120.12,2.04,5.84,0,0,57.95,1340.487
2023-09-12,centralus,Compute,,386.0,28.75,99.86,0,123.09,1.54,4.27,0,0,59.4,1138.6531
2023-09-12,centralus,Storage,645.0,857.0,14.31,99.86,0,128.41,1.62,2.91,0,0,86.89,1229.0125
2023-09-12,uksouth,Compute,812.0,1080.0,72.04,99.97,0,131.36,2.33,1.68,0,0,91.53,1162.1154
2023-09-12,uksouth,Storage,127.0,170.0,2.68,99.95,0,88.13,2.8,4.31,0,0,94.03,1190.611
2023-09-13,eastus,Compute,675.0,791.0,59.29,99.96,0,126.55,3.31,4.41,0,0,54.15,1241.6855
2023-09-13,eastus,Storage,399.0,466.0,9.02,99.85,0,127.14,3.18,4.0,0,0,53.8,1326.4064
2023-09-13,westeurope,Compute,959.0,1227.0,83.36,99.92,0,109.18,1.62,5.48,0,0,60.36,1258.4255
2023-09-13,westeurope,Storage,284.0,382.0,6.3,99.87,0,121.31,3.16,0.62,0,0,88.72,1330.8977
2023-09-13,southeastasia,Compute,837.0,1072.0,74.24,99.98,0,88.11,4.5,4.83,0,0,68.83,1247.8997
2023-09-13,southeastasia,Storage,601.0,829.0,13.0,99.97,0,121.31,1.56,1.07,0,0,74.76,1211.5834
2023-09-13,centralus,Compute,1020.0,1282.0,84.07,99.99,0,85.8,4.25,5.05,0,0,58.23,1220.7744
2023-09-13,centralus,Storage,278.0,341.0,6.19,99.9,0,89.22,2.93,2.19,0,0,80.94,1130.5729
2023-09-13,uksouth,Compute,,1218.0,77.49,100.8,0,101.3,3.22,3.48,0,0,57.57,1208.7085
2023-09-13,uksouth,Storage,499.0,661.0,10.49,100.8,0,104.2,3.67,3.75,0,0,71.85,1247.9464
2023-09-14,eastus,Compute,2436.0,2813.0,213.6,99.86,0,89.02,2.28,4.35,0,0,88.73,1152.0914
2023-09-14,eastus,Storage,335.0,409.0,7.57,99.97,0,99.92,2.44,4.98,0,0,85.39,2009.771
2023-09-14,westeurope,Compute,985.0,1222.0,87.71,99.93,0,113.03,4.35,5.37,0,0,55.85,1323.3751
2023-09-14,westeurope,Storage,735.0,1010.0,15.57,99.95,0,134.48,1.51,1.67,0,0,94.9,1285.5514
2023-09-14,southeastasia,Compute,894.0,,73.13,99.91,0,97.99,3.55,3.5,0,0,55.72,1368.752
2023-09-14,southeastasia,Storage,623.0,834.0,13.94,99.98,0,131.61,2.09,1.84,1,0,93.06,1261.3668
2023-09-14,centralus,Compute,1291.0,1735.0,106.1,99.89,0,90.21,1.82,4.78,0,0,94.3,1277.1462
2023-09-14,centralus,Storage,295.0,364.0,6.75,99.96,0,134.18,3.93,2.69,0,0,78.56,1254.9968
2023-09-14,uksouth,Compute,1306.0,1511.0,106.04,99.94,0,90.72,3.66,2.81,0,0,62.65,1133.046
2023-09-14,uksouth,Storage,730.0,918.0,16.71,99.91,0,123.52,2.52,3.91,0,0,65.8,1254.2765
2023-09-15,eastus,Compute,585.0,684.0,48.22,99.94,0,100.02,1.9,2.46,0,0,64.15,1225.0873
2023-09-15,eastus,Storage,173.0,234.0,3.96,99.95,0,97.22,3.52,4.65,0,0,53.56,1334.9119
2023-09-15,westeurope,Compute,1672.0,2259.0,136.83,99.88,0,112.93,4.33,0.96,0,0,55.27,1156.7263
2023-09-15,westeurope,Storage,214.0,274.0,4.51,99.88,0,127.79,4.09,4.87,0,0,63.41,2236.1287
2023-09-15,southeastasia,Compute,1212.0,1430.0,104.15,100.8,0,86.29,3.95,3.3,1,0,76.78,1195.1647
2023-09-15,southeastasia,Storage,580.0,745.0,13.15,99.89,0,99.31,2.56,3.53,0,0,91.02,1336.3733
2023-09-15,centralus,Compute,474.0,650.0,42.27,99.98,0,123.21,3.46,0.69,0,0,70.65,1227.403
2023-09-15,centralus,Storage,202.0,278.0,4.34,99.91,0,117.65,1.81,5.09,0,0,86.11,1350.728
2023-09-15,uksouth,Compute,463.0,646.0,40.84,99.87,0,87.94,2.67,3.5,0,0,96.0,2233.7134
2023-09-15,uksouth,Storage,471.0,545.0,10.76,99.95,0,128.3,3.74,2.08,0,0,59.24,2231.8225
2023-09-16,eastus,Compute,832.0,1077.0,69.27,99.93,1,116.89,1.57,4.18,0,0,79.99,1293.476
2023-09-16,eastus,Storage,1170.0,1346.0,26.82,99.96,1,93.32,3.21,0.61,0,0,57.81,1362.5319
2023-09-16,westeurope,Compute,240.0,294.0,21.18,99.87,1,108.48,4.42,1.86,0,0,80.04,1296.4194
2023-09-16,westeurope,Storage,2262.0,2846.0,48.76,99.93,1,91.98,3.89,4.63,0,0,95.76,1363.6609
2023-09-16,southeastasia,Compute,996.0,,85.64,99.93,1,126.01,3.03,2.34,0,0,83.27,1342.7673
2023-09-16,southeastasia,Storage,382.0,452.0,8.63,99.96,1,120.76,1.24,2.07,0,0,87.78,1345.557
2023-09-16,centralus,Compute,507.0,687.0,44.28,99.91,1,111.12,2.64,3.53,0,0,79.62,1212.9165
2023-09-16,centralus,Storage,543.0,674.0,12.1,99.88,1,93.17,1.37,2.23,0,0,62.04,1323.1486
2023-09-16,uksouth,Compute,769.0,991.0,68.55,99.93,1,99.43,3.06,5.92,0,0,67.16,1190.9681
2023-09-16,uksouth,Storage,427.0,588.0,9.79,99.9,1,128.04,4.13,3.51,0,0,50.8,1204.031
2023-09-17,eastus,Compute,2686.0,3709.0,233.11,99.91,1,88.44,3.79,3.21,0,0,75.26,2187.7358
2023-09-17,eastus,Storage,170.0,208.0,3.65,99.96,1,122.94,1.39,1.61,0,0,58.31,1330.4105
2023-09-17,westeurope,Compute,932.0,1289.0,,99.94,1,86.63,3.73,3.58,0,0,90.47,1218.3523
2023-09-17,westeurope,Storage,750.0,989.0,15.81,99.92,1,109.8,1.37,4.66,1,0,95.16,1322.9849
2023-09-17,southeastasia,Compute,313.0,,27.74,99.9,1,116.51,3.46,5.98,0,0,54.22,1233.4144
2023-09-17,southeastasia,Storage,468.0,549.0,10.47,99.93,1,129.95,2.94,5.0,0,0,76.63,1208.1101
2023-09-17,centralus,Compute,1748.0,2358.0,,99.95,1,111.93,2.5,1.18,0,0,90.57,1171.0104
2023-09-17,centralus,Storage,,626.0,10.32,99.93,1,123.41,2.15,3.66,0,0,66.27,1752.7173
2023-09-17,uksouth,Compute,1047.0,1464.0,85.19,99.97,1,92.95,1.56,4.78,0,0,62.05,1226.2474
2023-09-17,uksouth,Storage,314.0,387.0,6.88,99.86,1,113.99,3.05,5.96,0,0,89.51,1329.2172
2023-09-18,eastus,Compute,1750.0,2061.0,150.19,99.87,0,128.94,3.59,1.17,0,0,92.26,1245.1025
2023-09-18,eastus,Storage,546.0,699.0,12.37,99.9,0,86.32,2.98,5.15,0,0,90.45,1346.4019
2023-09-18,westeurope,Compute,1396.0,1743.0,117.84,99.93,0,91.14,4.07,1.01,0,0,64.09,1358.3771
2023-09-18,westeurope,Storage,365.0,420.0,7.71,99.91,0,127.59,1.98,5.33,0,0,95.67,1222.4436
2023-09-18,southeastasia,Compute,516.0,705.0,45.59,99.97,0,98.59,1.95,4.53,0,0,98.37,1336.4677
2023-09-18,southeastasia,Storage,517.0,641.0,11.65,99.87,0,111.64,4.02,1.61,0,0,88.63,1300.2555
2023-09-18,centralus,Compute,674.0,899.0,56.06,99.94,0,92.94,2.56,4.29,0,1,70.32,1206.5953
2023-09-18,centralus,Storage,,660.0,12.03,99.98,0,122.49,4.3,1.13,0,0,51.34,1302.7781
2023-09-18,uksouth,Compute,884.0,1110.0,,99.96,0,89.6,1.58,4.38,0,0,59.23,1210.8315
2023-09-18,uksouth,Storage,486.0,612.0,10.56,99.96,0,92.0,4.03,2.32,0,0,94.37,1232.2018
2023-09-19,eastus,Compute,894.0,1218.0,75.69,99.89,0,132.22,1.82,3.12,0,0,87.79,1332.9436
2023-09-19,eastus,Storage,361.0,461.0,8.22,99.96,0,111.76,2.37,2.96,0,0,82.29,1259.0676
2023-09-19,westeurope,Compute,388.0,470.0,32.59,99.96,0,87.93,2.97,1.3,0,0,59.1,1342.2986
2023-09-19,westeurope,Storage,300.0,379.0,6.78,99.98,0,99.11,2.83,5.97,0,0,82.85,1322.7438
2023-09-19,southeastasia,Compute,1131.0,1451.0,97.72,100.8,0,125.39,1.39,5.73,0,0,59.7,1298.1138
2023-09-19,southeastasia,Storage,454.0,568.0,9.57,99.96,0,85.98,3.18,4.36,0,0,55.69,1235.8855
2023-09-19,centralus,Compute,,1220.0,79.5,99.91,0,117.56,3.87,2.23,0,0,68.69,1217.8312
2023-09-19,centralus,Storage,253.0,309.0,5.33,99.91,0,95.2,1.42,4.12,0,0,65.11,1149.6947
2023-09-19,uksouth,Compute,,427.0,26.33,99.89,0,92.38,4.46,5.82,0,0,88.33,2132.071
2023-09-19,uksouth,Storage,352.0,413.0,7.92,99.85,0,107.07,2.82,4.81,0,0,71.32,1169.4412
2023-09-20,eastus,Compute,699.0,860.0,60.32,99.98,0,95.08,2.5,4.93,0,0,83.91,1290.7296
2023-09-20,eastus,Storage,181.0,232.0,3.94,99.93,0,88.75,4.44,3.6,0,0,50.39,1335.1586
2023-09-20,westeurope,Compute,1058.0,1327.0,87.54,99.92,0,87.1,2.05,1.46,0,0,79.22,1224.9076
2023-09-20,westeurope,Storage,,660.0,11.47,99.95,0,110.37,1.67,3.86,0,0,54.65,1430.7789
2023-09-20,southeastasia,Compute,1104.0,1282.0,91.19,99.89,0,99.36,1.33,1.09,0,0,97.92,1206.5627
2023-09-20,southeastasia,Storage,533.0,,12.17,99.86,0,117.63,3.07,3.5,0,0,98.4,1172.4369
2023-09-20,centralus,Compute,513.0,652.0,44.44,99.91,0,103.01,4.15,5.48,0,0,68.02,1225.6412
2023-09-20,centralus,Storage,726.0,907.0,15.24,99.9,0,104.91,1.71,2.39,0,0,72.3,1279.0157
2023-09-20,uksouth,Compute,750.0,1028.0,64.01,99.97,0,122.19,1.39,5.11,0,0,50.55,1220.1924
2023-09-20,uksouth,Storage,687.0,840.0,15.66,99.98,0,87.79,3.59,1.07,0,0,59.75,1182.221
2023-09-21,eastus,Compute,1740.0,2242.0,141.3,100.8,0,101.79,3.35,4.04,0,0,55.24,1196.53
2023-09-21,eastus,Storage,152.0,198.0,3.26,99.88,0,109.54,2.08,2.83,0,0,64.59,1126.1783
2023-09-21,westeurope,Compute,1063.0,1443.0,86.25,99.85,0,110.96,3.93,3.86,0,0,98.93,1234.7615
2023-09-21,westeurope,Storage,555.0,720.0,12.63,99.9,0,109.86,3.03,2.04,0,0,62.86,1227.8141
2023-09-21,southeastasia,Compute,,553.0,40.36,99.99,0,123.22,2.15,4.23,0,0,88.68,1239.9454
2023-09-21,southeastasia,Storage,666.0,857.0,14.41,99.87,0,91.95,4.5,2.4,0,0,81.15,1215.3776
2023-09-21,centralus,Compute,,4254.0,300.31,99.97,0,108.56,3.17,0.63,0,0,84.31,1275.8496
2023-09-21,centralus,Storage,332.0,437.0,7.31,99.9,0,100.1,2.97,3.67,0,0,94.0,1200.6395
2023-09-21,uksouth,Compute,1250.0,1709.0,101.21,99.96,0,107.38,2.73,2.29,0,0,58.04,1228.3506
2023-09-21,uksouth,Storage,537.0,742.0,11.27,99.92,0,113.28,4.25,0.88,0,0,86.62,1192.7319
2023-09-22,eastus,Compute,1277.0,1759.0,104.39,99.92,0,92.54,2.7,4.9,0,0,77.37,1154.5033
2023-09-22,eastus,Storage,632.0,741.0,13.36,100.8,0,109.07,3.15,4.32,0,0,93.11,1203.5564
2023-09-22,westeurope,Compute,1596.0,1978.0,128.91,99.88,0,133.48,2.22,3.88,0,0,68.88,1236.4565
2023-09-22,westeurope,Storage,884.0,1184.0,19.43,99.87,0,128.66,3.89,4.34,0,0,99.54,1361.7981
2023-09-22,southeastasia,Compute,484.0,605.0,39.78,99.88,0,110.05,2.39,5.5,1,1,96.02,1192.9432
2023-09-22,southeastasia,Storage,212.0,286.0,4.66,100.8,0,127.3,4.29,0.91,0,0,99.86,1286.7542
2023-09-22,centralus,Compute,416.0,488.0,34.13,99.92,0,114.51,1.47,2.56,0,0,65.56,1317.4917
2023-09-22,centralus,Storage,796.0,1023.0,16.86,99.86,0,123.89,3.43,4.07,0,0,69.99,1414.6337
2023-09-22,uksouth,Compute,,552.0,39.52,99.86,0,119.05,1.57,3.43,0,0,53.93,1339.1433
2023-09-22,uksouth,Storage,633.0,842.0,13.27,99.87,0,105.54,1.51,5.76,0,0,98.99,1185.3962
2023-09-23,eastus,Compute,296.0,383.0,24.21,99.92,1,114.04,3.38,3.53,0,0,96.23,1180.6735
2023-09-23,eastus,Storage,769.0,973.0,17.37,99.93,1,108.23,1.26,3.6,0,0,97.81,1207.2217
2023-09-23,westeurope,Compute,676.0,880.0,59.63,99.92,1,85.39,1.42,1.99,0,0,55.39,1351.0428
2023-09-23,westeurope,Storage,748.0,862.0,15.94,99.97,1,117.29,2.05,1.44,0,0,94.93,1331.116
2023-09-23,southeastasia,Compute,977.0,1286.0,80.82,99.94,1,112.42,4.17,4.88,0,0,82.66,1135.8457
2023-09-23,southeastasia,Storage,1359.0,1610.0,29.18,99.94,1,130.6,4.14,2.48,0,0,73.22,1323.2783
2023-09-23,centralus,Compute,1164.0,1383.0,97.48,99.96,1,100.45,3.05,5.56,0,0,93.35,1223.8077
2023-09-23,centralus,Storage,234.0,296.0,5.06,99.9,1,114.88,2.74,0.5,0,0,83.74,1268.5973
2023-09-23,uksouth,Compute,552.0,696.0,46.58,99.95,1,89.67,3.0,1.71,0,0,99.86,1421.2463
2023-09-23,uksouth,Storage,219.0,271.0,,99.91,1,113.3,3.01,1.42,0,0,60.19,1243.256
2023-09-24,eastus,Compute,310.0,411.0,27.52,99.91,1,101.8,3.36,1.66,0,0,98.86,1282.0677
2023-09-24,eastus,Storage,304.0,386.0,6.69,99.94,1,125.08,4.28,4.88,0,0,51.94,1202.1299
2023-09-24,westeurope,Compute,553.0,720.0,46.23,99.87,1,127.52,4.45,0.59,0,0,66.88,1170.2491
2023-09-24,westeurope,Storage,704.0,821.0,15.56,99.9,1,133.26,2.77,5.6,1,0,69.31,1337.53
2023-09-24,southeastasia,Compute,203.0,243.0,17.78,99.88,1,86.52,2.92,4.41,0,0,77.67,1203.0719
2023-09-24,southeastasia,Storage,411.0,531.0,8.68,99.96,1,125.26,2.99,0.71,0,0,76.17,1247.3671
2023-09-24,centralus,Compute,623.0,811.0,51.43,99.98,1,98.65,4.16,3.88,0,0,55.94,1190.397
2023-09-24,centralus,Storage,150.0,204.0,3.33,99.99,1,117.28,2.24,5.19,0,0,73.89,1397.5826
2023-09-24,uksouth,Compute,741.0,940.0,65.71,99.97,1,123.94,3.81,5.03,0,0,67.51,1254.4819
2023-09-24,uksouth,Storage,656.0,786.0,14.44,99.87,1,115.58,1.52,3.27,0,0,71.97,1337.1548
2023-09-25,eastus,Compute,1408.0,1780.0,118.06,99.86,0,132.79,2.53,2.79,0,0,98.96,1255.0999
2023-09-25,eastus,Storage,905.0,1225.0,19.34,99.89,0,118.03,3.08,4.71,0,0,94.01,1269.7976
2023-09-25,westeurope,Compute,918.0,1225.0,80.11,99.88,0,92.65,4.25,4.15,0,0,70.62,1253.565
2023-09-25,westeurope,Storage,666.0,814.0,14.55,100.8,0,92.61,2.9,3.16,0,0,72.48,1258.162
2023-09-25,southeastasia,Compute,1001.0,1360.0,86.58,99.92,0,116.89,2.26,1.29,0,0,71.96,1327.5706
2023-09-25,southeastasia,Storage,643.0,801.0,13.56,99.85,0,85.2,4.3,5.98,0,0,83.47,1319.1409
2023-09-25,centralus,Compute,1433.0,1948.0,121.79,99.85,0,100.04,1.55,4.08,0,0,63.74,1324.9984
2023-09-25,centralus,Storage,222.0,273.0,4.73,99.97,0,93.72,3.26,5.68,0,0,63.54,1437.6816
2023-09-25,uksouth,Compute,,2349.0,137.09,99.96,0,91.15,2.18,3.62,0,0,70.86,1336.7914
2023-09-25,uksouth,Storage,571.0,756.0,12.06,99.91,0,133.42,3.77,0.62,0,0,74.24,1223.3344
2023-09-26,eastus,Compute,1275.0,1603.0,103.18,99.97,0,129.09,1.33,4.77,0,0,80.65,1251.214
2023-09-26,eastus,Storage,755.0,999.0,17.4,100.8,0,134.91,3.58,3.01,0,0,57.09,1187.4956
2023-09-26,westeurope,Compute,1032.0,1192.0,86.96,99.9,0,113.39,2.68,2.67,0,0,82.31,1203.6237
2023-09-26,westeurope,Storage,511.0,607.0,11.13,99.86,0,90.77,1.47,2.93,0,0,51.33,2107.677
2023-09-26,southeastasia,Compute,880.0,1229.0,76.16,99.86,0,93.94,2.35,1.37,0,0,68.64,1314.2141
2023-09-26,southeastasia,Storage,650.0,872.0,14.98,99.86,0,102.04,1.83,3.97,0,0,71.08,1180.6259
2023-09-26,centralus,Compute,1155.0,1496.0,93.6,99.89,0,98.17,4.1,5.44,1,0,55.99,1739.5873
2023-09-26,centralus,Storage,147.0,204.0,3.36,99.88,0,113.65,1.87,3.53,0,0,81.75,1247.8002
2023-09-26,uksouth,Compute,1042.0,1388.0,89.27,100.8,0,131.87,2.68,4.6,0,0,66.85,1204.3688
2023-09-26,uksouth,Storage,588.0,702.0,13.39,99.86,0,115.15,3.15,2.21,1,0,51.21,1163.1162
2023-09-27,eastus,Compute,987.0,1355.0,85.9,99.93,0,129.58,1.9,1.84,0,0,52.31,1630.8083
2023-09-27,eastus,Storage,248.0,338.0,5.62,99.9,0,125.63,2.23,5.27,0,0,84.65,1645.6646
2023-09-27,westeurope,Compute,432.0,596.0,35.57,99.85,0,116.33,3.19,2.38,0,0,66.6,1247.454
2023-09-27,westeurope,Storage,372.0,,8.31,99.86,0,91.96,2.26,3.02,0,0,61.99,1178.8977
2023-09-27,southeastasia,Compute,1407.0,1950.0,115.37,99.97,0,103.96,2.31,3.94,0,0,88.07,1358.9417
2023-09-27,southeastasia,Storage,203.0,270.0,4.68,99.94,0,129.77,1.59,4.48,0,0,92.89,1222.8322
2023-09-27,centralus,Compute,1145.0,1551.0,,99.91,0,91.78,2.99,2.3,0,0,87.41,1142.2039
2023-09-27,centralus,Storage,441.0,584.0,,99.93,0,132.05,2.8,1.34,0,0,88.3,1579.8805
2023-09-27,uksouth,Compute,903.0,1050.0,75.89,99.86,0,134.2,3.78,2.81,0,0,82.35,1147.1194
2023-09-27,uksouth,Storage,366.0,428.0,7.88,99.92,0,88.63,3.43,4.1,0,0,84.61,1544.5541
2023-09-28,eastus,Compute,2306.0,3091.0,186.86,99.92,0,132.12,1.92,0.93,0,0,69.51,1487.9066
2023-09-28,eastus,Storage,311.0,406.0,6.63,99.89,0,112.68,3.05,4.93,0,0,79.13,1166.328
2023-09-28,westeurope,Compute,,1317.0,80.6,99.96,0,122.55,4.32,4.01,0,0,57.29,1535.0465
2023-09-28,westeurope,Storage,145.0,167.0,3.23,99.95,0,129.99,3.7,2.72,0,0,79.34,1209.3635
2023-09-28,southeastasia,Compute,528.0,664.0,45.8,99.98,0,111.71,1.49,0.8,0,0,99.95,1226.8278
2023-09-28,southeastasia,Storage,124.0,161.0,2.82,99.95,0,134.17,1.21,5.36,0,1,73.27,2249.471
2023-09-28,centralus,Compute,523.0,706.0,42.46,99.97,0,122.37,2.95,5.94,0,0,66.74,1570.0643
2023-09-28,centralus,Storage,124.0,149.0,2.8,99.89,0,86.93,3.58,5.75,0,0,71.24,1559.2108
2023-09-28,uksouth,Compute,911.0,1177.0,80.38,99.93,0,133.68,4.03,3.53,0,0,85.05,1330.9551
2023-09-28,uksouth,Storage,,785.0,13.43,100.8,0,92.33,1.76,3.32,0,0,84.53,1321.0667
2023-09-29,eastus,Compute,1391.0,1691.0,120.87,99.9,0,95.23,4.39,0.98,0,0,71.29,1349.7854
2023-09-29,eastus,Storage,902.0,1040.0,19.06,99.94,0,90.25,2.68,3.29,0,0,75.61,1629.9806
2023-09-29,westeurope,Compute,,,50.6,99.95,0,130.81,1.75,3.62,0,0,81.92,1358.765
2023-09-29,westeurope,Storage,396.0,524.0,8.36,99.86,0,110.31,3.61,4.15,0,0,80.29,1175.4093
2023-09-29,southeastasia,Compute,,588.0,41.48,99.9,0,112.04,2.55,5.24,0,0,84.98,1315.2922
2023-09-29,southeastasia,Storage,136.0,177.0,3.04,99.95,0,114.87,3.27,3.7,0,0,67.65,1006.95795
2023-09-29,centralus,Compute,1421.0,1779.0,123.27,99.97,0,126.57,1.31,2.46,1,0,93.25,1305.171
2023-09-29,centralus,Storage,576.0,713.0,12.1,99.87,0,118.53,1.64,1.19,0,0,66.49,378.30652
2023-09-29,uksouth,Compute,999.0,1296.0,81.53,99.9,0,133.54,4.26,5.97,0,0,72.75,1507.2572
2023-09-29,uksouth,Storage,268.0,363.0,5.66,99.86,0,102.88,3.53,0.57,0,0,67.92,1766.855
2023-09-30,eastus,Compute,873.0,1015.0,72.46,99.92,1,89.87,1.32,3.14,0,0,60.01,1854.8481
2023-09-30,eastus,Storage,381.0,442.0,7.99,99.91,1,118.83,3.23,4.01,0,0,68.9,1514.56
2023-09-30,westeurope,Compute,1135.0,1491.0,100.61,99.87,1,107.38,2.98,5.13,0,0,82.09,449.3272
2023-09-30,westeurope,Storage,510.0,663.0,11.09,99.88,1,111.82,4.35,4.39,0,0,75.2,1379.5441
2023-09-30,southeastasia,Compute,508.0,678.0,43.31,99.94,1,110.83,2.77,5.13,0,0,55.74,560.95575
2023-09-30,southeastasia,Storage,379.0,488.0,8.09,99.9,1,106.12,2.41,5.64,0,0,75.88,325.8135
2023-09-30,centralus,Compute,312.0,424.0,26.8,99.96,1,134.14,1.47,3.14,0,0,74.98,541.6977
2023-09-30,centralus,Storage,459.0,565.0,9.64,99.85,1,93.75,2.68,2.8,0,0,84.17,2237.391
2023-09-30,uksouth,Compute,374.0,441.0,32.98,99.9,1,102.86,2.96,2.98,0,0,95.46,597.9804
2023-09-30,uksouth,Storage,524.0,710.0,11.77,99.98,1,101.62,2.22,3.05,1,0,60.57,397.14166
2023-10-01,eastus,Compute,402.0,474.0,34.56,99.9,1,125.4,3.0,1.08,0,0,70.41,1617.0682
2023-10-01,eastus,Storage,704.0,981.0,15.8,99.88,1,87.91,3.0,2.59,1,0,65.44,1631.6667
2023-10-01,westeurope,Compute,1102.0,1539.0,96.28,99.98,1,100.97,2.24,2.49,0,0,53.68,1464.4801
2023-10-01,westeurope,Storage,626.0,724.0,13.71,99.91,1,89.61,2.44,4.95,0,0,52.92,867.0025
2023-10-01,southeastasia,Compute,751.0,964.0,62.53,99.99,1,100.8,3.5,2.51,0,0,58.64,1979.6108
2023-10-01,southeastasia,Storage,342.0,456.0,7.79,99.86,1,121.3,1.97,2.05,1,0,86.96,1023.16187
2023-10-01,centralus,Compute,656.0,804.0,53.03,99.85,1,115.04,3.57,3.51,0,0,85.67,1510.0402
2023-10-01,centralus,Storage,241.0,283.0,5.45,99.92,1,105.47,1.23,4.09,0,0,50.59,1150.0686
2023-10-01,uksouth,Compute,1088.0,,96.83,99.93,1,92.25,2.47,4.86,0,0,54.8,1891.4335
2023-10-01,uksouth,Storage,544.0,712.0,12.46,99.93,1,105.23,3.09,5.32,0,0,58.98,2023.2982
2023-10-02,eastus,Compute,987.0,1158.0,83.88,99.9,0,111.1,2.7,3.36,0,0,76.71,1663.0468
2023-10-02,eastus,Storage,521.0,696.0,11.98,99.94,0,107.68,1.37,5.49,0,0,75.26,1289.6066
2023-10-02,westeurope,Compute,1672.0,2178.0,139.23,99.91,0,118.8,2.67,5.51,0,0,89.25,1584.4948
2023-10-02,westeurope,Storage,754.0,1029.0,17.04,99.95,0,96.26,1.83,1.86,0,0,62.51,376.3899
2023-10-02,southeastasia,Compute,1126.0,1449.0,91.26,99.96,0,131.58,2.65,2.52,0,0,82.22,1366.0221
2023-10-02,southeastasia,Storage,678.0,910.0,14.51,99.98,0,105.01,3.55,4.03,0,0,69.19,1227.2186
2023-10-02,centralus,Compute,3606.0,4201.0,,99.94,0,109.02,2.87,2.25,0,0,79.31,2082.9238
2023-10-02,centralus,Storage,796.0,955.0,17.11,99.91,0,93.33,2.72,2.79,0,0,53.47,2189.7458
2023-10-02,uksouth,Compute,1109.0,1414.0,92.22,99.9,0,97.83,2.47,1.22,0,0,82.96,2022.0941
2023-10-02,uksouth,Storage,144.0,199.0,3.06,99.88,0,129.61,2.64,4.89,0,0,69.84,1824.1215
2023-10-03,eastus,Compute,801.0,,65.71,99.92,0,95.11,1.72,1.38,0,0,96.91,419.36392
2023-10-03,eastus,Storage,2742.0,3377.0,63.14,99.88,0,121.15,1.81,5.48,0,0,93.96,1528.8214
2023-10-03,westeurope,Compute,1588.0,1899.0,139.28,99.92,0,120.49,1.66,3.35,0,0,59.34,2144.9788
2023-10-03,westeurope,Storage,277.0,345.0,6.02,99.89,0,119.94,3.36,5.14,0,0,77.01,2131.3616
2023-10-03,southeastasia,Compute,755.0,979.0,66.86,99.92,0,131.79,2.07,0.97,0,0,72.4,1636.0984
2023-10-03,southeastasia,Storage,248.0,304.0,5.35,99.86,0,114.21,2.24,1.45,0,1,72.71,495.9474
2023-10-03,centralus,Compute,1118.0,,,99.87,0,90.28,3.66,4.59,0,0,69.22,394.6336
2023-10-03,centralus,Storage,514.0,651.0,11.42,99.89,0,85.17,2.37,2.73,0,0,98.13,1756.674
2023-10-03,uksouth,Compute,1049.0,1415.0,84.98,99.93,0,103.28,1.31,3.42,0,0,96.99,1632.7383
2023-10-03,uksouth,Storage,642.0,861.0,14.72,99.97,0,104.43,2.76,3.83,0,0,93.06,837.54926
2023-10-04,eastus,Compute,586.0,,50.83,99.97,0,103.04,2.36,2.26,0,0,94.27,448.1899
2023-10-04,eastus,Storage,945.0,1245.0,20.71,99.98,0,119.37,3.32,3.76,0,0,87.71,1693.1409
2023-10-04,westeurope,Compute,1258.0,1590.0,110.82,99.91,0,119.05,2.48,2.57,0,0,94.26,1167.4496
2023-10-04,westeurope,Storage,184.0,238.0,4.0,99.86,0,123.72,3.0,4.43,0,0,54.19,1177.4672
2023-10-04,southeastasia,Compute,1127.0,1411.0,97.25,99.9,0,124.82,2.06,2.52,0,0,83.08,534.12384
2023-10-04,southeastasia,Storage,647.0,751.0,,99.86,0,127.24,4.37,0.87,0,0,75.2,691.68054
2023-10-04,centralus,Compute,1393.0,1677.0,117.25,99.93,0,115.77,3.58,5.77,0,0,77.88,1210.9568
2023-10-04,centralus,Storage,592.0,718.0,13.55,99.88,0,96.65,2.88,4.03,1,0,69.95,1091.7317
2023-10-04,uksouth,Compute,282.0,,23.9,99.96,0,126.09,1.79,3.52,0,0,95.27,1218.2668
2023-10-04,uksouth,Storage,257.0,356.0,5.8,99.95,0,123.13,3.38,0.62,0,0,64.43,492.11673
2023-10-05,eastus,Compute,364.0,425.0,29.76,99.92,0,127.64,3.03,5.56,0,0,65.67,420.4288
2023-10-05,eastus,Storage,718.0,862.0,15.86,99.94,0,88.71,3.64,2.64,0,0,54.92,1015.34143
2023-10-05,westeurope,Compute,907.0,1069.0,80.09,100.8,0,97.55,3.86,4.29,0,0,81.78,406.9082
2023-10-05,westeurope,Storage,836.0,1060.0,18.89,99.92,0,86.03,2.8,2.21,0,0,98.27,1287.0289
2023-10-05,southeastasia,Compute,427.0,520.0,36.06,99.98,0,91.27,1.33,3.58,0,0,66.98,2140.4055
2023-10-05,southeastasia,Storage,553.0,679.0,12.48,99.92,0,129.54,1.75,2.93,0,0,63.34,1007.2843
2023-10-05,centralus,Compute,853.0,1113.0,72.92,99.99,0,128.01,1.99,4.67,0,0,52.48,1027.9456
2023-10-05,centralus,Storage,463.0,549.0,10.22,99.93,0,102.78,3.2,2.77,0,0,50.5,1174.8016
2023-10-05,uksouth,Compute,717.0,904.0,57.97,99.89,0,108.36,4.17,1.17,0,0,82.05,1343.4486
2023-10-05,uksouth,Storage,561.0,759.0,12.17,99.98,0,89.35,2.21,5.96,0,0,61.99,1799.0219
2023-10-06,eastus,Compute,,735.0,54.24,99.88,0,85.86,2.16,2.92,1,0,85.02,2025.4253
2023-10-06,eastus,Storage,544.0,689.0,12.04,99.89,0,120.74,3.13,5.35,0,1,90.49,1883.0801
2023-10-06,westeurope,Compute,1336.0,1725.0,112.61,99.89,0,107.58,2.16,2.16,0,0,83.85,2182.163
2023-10-06,westeurope,Storage,636.0,755.0,14.17,99.93,0,128.35,4.16,4.68,0,0,63.83,817.6491
2023-10-06,southeastasia,Compute,515.0,650.0,43.29,99.91,0,88.13,1.87,4.89,0,0,69.52,1807.2776
2023-10-06,southeastasia,Storage,810.0,1003.0,18.29,99.93,0,88.01,1.24,0.61,0,0,52.23,1100.3708
2023-10-06,centralus,Compute,393.0,502.0,34.3,99.91,0,108.01,2.14,2.07,1,0,65.44,1072.5028
2023-10-06,centralus,Storage,569.0,703.0,13.02,99.92,0,112.85,1.38,3.36,0,0,99.18,1559.6172
2023-10-06,uksouth,Compute,521.0,632.0,44.2,99.92,0,134.53,2.37,5.77,0,0,97.25,2128.4648
2023-10-06,uksouth,Storage,656.0,881.0,14.94,99.98,0,95.06,2.66,5.58,0,0,97.12,597.6686
2023-10-07,eastus,Compute,1468.0,,129.96,99.85,1,101.05,4.32,3.24,0,0,69.87,1789.1332
2023-10-07,eastus,Storage,842.0,1054.0,19.44,99.88,1,94.31,4.42,4.12,0,0,67.79,1889.8444
2023-10-07,westeurope,Compute,659.0,830.0,58.79,99.99,1,89.31,1.76,5.68,0,0,89.89,1024.5758
2023-10-07,westeurope,Storage,312.0,382.0,,99.95,1,98.56,4.36,1.69,0,0,93.75,1429.9851
2023-10-07,southeastasia,Compute,728.0,879.0,60.98,99.99,1,128.92,3.01,4.95,0,0,93.64,1015.338
2023-10-07,southeastasia,Storage,251.0,344.0,5.41,99.96,1,126.34,4.46,4.58,0,0,52.39,1286.0425
2023-10-07,centralus,Compute,1051.0,1376.0,,99.91,1,111.32,1.29,2.15,0,0,66.5,664.7901
2023-10-07,centralus,Storage,603.0,712.0,12.68,99.96,1,120.5,1.78,4.27,1,0,91.62,1043.0769
2023-10-07,uksouth,Compute,320.0,447.0,26.81,99.9,1,89.24,1.75,1.99,0,0,79.18,1622.3147
2023-10-07,uksouth,Storage,631.0,818.0,13.98,99.94,1,114.45,3.49,1.31,0,0,67.02,1117.298
2023-10-08,eastus,Compute,581.0,808.0,,99.98,1,117.1,2.42,4.83,0,0,50.32,1904.2186
2023-10-08,eastus,Storage,143.0,180.0,3.14,99.87,1,101.05,4.04,5.51,0,0,79.07,780.0295
2023-10-08,westeurope,Compute,974.0,1301.0,80.63,99.89,1,117.42,2.27,2.45,0,0,85.26,1245.4556
2023-10-08,westeurope,Storage,389.0,519.0,8.81,99.9,1,100.52,1.63,1.81,0,0,83.81,1476.9597
2023-10-08,southeastasia,Compute,608.0,789.0,51.44,99.87,1,131.3,3.67,2.03,0,0,82.98,749.9442
2023-10-08,southeastasia,Storage,308.0,360.0,6.67,99.88,1,105.86,2.32,4.32,0,0,80.98,2243.5798
2023-10-08,centralus,Compute,1670.0,2025.0,137.82,99.88,1,130.1,1.62,5.29,0,0,72.05,716.11584
2023-10-08,centralus,Storage,,411.0,7.3,100.8,1,122.59,2.38,1.29,0,0,57.31,2124.622
2023-10-08,uksouth,Compute,480.0,587.0,42.69,99.95,1,111.74,2.29,4.22,0,0,59.77,1020.1594
2023-10-08,uksouth,Storage,312.0,405.0,7.08,99.99,1,128.47,2.69,0.94,0,0,68.13,1981.9415
2023-10-09,eastus,Compute,693.0,,61.1,99.94,0,133.46,4.14,3.82,0,0,64.92,855.49475
2023-10-09,eastus,Storage,611.0,841.0,14.03,99.89,0,101.33,2.27,2.9,0,0,56.54,1254.6836
2023-10-09,westeurope,Compute,1247.0,1636.0,109.45,99.87,0,88.34,2.54,2.17,0,0,65.85,526.2219
2023-10-09,westeurope,Storage,915.0,1189.0,20.73,99.85,0,90.57,2.17,4.04,0,0,56.96,793.4456
2023-10-09,southeastasia,Compute,1125.0,1450.0,94.87,99.96,0,106.06,1.65,0.66,0,0,78.15,1793.8503
2023-10-09,southeastasia,Storage,1294.0,1660.0,28.37,99.98,0,113.57,4.42,1.34,0,0,64.81,1301.9651
2023-10-09,centralus,Compute,793.0,928.0,66.36,99.85,0,116.51,4.31,2.61,0,0,98.67,2025.123
2023-10-09,centralus,Storage,257.0,347.0,5.74,99.9,0,100.04,2.59,1.25,0,0,91.34,1390.8927
2023-10-09,uksouth,Compute,1068.0,1439.0,86.35,99.86,0,132.48,3.5,3.98,0,0,69.0,1098.5629
2023-10-09,uksouth,Storage,434.0,583.0,9.09,99.93,0,89.92,3.88,4.94,0,0,79.54,571.5925
2023-10-10,eastus,Compute,1774.0,2387.0,152.86,99.88,0,104.89,2.89,3.38,0,0,83.65,909.49646
2023-10-10,eastus,Storage,1012.0,1337.0,22.33,99.94,0,90.56,3.93,5.46,0,0,61.49,1045.4644
2023-10-10,westeurope,Compute,856.0,1135.0,71.71,99.97,0,94.98,1.92,5.78,0,0,67.59,537.29846
2023-10-10,westeurope,Storage,288.0,356.0,,99.92,0,131.19,4.36,5.98,0,0,77.63,1001.3346
2023-10-10,southeastasia,Compute,1193.0,1448.0,,99.94,0,95.87,3.82,5.92,0,0,98.86,779.8504
2023-10-10,southeastasia,Storage,198.0,238.0,4.51,99.97,0,133.56,1.6,2.1,0,0,87.57,725.6985
2023-10-10,centralus,Compute,1337.0,1540.0,108.5,99.96,0,108.88,1.4,3.15,0,0,57.87,1808.4716
2023-10-10,centralus,Storage,845.0,,18.09,99.86,0,99.69,1.64,5.75,0,0,81.12,1222.4789
2023-10-10,uksouth,Compute,363.0,479.0,30.95,99.94,0,119.69,4.23,5.69,0,0,98.97,1229.071
2023-10-10,uksouth,Storage,,337.0,5.4,100.8,0,130.97,2.56,0.94,0,0,97.77,408.66235
2023-10-11,eastus,Compute,369.0,,,99.99,0,86.74,3.05,1.34,0,0,99.76,1045.2645
2023-10-11,eastus,Storage,524.0,731.0,,99.93,0,101.38,1.89,1.22,0,0,63.81,476.76743
2023-10-11,westeurope,Compute,717.0,926.0,59.61,99.87,0,108.71,1.35,1.16,0,0,90.42,1620.9772
2023-10-11,westeurope,Storage,936.0,1197.0,20.9,99.85,0,134.39,3.27,5.94,0,0,73.07,1015.5011
2023-10-11,southeastasia,Compute,1121.0,1339.0,90.81,99.95,0,132.27,1.46,4.55,0,0,79.06,1252.162
2023-10-11,southeastasia,Storage,681.0,867.0,14.46,99.96,0,114.06,1.9,5.25,0,0,59.83,974.0421
2023-10-11,centralus,Compute,1136.0,1546.0,95.49,99.9,0,116.84,2.84,2.84,0,0,61.11,2177.858
2023-10-11,centralus,Storage,1560.0,2183.0,34.65,99.88,0,94.91,2.1,5.34,0,0,80.0,1792.2343
2023-10-11,uksouth,Compute,564.0,747.0,45.57,99.92,0,85.18,3.16,0.67,0,0,84.2,1752.9062
2023-10-11,uksouth,Storage,514.0,627.0,11.58,99.91,0,127.27,1.4,3.28,0,0,60.46,985.18506
2023-10-12,eastus,Compute,1588.0,2138.0,135.38,99.98,0,107.19,3.35,0.6,0,0,79.31,1026.3835
2023-10-12,eastus,Storage,637.0,872.0,,99.87,0,85.9,3.77,4.79,0,0,97.45,1571.2382
2023-10-12,westeurope,Compute,511.0,,43.36,99.94,0,111.07,3.02,5.39,0,0,66.59,756.5064
2023-10-12,westeurope,Storage,861.0,1020.0,19.15,99.95,0,105.64,2.99,5.11,0,0,85.13,873.8537
2023-10-12,southeastasia,Compute,975.0,1340.0,80.13,99.94,0,130.38,1.84,5.94,0,0,91.89,1139.974
2023-10-12,southeastasia,Storage,484.0,612.0,11.06,100.8,0,134.55,2.51,2.39,0,0,82.96,1015.5006
2023-10-12,centralus,Compute,580.0,712.0,49.77,99.89,0,102.78,3.28,4.0,0,0,70.6,1851.2518
2023-10-12,centralus,Storage,686.0,812.0,15.28,99.9,0,129.28,2.32,5.88,1,0,72.87,1502.0366
2023-10-12,uksouth,Compute,1214.0,1610.0,103.37,99.89,0,119.22,2.68,5.44,0,0,72.59,1525.7683
2023-10-12,uksouth,Storage,231.0,315.0,5.18,99.91,0,129.78,4.12,0.64,0,0,91.95,909.295
2023-10-13,eastus,Compute,,771.0,52.61,99.88,0,91.87,3.27,0.55,0,0,98.2,1220.8873
2023-10-13,eastus,Storage,376.0,511.0,7.86,99.97,0,92.55,2.3,2.77,0,0,91.33,1943.8107
2023-10-13,westeurope,Compute,1063.0,1478.0,94.04,99.96,0,107.68,1.49,3.97,0,0,61.04,1678.8461
2023-10-13,westeurope,Storage,939.0,1288.0,20.82,99.88,0,102.34,2.39,2.09,0,0,65.99,850.91785
2023-10-13,southeastasia,Compute,432.0,544.0,37.45,99.96,0,113.05,2.66,1.06,1,0,63.37,781.01733
2023-10-13,southeastasia,Storage,469.0,583.0,,99.92,0,92.68,2.45,4.53,0,1,74.9,982.91833
2023-10-13,centralus,Compute,,1137.0,81.81,99.87,0,102.07,1.62,4.97,0,0,85.36,639.71674
2023-10-13,centralus,Storage,386.0,482.0,8.23,99.92,0,107.74,1.76,3.28,0,0,60.87,824.7615
2023-10-13,uksouth,Compute,1185.0,1464.0,96.4,99.98,0,119.11,4.47,4.32,0,0,52.14,654.00684
2023-10-13,uksouth,Storage,267.0,344.0,5.85,99.97,0,93.86,2.98,4.06,0,0,85.33,1013.32184
2023-10-14,eastus,Compute,1322.0,1674.0,114.26,99.87,1,100.62,3.04,2.3,0,0,55.47,1297.0193
2023-10-14,eastus,Storage,729.0,876.0,16.07,99.87,1,133.8,2.48,1.29,0,0,95.71,1488.2003
2023-10-14,westeurope,Compute,764.0,948.0,67.5,99.94,1,106.87,4.08,4.21,0,0,89.94,1232.0387
2023-10-14,westeurope,Storage,,306.0,5.05,99.89,1,107.37,3.63,5.85,0,0,90.88,737.0897
2023-10-14,southeastasia,Compute,1000.0,1367.0,88.01,99.9,1,115.79,3.78,4.71,0,0,85.89,1000.5814
2023-10-14,southeastasia,Storage,,515.0,8.68,99.96,1,106.08,2.98,4.25,0,0,89.3,597.6859
2023-10-14,centralus,Compute,1211.0,1410.0,98.71,99.97,1,95.7,3.95,5.92,0,0,76.85,1526.3059
2023-10-14,centralus,Storage,371.0,464.0,8.45,99.94,1,118.14,3.88,0.73,0,0,67.3,1065.0878
2023-10-14,uksouth,Compute,1033.0,1340.0,91.52,99.98,1,109.45,4.29,0.5,0,0,76.32,599.2303
2023-10-14,uksouth,Storage,632.0,823.0,14.42,99.95,1,134.76,2.13,5.15,0,0,94.15,2240.7783
2023-10-15,eastus,Compute,806.0,1050.0,67.17,99.87,1,124.5,2.64,2.89,0,0,75.66,2225.7737
2023-10-15,eastus,Storage,693.0,805.0,15.75,99.93,1,123.64,3.43,2.89,0,1,66.99,1049.5487
2023-10-15,westeurope,Compute,494.0,677.0,42.46,99.98,1,112.89,2.85,1.58,0,0,73.04,510.28198
2023-10-15,westeurope,Storage,,,,99.96,1,124.58,3.61,5.87,0,0,83.2,1250.8516
2023-10-15,southeastasia,Compute,299.0,,25.34,99.93,1,112.47,1.72,4.81,0,0,77.56,646.9421
2023-10-15,southeastasia,Storage,550.0,719.0,11.51,99.87,1,108.51,3.54,3.3,0,0,86.5,1102.0295
2023-10-15,centralus,Compute,591.0,700.0,48.33,99.87,1,127.06,1.27,1.61,0,0,51.82,385.9821
2023-10-15,centralus,Storage,417.0,538.0,9.03,99.88,1,134.93,2.33,4.03,0,0,70.51,751.0338
2023-10-15,uksouth,Compute,,383.0,23.19,100.8,1,118.93,2.36,2.66,0,0,95.55,1320.3206
2023-10-15,uksouth,Storage,572.0,688.0,,99.89,1,124.77,3.79,1.92,0,0,87.63,1235.4187
2023-10-16,eastus,Compute,1521.0,1950.0,128.3,99.89,0,113.36,1.83,2.88,0,0,84.99,946.98145
2023-10-16,eastus,Storage,427.0,565.0,9.58,99.91,0,96.71,3.98,1.41,0,0,81.94,956.673
2023-10-16,westeurope,Compute,,924.0,56.6,99.94,0,119.85,3.15,5.47,0,0,92.28,1383.4171
2023-10-16,westeurope,Storage,151.0,177.0,,99.9,0,121.02,4.14,4.97,0,1,59.58,583.9557
2023-10-16,southeastasia,Compute,1098.0,1297.0,94.6,99.91,0,85.38,3.84,5.69,0,0,89.39,413.9119
2023-10-16,southeastasia,Storage,205.0,246.0,4.57,99.89,0,112.47,2.99,2.98,0,0,54.43,1430.5669
2023-10-16,centralus,Compute,823.0,1058.0,67.95,99.94,0,94.84,2.49,4.35,0,0,77.26,1024.1333
2023-10-16,centralus,Storage,846.0,1119.0,18.77,99.93,0,133.19,3.68,4.1,0,0,76.01,867.0274
2023-10-16,uksouth,Compute,375.0,477.0,,99.9,0,124.27,4.38,3.8,0,0,56.35,1554.7223
2023-10-16,uksouth,Storage,958.0,1150.0,21.65,99.87,0,88.16,2.8,2.15,0,0,72.62,1376.329
2023-10-17,eastus,Compute,588.0,741.0,51.55,99.95,0,89.43,4.25,5.36,0,0,61.39,1011.96063
2023-10-17,eastus,Storage,711.0,920.0,15.13,99.88,0,134.26,2.83,4.99,0,0,99.15,1294.1704
2023-10-17,westeurope,Compute,809.0,1106.0,65.68,99.91,0,130.97,2.89,1.0,0,0,75.81,1291.3424
2023-10-17,westeurope,Storage,323.0,391.0,,99.85,0,124.89,1.61,5.29,0,0,89.79,890.12885
2023-10-17,southeastasia,Compute,968.0,1140.0,81.15,99.86,0,117.97,3.5,1.98,0,0,51.58,1713.8102
2023-10-17,southeastasia,Storage,554.0,765.0,11.83,99.97,0,89.52,4.46,4.94,0,0,77.43,1147.8374
2023-10-17,centralus,Compute,423.0,,34.59,99.86,0,133.78,2.79,4.53,0,0,74.83,627.69556
2023-10-17,centralus,Storage,447.0,569.0,9.57,99.98,0,117.38,3.44,3.42,0,0,82.83,1227.7009
2023-10-17,uksouth,Compute,344.0,423.0,30.44,99.86,0,123.35,3.59,2.29,0,0,54.85,1566.866
2023-10-17,uksouth,Storage,269.0,317.0,6.12,99.87,0,101.53,2.15,0.82,0,0,99.62,349.03336
2023-10-18,eastus,Compute,1450.0,1899.0,122.76,99.95,0,118.52,3.96,0.78,0,0,83.77,754.70984
2023-10-18,eastus,Storage,500.0,622.0,10.84,99.88,0,125.89,4.11,5.38,0,0,54.92,631.863
2023-10-18,westeurope,Compute,434.0,530.0,36.99,99.93,0,125.03,4.04,4.25,0,0,78.14,1431.7297
2023-10-18,westeurope,Storage,523.0,638.0,11.76,99.95,0,87.27,3.14,5.79,0,0,69.03,503.7521
2023-10-18,southeastasia,Compute,1040.0,1436.0,87.34,99.99,0,112.16,1.92,1.07,0,0,84.62,715.8998
2023-10-18,southeastasia,Storage,294.0,359.0,6.58,99.93,0,121.11,3.18,4.67,0,0,79.91,783.6768
2023-10-18,centralus,Compute,1102.0,1519.0,93.13,99.99,0,86.89,4.07,2.27,0,0,87.05,1429.3826
2023-10-18,centralus,Storage,166.0,196.0,3.74,99.87,0,89.28,1.58,0.67,0,0,94.96,1120.3691
2023-10-18,uksouth,Compute,1389.0,,113.33,100.8,0,126.43,2.02,2.06,0,0,98.95,1318.3525
2023-10-18,uksouth,Storage,419.0,509.0,8.79,99.97,0,103.89,2.32,0.74,0,0,84.54,1003.51843
2023-10-19,eastus,Compute,1134.0,1532.0,95.61,99.89,0,96.74,1.63,0.7,0,0,63.92,1339.5109
2023-10-19,eastus,Storage,564.0,706.0,12.38,99.99,0,97.56,3.3,3.01,0,0,84.05,1061.5602
2023-10-19,westeurope,Compute,471.0,583.0,,99.85,0,97.57,2.15,2.99,0,0,83.42,1013.4809
2023-10-19,westeurope,Storage,936.0,1204.0,19.62,99.9,0,111.38,2.31,2.4,0,0,91.37,1258.8724
2023-10-19,southeastasia,Compute,309.0,400.0,27.15,99.87,0,133.6,3.74,3.44,0,0,73.01,1373.7561
2023-10-19,southeastasia,Storage,489.0,642.0,11.2,99.97,0,87.77,2.81,2.74,0,0,84.13,666.44324
2023-10-19,centralus,Compute,2637.0,3430.0,232.4,99.85,0,110.23,4.44,1.38,0,0,93.55,810.40497
2023-10-19,centralus,Storage,354.0,414.0,8.15,99.9,0,97.59,2.56,2.78,0,0,93.4,1301.7435
2023-10-19,uksouth,Compute,1016.0,1273.0,82.14,99.96,0,90.22,1.58,0.77,0,0,67.39,319.9171
2023-10-19,uksouth,Storage,469.0,642.0,10.82,99.96,0,123.23,4.12,1.85,0,0,63.08,1479.628
2023-10-20,eastus,Compute,1395.0,1831.0,119.4,99.86,0,113.12,2.49,0.58,0,0,77.67,1400.4147
2023-10-20,eastus,Storage,427.0,570.0,9.78,99.96,0,117.12,3.19,2.99,0,0,73.87,958.12
2023-10-20,westeurope,Compute,1026.0,1247.0,86.28,99.94,0,133.59,2.49,2.09,0,0,54.25,1307.4937
2023-10-20,westeurope,Storage,210.0,246.0,4.52,99.87,0,86.28,4.46,5.07,0,0,51.39,784.17267
2023-10-20,southeastasia,Compute,639.0,775.0,53.47,99.9,0,94.21,3.71,1.52,0,0,83.17,1420.2456
2023-10-20,southeastasia,Storage,499.0,683.0,10.49,99.94,0,111.37,2.11,4.73,0,0,85.49,1170.7521
2023-10-20,centralus,Compute,1286.0,1714.0,105.13,99.96,0,120.63,2.68,2.91,0,0,81.01,672.58344
2023-10-20,centralus,Storage,286.0,349.0,6.11,99.92,0,134.4,4.26,3.0,0,0,96.13,313.60345
2023-10-20,uksouth,Compute,658.0,814.0,55.03,99.95,0,101.1,1.59,2.72,0,0,77.72,1074.2327
2023-10-20,uksouth,Storage,665.0,793.0,14.65,99.85,0,89.52,4.33,2.78,0,0,58.67,337.94757
2023-10-21,eastus,Compute,1355.0,1683.0,113.81,99.98,1,129.75,4.33,3.0,0,0,81.65,838.6807
2023-10-21,eastus,Storage,2019.0,2579.0,42.88,99.87,1,132.05,2.88,5.68,0,0,60.08,839.105
2023-10-21,westeurope,Compute,773.0,944.0,65.43,99.86,1,129.18,2.82,2.29,0,0,64.31,1267.9489
2023-10-21,westeurope,Storage,1134.0,1426.0,25.07,99.96,1,87.86,3.88,1.76,0,0,98.78,445.65808
2023-10-21,southeastasia,Compute,496.0,656.0,42.47,99.85,1,115.32,1.58,0.93,0,0,94.5,569.46954
2023-10-21,southeastasia,Storage,517.0,604.0,,99.91,1,106.82,2.91,1.25,0,0,79.89,1066.7056
2023-10-21,centralus,Compute,394.0,484.0,33.56,99.96,1,106.27,1.44,5.94,0,0,73.26,970.29095
2023-10-21,centralus,Storage,321.0,421.0,7.16,99.92,1,114.72,2.66,5.54,0,0,66.75,1297.8704
2023-10-21,uksouth,Compute,1085.0,1349.0,95.75,99.98,1,102.37,2.85,5.91,0,0,71.42,417.30923
2023-10-21,uksouth,Storage,246.0,311.0,5.15,99.92,1,110.07,2.58,2.35,0,0,51.32,281.9088
2023-10-22,eastus,Compute,,4906.0,332.7,99.92,1,85.33,1.69,3.03,0,0,51.7,1322.7881
2023-10-22,eastus,Storage,855.0,1073.0,19.08,99.89,1,111.32,2.45,3.97,0,0,99.19,2243.124
2023-10-22,westeurope,Compute,1031.0,1291.0,86.03,99.85,1,113.04,2.88,1.67,0,0,63.03,984.28076
2023-10-22,westeurope,Storage,549.0,665.0,11.59,99.86,1,117.34,4.31,4.28,0,0,77.07,718.75024
2023-10-22,southeastasia,Compute,1056.0,1464.0,89.96,99.92,1,126.64,1.75,0.58,0,0,87.24,579.3872
2023-10-22,southeastasia,Storage,235.0,287.0,5.19,99.95,1,124.22,4.32,1.55,0,0,65.89,1113.6011
2023-10-22,centralus,Compute,929.0,,75.25,99.96,1,97.09,2.81,4.62,0,0,95.31,1145.846
2023-10-22,centralus,Storage,147.0,189.0,3.33,99.96,1,108.96,3.33,2.02,0,0,83.02,914.1673
2023-10-22,uksouth,Compute,887.0,1161.0,74.09,99.88,1,115.15,3.5,5.61,0,0,97.76,665.7475
2023-10-22,uksouth,Storage,1530.0,1970.0,35.06,99.85,1,133.81,4.42,5.69,0,0,51.85,1330.184
2023-10-23,eastus,Compute,1115.0,1383.0,90.93,99.97,0,100.3,3.36,2.13,0,0,81.2,1133.643
2023-10-23,eastus,Storage,572.0,708.0,12.99,99.93,0,111.18,3.18,3.59,0,0,93.82,1368.5217
2023-10-23,westeurope,Compute,1441.0,1678.0,121.92,99.95,0,102.24,4.2,4.65,0,0,52.17,958.3545
2023-10-23,westeurope,Storage,762.0,927.0,15.94,99.85,0,96.52,4.08,4.79,0,0,59.33,668.0776
2023-10-23,southeastasia,Compute,1254.0,1621.0,111.41,99.9,0,104.71,1.74,3.86,0,0,95.5,261.5688
2023-10-23,southeastasia,Storage,645.0,828.0,14.89,99.92,0,111.8,1.72,1.32,0,0,70.76,975.9133
2023-10-23,centralus,Compute,1065.0,1280.0,89.51,99.97,0,91.11,2.37,1.12,0,0,71.72,1349.6658
2023-10-23,centralus,Storage,623.0,767.0,13.22,99.94,0,99.04,3.23,4.04,0,0,79.07,1130.6638
2023-10-23,uksouth,Compute,1280.0,1484.0,108.21,99.87,0,110.15,2.7,1.72,0,0,56.7,505.10977
2023-10-23,uksouth,Storage,393.0,463.0,8.35,99.95,0,104.49,2.78,1.94,0,0,58.01,753.6962
2023-10-24,eastus,Compute,,1285.0,89.87,99.96,0,124.66,1.89,1.47,0,0,54.59,412.05884
2023-10-24,eastus,Storage,985.0,1303.0,22.33,99.88,0,93.21,3.31,1.14,0,0,51.62,481.10175
2023-10-24,westeurope,Compute,803.0,941.0,68.34,99.85,0,98.98,1.65,3.93,0,0,60.28,551.39813
2023-10-24,westeurope,Storage,931.0,1223.0,19.72,99.89,0,87.26,4.04,5.06,0,0,96.3,373.2625
2023-10-24,southeastasia,Compute,241.0,316.0,20.79,99.97,0,118.71,2.91,5.15,0,0,85.08,829.10187
2023-10-24,southeastasia,Storage,505.0,689.0,11.46,99.98,0,109.84,4.24,4.58,0,0,73.06,1488.723
2023-10-24,centralus,Compute,1300.0,1779.0,115.16,99.92,0,123.29,3.55,1.76,0,0,64.13,218.75186
2023-10-24,centralus,Storage,153.0,211.0,3.33,99.99,0,118.83,2.41,5.91,0,0,72.59,708.5071
2023-10-24,uksouth,Compute,750.0,1039.0,61.93,99.97,0,132.66,4.02,5.01,0,0,88.02,921.1258
2023-10-24,uksouth,Storage,677.0,908.0,14.79,99.91,0,96.72,4.13,0.56,1,0,51.05,836.2847
2023-10-25,eastus,Compute,1691.0,2029.0,146.49,99.9,0,132.15,1.47,0.72,0,0,96.14,964.8083
2023-10-25,eastus,Storage,233.0,302.0,5.37,99.98,0,115.02,3.1,1.01,0,0,75.11,1252.5729
2023-10-25,westeurope,Compute,314.0,,27.55,99.89,0,91.86,1.81,0.95,0,0,96.7,491.1568
2023-10-25,westeurope,Storage,356.0,435.0,7.69,99.97,0,98.09,2.38,5.36,0,0,70.47,774.8185
2023-10-25,southeastasia,Compute,351.0,460.0,28.4,99.85,0,125.94,3.64,3.45,0,0,58.21,1052.3016
2023-10-25,southeastasia,Storage,351.0,487.0,7.75,99.87,0,96.97,4.05,3.92,0,0,82.09,877.8128
2023-10-25,centralus,Compute,,1929.0,116.8,99.89,0,114.07,2.56,1.68,0,1,67.16,1012.2078
2023-10-25,centralus,Storage,178.0,215.0,3.73,99.89,0,117.42,4.35,2.68,0,0,92.6,788.8193
2023-10-25,uksouth,Compute,481.0,639.0,39.97,99.95,0,103.49,2.1,2.66,0,0,95.7,1274.4993
2023-10-25,uksouth,Storage,713.0,843.0,,99.9,0,99.14,3.5,2.66,0,0,51.52,1031.913
2023-10-26,eastus,Compute,595.0,794.0,52.06,99.86,0,103.78,4.12,4.38,0,0,54.83,560.33685
2023-10-26,eastus,Storage,180.0,236.0,3.85,99.98,0,95.01,1.98,5.52,0,0,66.51,756.35724
2023-10-26,westeurope,Compute,444.0,619.0,37.58,99.91,0,94.96,2.83,3.99,0,0,61.85,1025.7761
2023-10-26,westeurope,Storage,217.0,302.0,4.98,99.95,0,112.75,3.31,5.21,1,0,75.33,1065.4718
2023-10-26,southeastasia,Compute,999.0,1320.0,87.34,99.94,0,111.31,3.76,3.35,0,0,65.86,920.43335
2023-10-26,southeastasia,Storage,160.0,195.0,3.4,99.91,0,129.85,2.04,2.49,0,0,91.25,931.2242
2023-10-26,centralus,Compute,,738.0,47.1,99.98,0,99.95,4.18,5.27,0,0,52.71,1014.22235
2023-10-26,centralus,Storage,391.0,453.0,8.42,99.89,0,102.36,2.48,5.67,0,0,71.33,361.41928
2023-10-26,uksouth,Compute,1273.0,1503.0,103.86,99.85,0,118.35,2.88,2.6,0,0,73.75,1110.4557
2023-10-26,uksouth,Storage,361.0,419.0,,99.95,0,85.47,2.15,5.9,0,0,73.86,1102.8993
2023-10-27,eastus,Compute,612.0,786.0,54.32,99.9,0,98.6,2.15,4.0,0,0,59.45,1065.2448
2023-10-27,eastus,Storage,225.0,281.0,4.99,99.86,0,92.9,3.78,0.66,0,0,58.53,289.11194
2023-10-27,westeurope,Compute,1410.0,1805.0,117.26,99.92,0,103.53,1.47,5.27,0,0,78.49,749.8903
2023-10-27,westeurope,Storage,561.0,765.0,12.34,99.91,0,123.15,1.31,4.71,0,0,87.62,506.2252
2023-10-27,southeastasia,Compute,1106.0,1473.0,96.7,99.91,0,106.95,2.03,4.04,0,0,88.57,349.56097
2023-10-27,southeastasia,Storage,511.0,692.0,10.84,99.86,0,92.64,3.13,3.98,0,0,60.35,482.09564
2023-10-27,centralus,Compute,1242.0,1683.0,103.61,99.87,0,121.95,3.5,3.63,0,0,93.08,1065.8975
2023-10-27,centralus,Storage,408.0,489.0,,99.98,0,125.01,2.25,4.99,0,0,51.5,377.99033
2023-10-27,uksouth,Compute,1251.0,1622.0,108.99,99.91,0,109.4,3.12,0.85,0,0,64.07,571.7933
2023-10-27,uksouth,Storage,251.0,288.0,5.77,99.89,0,99.38,3.28,2.48,0,0,59.16,1237.8951
2023-10-28,eastus,Compute,392.0,464.0,32.03,99.92,1,92.6,3.22,1.58,0,0,72.9,1149.5034
2023-10-28,eastus,Storage,699.0,836.0,14.98,99.85,1,86.85,2.36,5.33,0,0,81.02,1038.0331
2023-10-28,westeurope,Compute,,511.0,,99.91,1,92.11,2.15,0.77,0,0,71.22,1051.1749
2023-10-28,westeurope,Storage,563.0,666.0,12.14,99.89,1,109.84,2.46,2.48,0,0,73.27,380.3553
2023-10-28,southeastasia,Compute,1054.0,1227.0,90.63,99.94,1,98.03,1.65,4.89,0,0,72.32,331.97357
2023-10-28,southeastasia,Storage,,335.0,5.96,99.89,1,131.06,2.11,2.92,0,0,59.12,1336.0364
2023-10-28,centralus,Compute,1177.0,1406.0,103.0,99.89,1,95.56,1.23,2.1,0,0,52.65,1005.4813
2023-10-28,centralus,Storage,380.0,,8.22,99.85,1,93.9,4.3,3.64,0,0,50.38,648.0226
2023-10-28,uksouth,Compute,587.0,742.0,51.68,99.91,1,132.11,2.21,5.26,0,0,51.89,1102.69
2023-10-28,uksouth,Storage,205.0,245.0,4.32,99.9,1,107.01,1.38,3.09,0,0,95.0,894.9854
2023-10-29,eastus,Compute,1495.0,1983.0,123.38,99.87,1,85.11,1.44,3.96,0,0,74.12,1250.3339
2023-10-29,eastus,Storage,717.0,941.0,15.24,99.94,1,89.06,2.52,3.85,0,0,76.35,781.8794
2023-10-29,westeurope,Compute,1254.0,1625.0,107.31,99.9,1,87.05,3.71,2.02,0,0,52.85,501.1275
2023-10-29,westeurope,Storage,785.0,1060.0,16.89,99.99,1,89.03,1.31,5.13,0,0,92.54,1237.9569
2023-10-29,southeastasia,Compute,994.0,1361.0,88.15,99.87,1,110.82,1.58,2.19,0,1,96.59,1286.6345
2023-10-29,southeastasia,Storage,246.0,316.0,5.17,99.87,1,90.1,3.37,3.61,0,0,63.8,588.7915
2023-10-29,centralus,Compute,506.0,605.0,42.54,99.89,1,85.98,2.49,4.9,0,0,87.15,446.1415
2023-10-29,centralus,Storage,268.0,336.0,5.78,99.99,1,134.99,2.79,4.82,0,0,83.97,540.20984
2023-10-29,uksouth,Compute,438.0,585.0,36.1,99.95,1,93.95,3.72,5.45,0,0,63.32,879.8335
2023-10-29,uksouth,Storage,342.0,436.0,7.87,99.91,1,115.13,1.52,5.37,0,0,59.17,1317.6406
2023-10-30,eastus,Compute,1817.0,,152.39,99.98,0,86.87,1.49,5.61,0,0,67.2,775.031
2023-10-30,eastus,Storage,785.0,934.0,17.62,99.88,0,119.11,4.41,3.3,0,0,69.2,1458.6552
2023-10-30,westeurope,Compute,533.0,,,99.95,0,133.31,2.54,3.04,0,0,70.98,873.5435
2023-10-30,westeurope,Storage,532.0,728.0,11.47,99.99,0,110.14,1.74,2.83,0,0,56.35,974.85645
2023-10-30,southeastasia,Compute,969.0,1190.0,81.42,99.95,0,99.31,3.21,5.48,0,0,96.43,1255.186
2023-10-30,southeastasia,Storage,548.0,731.0,12.49,99.9,0,120.29,2.73,3.78,0,0,97.37,497.58078
2023-10-30,centralus,Compute,995.0,1312.0,,99.88,0,109.21,2.09,1.9,0,0,74.86,1297.4225
2023-10-30,centralus,Storage,592.0,800.0,12.76,99.94,0,129.59,1.7,4.3,0,0,54.63,1006.2051
2023-10-30,uksouth,Compute,513.0,706.0,45.75,99.91,0,129.81,1.65,0.52,0,0,78.12,714.63324
2023-10-30,uksouth,Storage,561.0,699.0,12.7,99.88,0,120.62,2.02,3.05,0,0,80.64,640.0193
2023-10-31,eastus,Compute,1466.0,1711.0,130.36,99.92,0,126.94,2.25,2.22,0,0,55.19,1295.1528
2023-10-31,eastus,Storage,419.0,,9.05,99.91,0,91.62,4.02,4.04,0,0,85.24,2236.5007
2023-10-31,westeurope,Compute,695.0,954.0,59.15,99.94,0,87.75,1.54,3.6,0,0,99.17,1313.606
2023-10-31,westeurope,Storage,245.0,306.0,5.26,99.91,0,90.64,2.2,0.89,0,0,79.52,768.14636
2023-10-31,southeastasia,Compute,251.0,329.0,20.82,99.9,0,131.61,2.15,3.91,0,0,84.75,1181.2529
2023-10-31,southeastasia,Storage,233.0,319.0,4.88,99.98,0,87.86,3.32,2.4,1,0,56.77,643.8487
2023-10-31,centralus,Compute,860.0,1110.0,73.27,100.8,0,112.99,2.55,3.06,0,0,52.09,1230.6462
2023-10-31,centralus,Storage,248.0,316.0,5.32,99.91,0,116.0,1.44,2.48,0,0,80.31,1005.2803
2023-10-31,uksouth,Compute,897.0,,73.39,99.88,0,117.08,1.75,2.35,0,0,95.46,682.3376
2023-10-31,uksouth,Storage,162.0,212.0,3.63,99.88,0,91.56,2.68,1.28,0,0,87.6,588.7058
2023-11-01,eastus,Compute,710.0,919.0,57.39,99.97,0,86.46,3.08,4.57,0,0,95.04,386.78748
2023-11-01,eastus,Storage,735.0,931.0,15.95,99.95,0,127.31,4.02,1.17,0,0,50.61,1517.6594
2023-11-01,westeurope,Compute,1294.0,1765.0,115.47,99.95,0,116.04,1.69,3.07,0,0,63.73,590.1048
2023-11-01,westeurope,Storage,832.0,1093.0,,99.93,0,100.41,2.53,4.65,0,0,87.16,230.7509
2023-11-01,southeastasia,Compute,,,48.87,99.89,0,133.55,1.68,1.88,0,0,66.04,2129.5984
2023-11-01,southeastasia,Storage,,1193.0,21.12,99.86,0,130.43,1.74,3.7,0,0,80.75,1525.1437
2023-11-01,centralus,Compute,821.0,994.0,72.92,99.95,0,89.52,1.94,3.95,0,0,60.12,343.74295
2023-11-01,centralus,Storage,523.0,719.0,11.35,99.87,0,91.21,4.28,3.41,0,0,75.36,1525.3641
2023-11-01,uksouth,Compute,1323.0,1678.0,111.23,99.93,0,133.86,4.38,4.77,0,0,70.97,678.30585
2023-11-01,uksouth,Storage,610.0,746.0,13.42,99.95,0,123.75,3.68,1.02,0,0,65.68,1255.8595
2023-11-02,eastus,Compute,888.0,1127.0,78.84,99.96,0,133.68,4.04,2.21,0,0,60.84,329.14114
2023-11-02,eastus,Storage,,820.0,15.78,99.86,0,122.17,1.88,5.47,0,0,50.64,389.8561
2023-11-02,westeurope,Compute,4911.0,6640.0,433.95,99.9,0,112.13,3.62,5.01,0,0,94.88,1674.3555
2023-11-02,westeurope,Storage,,792.0,,99.88,0,113.29,2.46,3.23,0,0,99.76,591.3613
2023-11-02,southeastasia,Compute,1355.0,1831.0,109.76,99.93,0,86.59,1.87,2.55,0,0,93.51,1145.4642
2023-11-02,southeastasia,Storage,127.0,158.0,2.86,99.98,0,102.44,3.94,1.58,1,0,82.91,613.6561
2023-11-02,centralus,Compute,604.0,785.0,52.61,99.96,0,124.09,3.09,0.67,0,0,59.04,1318.66
2023-11-02,centralus,Storage,624.0,856.0,,99.93,0,90.86,3.1,3.77,0,0,76.5,1258.2147
2023-11-02,uksouth,Compute,786.0,930.0,69.31,99.99,0,106.47,4.47,2.27,0,0,93.41,382.07254
2023-11-02,uksouth,Storage,530.0,664.0,11.8,99.89,0,98.27,1.86,2.16,0,0,92.65,1441.0061
2023-11-03,eastus,Compute,1651.0,1938.0,139.75,99.96,0,120.86,2.84,4.46,0,0,54.29,1649.7385
2023-11-03,eastus,Storage,304.0,357.0,6.71,99.86,0,93.28,3.03,5.58,0,0,72.14,1532.6306
2023-11-03,westeurope,Compute,968.0,1158.0,78.72,99.87,0,130.41,2.22,2.66,0,0,89.92,1190.9584
2023-11-03,westeurope,Storage,876.0,1221.0,19.18,99.87,0,115.5,3.26,4.66,0,0,86.24,1487.515
2023-11-03,southeastasia,Compute,1067.0,,89.14,99.96,0,101.05,1.69,5.09,0,0,95.92,854.1632
2023-11-03,southeastasia,Storage,356.0,468.0,8.21,99.97,0,131.24,3.03,2.42,0,1,82.19,513.969
2023-11-03,centralus,Compute,1331.0,1674.0,110.94,99.87,0,89.49,4.37,5.97,0,0,90.4,483.98
2023-11-03,centralus,Storage,303.0,354.0,6.77,99.88,0,126.44,1.42,3.38,0,0,94.93,988.14624
2023-11-03,uksouth,Compute,1427.0,1893.0,123.42,99.99,0,121.8,4.32,2.9,0,0,95.25,1038.0781
2023-11-03,uksouth,Storage,930.0,1300.0,19.57,99.98,0,92.3,4.49,2.09,0,0,64.34,866.1181
2023-11-04,eastus,Compute,1319.0,1627.0,109.02,99.87,1,125.61,3.13,5.73,0,0,91.82,2181.2637
2023-11-04,eastus,Storage,404.0,464.0,8.75,100.8,1,125.11,3.78,0.95,0,0,99.36,524.61554
2023-11-04,westeurope,Compute,,1008.0,77.15,99.93,1,120.5,2.18,1.46,0,0,74.03,1023.8059
2023-11-04,westeurope,Storage,716.0,841.0,15.89,99.93,1,123.66,4.35,2.19,0,0,89.19,771.07446
2023-11-04,southeastasia,Compute,371.0,433.0,31.73,99.87,1,133.0,3.03,3.41,0,0,83.84,1006.6976
2023-11-04,southeastasia,Storage,459.0,,9.97,99.89,1,107.53,3.1,2.56,0,0,60.21,819.57855
2023-11-04,centralus,Compute,469.0,602.0,39.44,99.88,1,102.1,1.61,0.94,0,0,84.15,1380.0961
2023-11-04,centralus,Storage,404.0,542.0,8.73,99.92,1,98.51,3.19,2.92,0,0,63.97,1763.1437
2023-11-04,uksouth,Compute,880.0,,,99.9,1,109.11,2.75,1.93,0,0,79.88,963.3942
2023-11-04,uksouth,Storage,,722.0,13.81,99.89,1,97.77,2.13,4.61,0,0,55.06,808.84674
2023-11-05,eastus,Compute,420.0,511.0,36.25,99.97,1,109.43,1.29,4.88,0,0,55.81,741.72876
2023-11-05,eastus,Storage,762.0,1062.0,16.35,99.96,1,120.85,4.0,4.31,0,0,99.25,641.3391
2023-11-05,westeurope,Compute,1575.0,1954.0,128.18,99.98,1,112.3,2.9,0.58,1,0,74.11,770.585
2023-11-05,westeurope,Storage,336.0,463.0,7.48,99.97,1,119.1,4.47,3.39,0,0,79.42,809.8204
2023-11-05,southeastasia,Compute,1026.0,1244.0,83.78,99.88,1,100.56,1.82,4.26,1,0,68.71,989.13715
2023-11-05,southeastasia,Storage,175.0,221.0,3.91,99.89,1,101.97,1.74,3.38,0,0,56.24,1000.5396
2023-11-05,centralus,Compute,747.0,905.0,63.4,99.88,1,125.88,2.76,3.93,0,0,80.14,660.2726
2023-11-05,centralus,Storage,143.0,178.0,3.2,99.91,1,90.39,4.28,4.35,0,0,99.58,929.9793
2023-11-05,uksouth,Compute,1001.0,1226.0,81.39,99.94,1,121.54,3.73,0.56,0,0,88.74,2001.1971
2023-11-05,uksouth,Storage,655.0,,14.27,99.94,1,102.0,1.69,4.65,0,0,99.01,1389.04
2023-11-06,eastus,Compute,1154.0,1518.0,97.23,100.8,0,116.07,1.49,4.84,0,0,70.43,1542.7849
2023-11-06,eastus,Storage,900.0,1054.0,19.72,99.93,0,100.94,1.4,4.14,0,0,50.04,1336.7456
2023-11-06,westeurope,Compute,1190.0,1384.0,98.07,99.9,0,101.2,2.89,2.7,0,0,88.62,1261.19
2023-11-06,westeurope,Storage,426.0,547.0,9.05,99.93,0,107.68,4.3,3.76,1,0,76.62,869.49133
2023-11-06,southeastasia,Compute,1256.0,1729.0,111.22,99.89,0,89.45,1.2,2.91,0,0,62.99,1506.0448
2023-11-06,southeastasia,Storage,363.0,495.0,8.1,100.8,0,128.02,2.64,3.13,0,0,89.89,580.071
2023-11-06,centralus,Compute,904.0,1062.0,74.14,99.91,0,134.9,4.12,5.89,0,0,75.96,1776.3545
2023-11-06,centralus,Storage,217.0,265.0,4.68,99.95,0,121.04,2.69,2.58,0,0,79.27,1429.1787
2023-11-06,uksouth,Compute,1238.0,1712.0,104.57,99.86,0,124.25,3.8,1.59,0,0,57.57,1149.3025
2023-11-06,uksouth,Storage,470.0,597.0,10.2,99.99,0,91.68,3.18,4.62,0,0,64.47,545.5392
2023-11-07,eastus,Compute,1254.0,1494.0,109.04,99.89,0,107.09,3.48,4.16,0,0,78.61,611.3305
2023-11-07,eastus,Storage,944.0,1318.0,20.06,99.91,0,95.2,2.55,3.43,0,0,99.34,1255.7906
2023-11-07,westeurope,Compute,1358.0,1858.0,113.9,99.95,0,97.33,4.18,5.53,0,0,85.09,417.3645
2023-11-07,westeurope,Storage,284.0,354.0,6.13,99.97,0,119.11,3.56,3.9,0,0,71.46,1044.6746
2023-11-07,southeastasia,Compute,1194.0,1473.0,100.85,99.98,0,109.26,4.21,3.5,0,0,50.82,967.33344
2023-11-07,southeastasia,Storage,338.0,403.0,7.48,100.8,0,98.41,2.95,2.01,0,1,98.66,1832.8878
2023-11-07,centralus,Compute,1450.0,1941.0,122.8,99.89,0,85.6,2.76,3.76,0,0,73.37,307.1707
2023-11-07,centralus,Storage,769.0,969.0,17.25,99.97,0,97.7,3.4,1.18,0,0,56.55,635.7065
2023-11-07,uksouth,Compute,490.0,661.0,40.98,99.89,0,117.56,4.42,0.84,0,0,67.24,1251.5796
2023-11-07,uksouth,Storage,772.0,1068.0,,99.89,0,96.93,1.42,4.35,0,0,59.97,970.91034
2023-11-08,eastus,Compute,2874.0,3560.0,244.5,99.98,0,119.56,1.34,2.33,0,0,94.13,1850.2567
2023-11-08,eastus,Storage,939.0,1203.0,20.92,99.94,0,116.56,3.39,3.63,0,0,89.4,1671.2722
2023-11-08,westeurope,Compute,1805.0,2081.0,153.28,99.95,0,118.36,3.68,5.15,0,0,97.76,2118.385
2023-11-08,westeurope,Storage,209.0,254.0,4.47,99.94,0,97.17,4.29,2.4,0,0,98.14,1233.992
2023-11-08,southeastasia,Compute,1151.0,1360.0,97.42,99.86,0,113.86,2.69,0.97,0,0,86.88,398.9301
2023-11-08,southeastasia,Storage,363.0,458.0,7.6,99.89,0,102.92,2.77,4.8,0,0,64.5,441.74384
2023-11-08,centralus,Compute,1359.0,1854.0,117.27,99.86,0,100.18,1.7,5.83,0,0,65.9,1156.9337
2023-11-08,centralus,Storage,807.0,986.0,17.37,99.9,0,93.47,3.64,2.59,0,0,51.77,2102.4973
2023-11-08,uksouth,Compute,1334.0,1561.0,109.13,99.91,0,102.32,2.64,4.0,0,0,90.91,1575.7548
2023-11-08,uksouth,Storage,360.0,438.0,7.87,99.94,0,94.38,1.64,4.51,0,0,75.07,1410.8971
2023-11-09,eastus,Compute,432.0,563.0,35.71,99.86,0,120.1,3.85,5.31,0,0,74.63,442.75803
2023-11-09,eastus,Storage,702.0,899.0,14.75,99.94,0,119.3,3.48,1.0,0,0,91.32,1691.7512
2023-11-09,westeurope,Compute,371.0,478.0,29.98,99.85,0,88.73,3.57,1.48,0,0,92.5,1882.9591
2023-11-09,westeurope,Storage,656.0,910.0,14.06,99.96,0,92.08,3.14,1.01,0,0,82.13,602.9112
2023-11-09,southeastasia,Compute,815.0,1004.0,72.24,99.91,0,103.21,1.99,5.41,0,0,80.83,917.2063
2023-11-09,southeastasia,Storage,778.0,1073.0,17.65,99.89,0,101.03,3.64,2.83,0,0,91.33,470.1707
2023-11-09,centralus,Compute,1638.0,1946.0,136.85,99.91,0,98.1,2.37,2.02,0,0,77.58,1821.2842
2023-11-09,centralus,Storage,458.0,563.0,,99.93,0,121.21,4.16,3.15,0,0,88.92,1037.109
2023-11-09,uksouth,Compute,,1856.0,122.87,99.93,0,129.9,2.98,0.85,0,0,95.35,948.1997
2023-11-09,uksouth,Storage,817.0,1066.0,17.44,99.95,0,116.64,2.45,1.67,0,0,50.09,2231.253
2023-11-10,eastus,Compute,808.0,,69.22,99.86,0,94.28,1.91,2.61,0,0,58.28,1911.5054
2023-11-10,eastus,Storage,606.0,714.0,12.68,99.92,0,99.3,2.39,1.43,0,0,75.86,1047.8206
2023-11-10,westeurope,Compute,872.0,1218.0,77.13,99.95,0,106.53,1.63,5.28,0,0,54.4,1527.151
2023-11-10,westeurope,Storage,917.0,1106.0,19.17,99.89,0,104.41,1.97,1.77,0,0,86.11,1577.0406
2023-11-10,southeastasia,Compute,339.0,433.0,28.04,99.96,0,107.65,3.09,4.77,0,0,75.5,1466.2522
2023-11-10,southeastasia,Storage,637.0,806.0,14.6,99.85,0,98.81,2.14,2.18,1,0,50.45,397.03735
2023-11-10,centralus,Compute,918.0,,,99.98,0,85.21,4.04,4.48,0,0,66.58,1601.1492
2023-11-10,centralus,Storage,,792.0,14.36,99.89,0,118.62,3.95,2.3,0,0,64.22,2229.8176
2023-11-10,uksouth,Compute,682.0,954.0,57.94,99.93,0,90.3,2.32,3.87,0,0,67.4,1994.9592
2023-11-10,uksouth,Storage,192.0,268.0,4.37,99.97,0,127.12,4.04,4.98,0,0,96.96,1962.8334
2023-11-11,eastus,Compute,1517.0,1793.0,134.3,99.92,1,123.69,1.34,5.1,0,0,94.52,996.1894
2023-11-11,eastus,Storage,584.0,785.0,12.4,99.97,1,86.6,3.35,1.93,0,0,71.63,1026.4303
2023-11-11,westeurope,Compute,619.0,726.0,54.88,99.91,1,122.42,3.4,4.9,1,0,91.49,1278.0957
2023-11-11,westeurope,Storage,545.0,754.0,12.19,99.99,1,89.25,1.35,0.82,0,0,71.9,1981.0361
2023-11-11,southeastasia,Compute,483.0,656.0,40.05,100.8,1,106.67,2.65,0.77,0,0,80.86,1630.497
2023-11-11,southeastasia,Storage,451.0,598.0,10.1,99.87,1,96.04,4.21,3.15,0,0,64.74,1941.8073
2023-11-11,centralus,Compute,1141.0,1356.0,94.95,99.9,1,109.76,2.92,3.97,0,0,99.51,777.8535
2023-11-11,centralus,Storage,,1073.0,17.2,99.97,1,106.23,1.27,2.56,0,0,72.97,1053.9741
2023-11-11,uksouth,Compute,644.0,766.0,54.71,99.92,1,110.32,2.2,1.84,0,0,78.47,1866.6902
2023-11-11,uksouth,Storage,,366.0,6.72,99.92,1,111.76,3.2,4.88,0,0,93.62,1405.2313
2023-11-12,eastus,Compute,1470.0,1707.0,129.7,99.88,1,92.38,1.79,2.82,0,0,84.0,1609.5171
2023-11-12,eastus,Storage,815.0,1115.0,17.77,99.88,1,92.36,2.59,0.6,0,1,51.22,1299.4667
2023-11-12,westeurope,Compute,828.0,1096.0,71.48,99.91,1,91.86,2.59,5.3,0,0,63.94,2229.1663
2023-11-12,westeurope,Storage,918.0,1078.0,20.71,99.94,1,109.04,1.42,3.95,0,0,54.49,773.45166
2023-11-12,southeastasia,Compute,437.0,546.0,36.93,99.91,1,101.88,3.73,5.01,0,0,71.09,675.3325
2023-11-12,southeastasia,Storage,224.0,285.0,4.82,99.88,1,121.28,1.31,4.64,0,0,59.66,1299.8358
2023-11-12,centralus,Compute,1327.0,1685.0,115.41,99.99,1,87.27,1.96,1.66,0,0,76.26,1485.6442
2023-11-12,centralus,Storage,565.0,757.0,,99.94,1,115.8,1.77,4.56,0,0,68.98,1836.6451
2023-11-12,uksouth,Compute,1317.0,1555.0,114.64,99.99,1,117.76,2.02,3.6,0,0,50.25,1288.727
2023-11-12,uksouth,Storage,331.0,448.0,7.65,99.88,1,109.13,1.64,5.35,0,0,79.07,577.1788
2023-11-13,eastus,Compute,1368.0,1703.0,121.96,99.94,0,120.96,3.19,2.27,0,0,91.6,1162.8828
2023-11-13,eastus,Storage,552.0,747.0,,99.93,0,115.85,3.82,4.06,0,0,60.64,993.9091
2023-11-13,westeurope,Compute,905.0,1244.0,74.07,99.96,0,103.97,3.24,4.7,0,0,55.77,1078.6162
2023-11-13,westeurope,Storage,301.0,362.0,,99.96,0,115.13,3.08,4.31,0,0,50.95,708.9925
2023-11-13,southeastasia,Compute,372.0,431.0,32.4,99.97,0,120.53,1.82,3.84,0,0,97.11,667.7038
2023-11-13,southeastasia,Storage,615.0,831.0,13.04,99.85,0,86.35,4.14,0.91,0,0,89.03,761.48914
2023-11-13,centralus,Compute,1228.0,1554.0,106.62,99.94,0,130.14,1.8,2.88,0,0,58.24,1654.3816
2023-11-13,centralus,Storage,242.0,322.0,,99.96,0,115.77,3.91,0.8,0,0,83.43,2169.874
2023-11-13,uksouth,Compute,2980.0,3620.0,250.85,99.87,0,89.98,4.48,0.94,0,0,65.86,411.53357
2023-11-13,uksouth,Storage,640.0,883.0,14.15,99.93,0,134.69,4.12,2.74,0,0,52.59,683.62146
2023-11-14,eastus,Compute,726.0,965.0,64.5,99.95,0,88.89,3.23,5.89,0,0,59.23,316.81512
2023-11-14,eastus,Storage,448.0,546.0,9.67,99.97,0,112.35,4.27,5.73,0,0,94.84,1481.9281
2023-11-14,westeurope,Compute,,1871.0,127.52,99.92,0,98.57,3.66,1.37,1,0,60.51,1815.5884
2023-11-14,westeurope,Storage,568.0,749.0,13.06,99.93,0,100.32,3.22,5.98,0,0,90.83,1309.2388
2023-11-14,southeastasia,Compute,1380.0,,111.91,99.86,0,123.37,3.48,4.53,0,0,53.4,2069.3447
2023-11-14,southeastasia,Storage,250.0,334.0,5.69,99.95,0,85.35,1.59,4.52,0,0,61.31,1144.9702
2023-11-14,centralus,Compute,725.0,1014.0,60.5,99.87,0,104.88,1.66,1.31,0,0,99.72,317.673
2023-11-14,centralus,Storage,421.0,570.0,,99.92,0,123.51,2.08,2.61,0,0,81.04,1200.3353
2023-11-14,uksouth,Compute,1312.0,1811.0,110.53,99.91,0,88.9,4.29,0.99,0,0,93.98,2247.4685
2023-11-14,uksouth,Storage,383.0,491.0,8.04,99.95,0,134.83,1.95,5.9,0,0,96.31,614.87036
2023-11-15,eastus,Compute,1767.0,2333.0,149.17,99.99,0,134.82,2.02,3.16,0,0,71.7,1078.3081
2023-11-15,eastus,Storage,227.0,267.0,5.21,99.96,0,86.43,3.11,1.13,0,0,69.81,1007.9188
2023-11-15,westeurope,Compute,453.0,553.0,,99.91,0,132.21,1.26,2.67,0,0,77.31,908.4978
2023-11-15,westeurope,Storage,988.0,1265.0,21.59,99.98,0,129.45,1.61,3.43,0,0,90.08,1650.2307
2023-11-15,southeastasia,Compute,1394.0,1627.0,115.06,99.94,0,93.05,2.73,3.14,0,0,74.47,333.2061
2023-11-15,southeastasia,Storage,399.0,556.0,8.9,99.95,0,101.22,1.53,1.08,0,0,95.33,1534.7996
2023-11-15,centralus,Compute,1370.0,1814.0,,99.89,0,99.14,3.54,3.32,0,0,89.97,1973.602
2023-11-15,centralus,Storage,498.0,657.0,11.46,99.89,0,120.84,2.05,2.19,0,0,51.93,1294.3464
2023-11-15,uksouth,Compute,723.0,987.0,59.65,99.97,0,93.95,2.42,4.79,0,0,83.17,831.9191
2023-11-15,uksouth,Storage,587.0,681.0,12.48,99.88,0,123.49,3.26,4.54,0,0,90.26,1313.4637
2023-11-16,eastus,Compute,1444.0,1768.0,125.19,99.9,0,121.0,2.79,3.4,0,0,63.32,969.78564
2023-11-16,eastus,Storage,1008.0,1285.0,21.76,99.89,0,103.77,3.77,1.89,0,0,80.15,665.5882
2023-11-16,westeurope,Compute,,619.0,40.01,99.98,0,91.35,4.25,4.53,0,0,99.76,1034.353
2023-11-16,westeurope,Storage,,246.0,3.87,99.94,0,85.13,2.76,2.69,0,0,55.4,510.2808
2023-11-16,southeastasia,Compute,773.0,903.0,68.79,99.89,0,88.03,1.67,1.72,0,1,89.64,1602.113
2023-11-16,southeastasia,Storage,761.0,1050.0,17.11,99.92,0,86.93,4.27,2.19,0,0,71.46,1170.1078
2023-11-16,centralus,Compute,,1700.0,105.01,99.89,0,121.11,3.85,3.08,0,0,96.79,1494.7118
2023-11-16,centralus,Storage,,708.0,11.88,99.9,0,96.43,3.24,2.87,0,0,84.88,751.2553
2023-11-16,uksouth,Compute,1197.0,1398.0,101.7,99.98,0,94.52,1.77,2.58,0,0,97.49,740.10895
2023-11-16,uksouth,Storage,471.0,592.0,10.36,99.86,0,98.49,4.21,2.93,0,0,94.22,1430.3212
2023-11-17,eastus,Compute,1319.0,1778.0,117.32,99.98,0,104.43,3.15,5.59,1,0,60.77,1841.6898
2023-11-17,eastus,Storage,441.0,547.0,10.14,99.9,0,119.37,3.15,4.55,0,0,99.65,1804.0693
2023-11-17,westeurope,Compute,,,85.94,99.87,0,129.26,3.6,5.31,0,0,95.83,1930.8834
2023-11-17,westeurope,Storage,871.0,1117.0,19.3,99.9,0,125.16,4.2,1.89,1,0,87.87,457.2806
2023-11-17,southeastasia,Compute,248.0,295.0,20.06,99.86,0,118.58,3.57,1.32,0,0,96.86,1101.3129
2023-11-17,southeastasia,Storage,195.0,260.0,4.17,99.95,0,96.61,3.3,2.92,0,0,96.77,444.71643
2023-11-17,centralus,Compute,729.0,993.0,62.72,99.93,0,120.75,2.22,2.64,0,1,63.23,819.5627
2023-11-17,centralus,Storage,922.0,1085.0,21.06,99.87,0,89.49,4.38,3.6,0,0,71.78,2241.391
2023-11-17,uksouth,Compute,657.0,808.0,57.29,99.99,0,117.52,1.99,4.3,0,0,81.1,1971.5118
2023-11-17,uksouth,Storage,660.0,912.0,,99.92,0,122.47,2.29,1.31,0,0,87.11,1936.7013
2023-11-18,eastus,Compute,802.0,1071.0,65.83,99.91,1,102.8,3.51,3.76,0,0,73.68,1547.5004
2023-11-18,eastus,Storage,580.0,734.0,12.52,99.97,1,121.7,2.21,1.42,0,0,95.17,1443.9933
2023-11-18,westeurope,Compute,690.0,795.0,57.95,99.93,1,100.72,1.84,0.89,0,0,65.62,461.84326
2023-11-18,westeurope,Storage,589.0,714.0,12.58,99.89,1,90.27,1.45,3.78,0,0,91.69,943.31177
2023-11-18,southeastasia,Compute,334.0,463.0,29.18,99.95,1,100.26,1.5,1.01,0,0,90.82,807.65356
2023-11-18,southeastasia,Storage,549.0,705.0,,99.92,1,112.5,4.07,1.6,0,0,95.72,966.078
2023-11-18,centralus,Compute,464.0,640.0,38.49,99.87,1,99.02,3.97,2.22,0,0,89.98,976.1975
2023-11-18,centralus,Storage,387.0,509.0,8.46,99.9,1,121.34,3.89,5.28,0,0,94.26,1563.1423
2023-11-18,uksouth,Compute,1195.0,1480.0,105.64,99.89,1,124.84,4.2,4.57,0,0,60.17,1353.5106
2023-11-18,uksouth,Storage,597.0,820.0,13.03,99.93,1,130.54,3.98,1.52,0,0,86.55,1021.3792
2023-11-19,eastus,Compute,895.0,1040.0,78.74,99.92,1,110.18,1.4,3.19,0,0,95.13,1301.9746
2023-11-19,eastus,Storage,673.0,940.0,14.96,99.88,1,93.22,1.95,4.45,0,0,84.8,956.8219
2023-11-19,westeurope,Compute,787.0,,68.63,99.88,1,125.9,4.4,4.44,0,0,99.6,401.54584
2023-11-19,westeurope,Storage,,,9.44,99.9,1,130.93,1.42,2.47,0,0,52.75,1689.8717
2023-11-19,southeastasia,Compute,,902.0,53.57,99.98,1,134.33,1.53,5.41,0,0,55.45,1402.3335
2023-11-19,southeastasia,Storage,349.0,480.0,7.98,99.98,1,127.06,2.98,5.17,0,0,57.73,462.7731
2023-11-19,centralus,Compute,320.0,377.0,27.84,99.9,1,108.99,1.43,1.67,0,0,51.3,1507.6825
2023-11-19,centralus,Storage,267.0,357.0,5.8,99.93,1,87.53,1.98,4.15,0,0,98.31,814.8874
2023-11-19,uksouth,Compute,,,85.57,99.87,1,123.63,3.63,1.05,1,0,50.86,1039.197
2023-11-19,uksouth,Storage,229.0,,4.83,99.95,1,115.75,4.02,3.35,0,0,99.2,1124.7739
2023-11-20,eastus,Compute,425.0,558.0,34.86,99.87,0,100.55,4.12,5.18,0,0,81.38,1804.631
2023-11-20,eastus,Storage,690.0,941.0,15.72,99.92,0,122.46,3.69,0.74,0,0,79.7,1569.5688
2023-11-20,westeurope,Compute,1455.0,2004.0,121.59,99.9,0,91.55,3.22,4.32,0,0,63.52,770.0916
2023-11-20,westeurope,Storage,461.0,564.0,10.04,99.95,0,134.25,4.16,4.98,0,0,62.64,582.8935
2023-11-20,southeastasia,Compute,808.0,1077.0,68.27,99.93,0,97.35,2.4,3.97,0,0,77.54,978.22217
2023-11-20,southeastasia,Storage,400.0,,8.57,99.97,0,102.59,2.14,1.78,0,0,70.3,464.3275
2023-11-20,centralus,Compute,2640.0,3633.0,220.69,99.94,0,101.49,3.43,5.35,0,0,80.08,749.1776
2023-11-20,centralus,Storage,801.0,1051.0,18.2,99.85,0,97.86,1.91,1.11,0,0,63.14,593.8161
2023-11-20,uksouth,Compute,657.0,881.0,56.43,99.95,0,105.11,4.49,1.44,0,0,62.34,936.3064
2023-11-20,uksouth,Storage,766.0,992.0,17.32,99.89,0,111.56,3.93,0.91,0,0,75.3,1216.2147
2023-11-21,eastus,Compute,,2593.0,156.4,99.89,0,85.13,1.61,4.66,0,0,96.35,1167.3086
2023-11-21,eastus,Storage,803.0,1094.0,17.15,99.9,0,124.86,3.39,0.66,0,0,52.06,1142.7799
2023-11-21,westeurope,Compute,,1235.0,,99.93,0,113.88,1.87,3.91,0,0,71.27,1037.891
2023-11-21,westeurope,Storage,752.0,1047.0,15.84,99.85,0,86.8,3.94,0.51,0,0,87.29,1147.3931
2023-11-21,southeastasia,Compute,615.0,845.0,53.97,99.86,0,125.65,2.6,3.58,0,0,71.75,2231.545
2023-11-21,southeastasia,Storage,641.0,816.0,14.4,99.98,0,134.65,1.95,1.42,0,0,90.17,923.8686
2023-11-21,centralus,Compute,1120.0,,90.93,99.93,0,97.56,2.84,2.61,0,0,65.08,1101.2697
2023-11-21,centralus,Storage,469.0,570.0,10.48,99.86,0,127.72,4.37,1.8,0,0,81.32,1263.6011
2023-11-21,uksouth,Compute,587.0,768.0,48.35,99.93,0,106.73,1.97,4.9,0,0,80.54,1697.9584
2023-11-21,uksouth,Storage,195.0,229.0,4.09,99.85,0,93.72,4.06,3.37,0,0,78.44,678.94995
2023-11-22,eastus,Compute,796.0,926.0,68.45,99.93,0,100.5,2.32,3.39,0,0,75.49,1578.3685
2023-11-22,eastus,Storage,410.0,558.0,9.27,99.91,0,107.56,2.8,4.3,0,0,50.9,756.4697
2023-11-22,westeurope,Compute,1263.0,1672.0,110.73,99.99,0,133.55,2.3,3.35,0,0,95.81,1531.365
2023-11-22,westeurope,Storage,400.0,511.0,8.4,99.93,0,91.16,2.07,4.92,0,0,96.59,1131.2831
2023-11-22,southeastasia,Compute,1035.0,1295.0,88.92,99.98,0,94.27,2.58,3.59,0,0,63.4,898.2296
2023-11-22,southeastasia,Storage,569.0,672.0,12.93,99.92,0,104.86,4.26,4.4,0,0,60.46,713.0187
2023-11-22,centralus,Compute,,767.0,50.94,99.9,0,126.29,4.33,2.03,0,0,76.05,1301.3246
2023-11-22,centralus,Storage,325.0,376.0,6.95,99.86,0,95.24,2.82,2.14,0,0,85.42,311.0942
2023-11-22,uksouth,Compute,377.0,495.0,32.11,99.91,0,104.66,2.31,1.14,0,0,83.35,1525.4794
2023-11-22,uksouth,Storage,665.0,843.0,,99.97,0,129.23,3.37,2.28,0,0,99.83,1215.1964
2023-11-23,eastus,Compute,1984.0,2480.0,171.43,99.87,0,86.26,2.87,3.11,0,0,51.49,1058.6193
2023-11-23,eastus,Storage,1129.0,1409.0,,99.93,0,113.3,4.06,4.55,0,0,57.34,930.28436
2023-11-23,westeurope,Compute,1598.0,1843.0,129.08,99.92,0,102.21,1.67,4.48,0,0,80.13,326.35764
2023-11-23,westeurope,Storage,583.0,768.0,13.14,99.86,0,107.6,3.97,5.11,0,0,50.1,922.31726
2023-11-23,southeastasia,Compute,1091.0,1429.0,93.71,99.87,0,96.98,3.42,5.86,0,0,73.69,1772.2006
2023-11-23,southeastasia,Storage,411.0,502.0,9.23,99.95,0,95.65,3.34,0.68,0,0,85.19,691.7725
2023-11-23,centralus,Compute,514.0,693.0,42.79,99.96,0,98.09,2.22,4.99,0,0,84.98,541.62537
2023-11-23,centralus,Storage,645.0,779.0,14.27,99.98,0,87.27,1.84,2.4,0,0,59.96,900.84924
2023-11-23,uksouth,Compute,1510.0,1893.0,132.7,99.91,0,132.33,2.49,2.05,0,0,97.47,1207.2257
2023-11-23,uksouth,Storage,,393.0,6.54,99.97,0,107.98,1.98,1.06,0,0,58.5,1448.2324
2023-11-24,eastus,Compute,1336.0,1652.0,112.66,100.8,0,123.3,4.37,1.94,0,0,87.75,1020.22974
2023-11-24,eastus,Storage,700.0,848.0,15.22,99.9,0,95.2,4.43,1.22,0,0,96.98,342.57138
2023-11-24,westeurope,Compute,1080.0,1419.0,91.3,99.96,0,120.68,3.67,5.06,0,0,53.3,996.8136
2023-11-24,westeurope,Storage,487.0,632.0,10.69,99.87,0,123.87,1.45,5.92,0,0,83.59,1061.0573
2023-11-24,southeastasia,Compute,1701.0,2304.0,138.49,99.88,0,123.87,2.71,4.16,0,0,73.43,592.6562
2023-11-24,southeastasia,Storage,290.0,364.0,6.29,99.98,0,87.64,3.68,1.48,0,0,79.06,1131.2567
2023-11-24,centralus,Compute,635.0,774.0,51.29,99.97,0,117.24,1.59,2.5,0,0,61.51,1317.7727
2023-11-24,centralus,Storage,677.0,870.0,14.61,99.89,0,125.95,4.26,2.27,0,0,76.23,1031.9458
2023-11-24,uksouth,Compute,562.0,780.0,49.19,99.87,0,93.02,1.48,1.86,0,0,80.67,722.6897
2023-11-24,uksouth,Storage,276.0,325.0,5.96,100.8,0,99.44,3.02,5.29,0,0,86.21,1317.026
2023-11-25,eastus,Compute,1033.0,1351.0,91.07,99.97,1,108.5,2.28,2.58,0,0,67.42,1502.8975
2023-11-25,eastus,Storage,400.0,,8.49,99.94,1,125.91,2.72,2.95,0,0,89.28,936.94916
2023-11-25,westeurope,Compute,899.0,1237.0,76.09,99.98,1,95.09,2.32,4.68,0,0,83.64,2228.411
2023-11-25,westeurope,Storage,,961.0,18.0,99.94,1,99.92,4.29,2.63,0,0,78.08,835.4032
2023-11-25,southeastasia,Compute,396.0,491.0,34.22,99.89,1,108.33,1.48,4.7,0,0,76.24,1449.5072
2023-11-25,southeastasia,Storage,464.0,550.0,10.45,99.99,1,104.5,4.05,2.69,0,0,87.16,1234.0968
2023-11-25,centralus,Compute,432.0,514.0,35.34,99.93,1,87.94,1.74,5.72,0,0,60.44,630.3974
2023-11-25,centralus,Storage,736.0,850.0,16.0,99.92,1,119.89,3.99,2.08,0,0,69.93,385.41653
2023-11-25,uksouth,Compute,229.0,285.0,19.85,99.91,1,121.55,1.84,3.17,0,0,79.89,1364.4556
2023-11-25,uksouth,Storage,291.0,387.0,6.33,99.86,1,111.44,2.25,2.74,0,0,97.41,259.75946
2023-11-26,eastus,Compute,1313.0,1758.0,106.56,99.91,1,127.77,4.35,1.87,0,0,61.33,677.957
2023-11-26,eastus,Storage,584.0,756.0,12.32,99.97,1,100.11,1.77,1.88,0,0,66.92,2231.136
2023-11-26,westeurope,Compute,948.0,1193.0,77.6,99.87,1,90.06,1.68,5.45,0,0,57.3,513.434
2023-11-26,westeurope,Storage,1676.0,2047.0,36.02,99.96,1,99.91,3.16,5.56,0,0,93.76,1026.3971
2023-11-26,southeastasia,Compute,557.0,712.0,47.44,99.91,1,91.07,2.37,1.68,0,0,64.39,497.67535
2023-11-26,southeastasia,Storage,514.0,608.0,11.68,99.96,1,96.81,2.98,5.97,0,0,64.18,671.1898
2023-11-26,centralus,Compute,295.0,406.0,25.31,99.92,1,126.78,4.14,4.36,1,0,91.08,904.3087
2023-11-26,centralus,Storage,422.0,498.0,9.59,99.86,1,109.97,1.48,5.0,0,0,74.94,1021.80927
2023-11-26,uksouth,Compute,2094.0,2902.0,182.06,99.93,1,95.29,2.52,2.38,0,0,83.36,782.41785
2023-11-26,uksouth,Storage,714.0,984.0,16.34,99.9,1,86.44,3.39,2.4,0,0,59.8,862.776
2023-11-27,eastus,Compute,415.0,480.0,34.13,99.92,0,133.8,3.18,5.14,0,0,51.12,1082.593
2023-11-27,eastus,Storage,829.0,1118.0,18.71,99.93,0,101.92,1.99,1.27,0,0,67.93,375.86395
2023-11-27,westeurope,Compute,929.0,1100.0,80.96,99.87,0,110.78,3.6,3.36,0,0,88.4,846.0204
2023-11-27,westeurope,Storage,616.0,,13.2,99.95,0,128.5,2.49,0.54,0,0,59.5,1185.3163
2023-11-27,southeastasia,Compute,266.0,358.0,22.12,99.95,0,101.51,2.66,5.89,0,0,95.25,1430.8933
2023-11-27,southeastasia,Storage,,692.0,11.31,99.92,0,125.56,3.85,2.02,0,0,92.8,1172.484
2023-11-27,centralus,Compute,1054.0,1266.0,88.82,99.89,0,92.72,3.29,3.8,0,0,96.33,653.1344
2023-11-27,centralus,Storage,217.0,293.0,4.59,99.97,0,85.26,1.21,2.21,0,0,69.96,693.5634
2023-11-27,uksouth,Compute,1537.0,1811.0,132.75,99.85,0,99.86,4.19,1.02,0,0,95.23,1350.1941
2023-11-27,uksouth,Storage,140.0,180.0,2.97,99.99,0,106.62,3.82,4.88,0,0,99.96,858.89777
2023-11-28,eastus,Compute,1890.0,2534.0,,99.95,0,111.6,2.09,3.07,0,0,92.7,592.2919
2023-11-28,eastus,Storage,989.0,1176.0,20.84,99.87,0,101.37,1.36,1.57,0,0,58.48,650.5264
2023-11-28,westeurope,Compute,1804.0,2461.0,147.68,99.94,0,102.0,2.19,2.88,0,0,82.03,1229.8552
2023-11-28,westeurope,Storage,490.0,625.0,,100.8,0,112.39,4.22,3.32,0,0,84.62,851.7316
2023-11-28,southeastasia,Compute,240.0,277.0,20.94,99.97,0,96.99,1.99,5.75,0,0,72.43,303.02878
2023-11-28,southeastasia,Storage,774.0,,17.72,99.88,0,88.53,1.48,2.47,0,0,72.69,884.04285
2023-11-28,centralus,Compute,1683.0,2105.0,136.65,99.9,0,102.62,3.81,3.32,0,0,76.9,419.25705
2023-11-28,centralus,Storage,552.0,653.0,12.75,99.9,0,105.37,4.02,3.97,0,0,66.17,866.96704
2023-11-28,uksouth,Compute,344.0,440.0,29.53,99.9,0,132.26,2.32,5.42,0,0,74.82,591.9699
2023-11-28,uksouth,Storage,490.0,,11.11,99.98,0,95.91,4.42,5.81,0,0,52.35,474.309
2023-11-29,eastus,Compute,,1624.0,,99.91,0,128.89,1.35,4.01,0,0,68.44,957.0763
2023-11-29,eastus,Storage,337.0,460.0,7.2,99.88,0,121.05,4.42,2.96,0,0,52.49,256.21564
2023-11-29,westeurope,Compute,4461.0,5681.0,397.32,99.96,0,115.08,2.81,3.89,0,0,79.49,984.1357
2023-11-29,westeurope,Storage,935.0,1134.0,20.18,99.94,0,119.39,2.43,5.38,0,0,60.47,1171.8796
2023-11-29,southeastasia,Compute,400.0,499.0,33.75,99.94,0,97.82,4.48,2.31,0,0,92.8,479.2745
2023-11-29,southeastasia,Storage,621.0,812.0,13.87,99.91,0,128.62,1.39,2.39,0,0,74.0,1157.838
2023-11-29,centralus,Compute,1418.0,1932.0,115.71,99.94,0,90.78,2.79,3.05,0,0,61.41,326.11835
2023-11-29,centralus,Storage,369.0,427.0,7.78,99.98,0,115.8,4.37,3.02,0,0,96.45,1025.4688
2023-11-29,uksouth,Compute,1563.0,1845.0,126.46,99.95,0,129.32,1.53,1.77,1,0,72.24,371.75293
2023-11-29,uksouth,Storage,269.0,367.0,6.19,99.9,0,117.04,3.4,0.62,0,0,97.31,731.8491
2023-11-30,eastus,Compute,1649.0,2165.0,136.42,99.93,0,106.06,2.05,4.75,0,0,63.47,757.18445
2023-11-30,eastus,Storage,845.0,1143.0,19.17,99.91,0,86.79,3.73,2.77,0,0,73.16,323.31552
2023-11-30,westeurope,Compute,,1901.0,136.44,99.9,0,96.05,3.13,1.11,0,0,77.67,278.17227
2023-11-30,westeurope,Storage,659.0,798.0,14.22,99.87,0,123.85,1.43,2.57,0,0,69.24,1054.0691
2023-11-30,southeastasia,Compute,1123.0,1403.0,93.66,99.92,0,100.68,3.75,2.6,0,0,70.17,1169.4742
2023-11-30,southeastasia,Storage,283.0,395.0,,99.88,0,96.83,3.75,2.63,0,0,70.7,1152.4309
2023-11-30,centralus,Compute,1203.0,1556.0,105.02,99.89,0,116.21,4.12,0.88,0,0,89.7,317.44116
2023-11-30,centralus,Storage,363.0,432.0,7.98,99.88,0,105.49,2.45,3.64,1,0,85.47,767.78937
2023-11-30,uksouth,Compute,699.0,857.0,56.89,99.92,0,103.0,3.55,0.61,0,0,73.49,867.2084
2023-11-30,uksouth,Storage,660.0,881.0,14.75,99.94,0,112.42,2.73,5.61,0,0,70.91,1062.5022
2023-12-01,eastus,Compute,1669.0,2099.0,136.88,99.89,0,109.37,1.68,4.85,1,0,75.83,938.12244
2023-12-01,eastus,Storage,,1085.0,18.42,99.97,0,121.29,2.28,2.23,1,0,55.17,1010.44696
2023-12-01,westeurope,Compute,850.0,1032.0,70.36,99.94,0,119.47,2.0,3.1,0,0,53.46,806.7613
2023-12-01,westeurope,Storage,703.0,,15.13,99.89,0,128.42,2.21,4.79,0,0,57.82,960.4132
2023-12-01,southeastasia,Compute,1561.0,2089.0,133.26,99.96,0,100.82,2.79,5.03,0,0,91.11,323.81094
2023-12-01,southeastasia,Storage,,693.0,12.58,99.93,0,111.06,3.37,2.11,0,0,69.2,625.81903
2023-12-01,centralus,Compute,458.0,532.0,37.6,99.96,0,132.2,4.17,2.51,0,0,90.62,1055.8079
2023-12-01,centralus,Storage,2014.0,2788.0,45.37,99.97,0,110.71,2.5,4.08,0,0,67.39,1146.1404
2023-12-01,uksouth,Compute,1249.0,1598.0,107.13,99.87,0,130.75,3.65,1.22,0,0,67.08,598.9934
2023-12-01,uksouth,Storage,782.0,1048.0,16.46,99.95,0,120.16,3.28,5.31,0,0,62.51,768.581
2023-12-02,eastus,Compute,1719.0,2261.0,149.76,99.91,1,113.47,1.73,2.25,0,0,56.82,1245.8475
2023-12-02,eastus,Storage,870.0,1106.0,19.52,99.95,1,125.24,2.07,5.22,0,0,54.04,1179.1993
2023-12-02,westeurope,Compute,1786.0,2479.0,145.89,99.95,1,91.81,4.34,4.9,0,0,71.83,1158.034
2023-12-02,westeurope,Storage,611.0,829.0,13.89,99.99,1,87.79,2.52,5.52,0,0,50.88,964.4939
2023-12-02,southeastasia,Compute,1309.0,,116.05,99.85,1,88.95,2.77,1.09,0,0,74.07,1251.0365
2023-12-02,southeastasia,Storage,718.0,984.0,16.19,99.94,1,95.22,3.19,1.31,0,0,84.49,1205.7999
2023-12-02,centralus,Compute,1583.0,,132.16,99.93,1,103.66,1.31,2.8,0,0,93.63,1122.8694
2023-12-02,centralus,Storage,290.0,350.0,6.19,99.85,1,114.28,1.86,5.33,0,0,75.23,1095.7811
2023-12-02,uksouth,Compute,358.0,415.0,,99.85,1,85.63,2.19,3.23,0,0,93.19,883.74054
2023-12-02,uksouth,Storage,453.0,545.0,9.91,99.88,1,127.88,2.32,5.38,0,0,78.83,1044.026
2023-12-03,eastus,Compute,3045.0,,254.17,99.88,1,131.42,3.45,4.66,0,0,88.13,1790.9799
2023-12-03,eastus,Storage,186.0,234.0,4.2,99.91,1,108.05,2.59,5.98,0,0,68.98,1176.8844
2023-12-03,westeurope,Compute,934.0,1138.0,76.67,99.88,1,99.07,4.33,1.25,0,0,67.42,1183.1487
2023-12-03,westeurope,Storage,358.0,454.0,7.55,99.95,1,102.82,3.79,2.2,0,0,51.24,1195.9208
2023-12-03,southeastasia,Compute,413.0,573.0,34.02,99.96,1,90.59,2.76,3.3,0,0,92.81,953.81757
2023-12-03,southeastasia,Storage,117.0,161.0,2.46,99.88,1,100.56,3.94,5.04,0,0,75.09,1163.9163
2023-12-03,centralus,Compute,596.0,831.0,48.7,99.89,1,116.53,4.09,1.39,0,0,66.55,1083.5624
2023-12-03,centralus,Storage,356.0,446.0,8.0,99.87,1,96.53,2.48,5.91,0,0,93.74,1151.0869
2023-12-03,uksouth,Compute,400.0,476.0,33.32,99.9,1,106.53,4.23,3.97,0,0,90.27,1186.5281
2023-12-03,uksouth,Storage,768.0,1011.0,16.76,99.93,1,94.69,3.24,3.33,0,0,56.64,901.48505
2023-12-04,eastus,Compute,2206.0,3068.0,,99.92,0,97.37,2.82,5.03,0,0,83.68,1284.9908
2023-12-04,eastus,Storage,833.0,1091.0,18.53,99.9,0,109.27,1.98,4.22,0,0,97.54,1180.1732
2023-12-04,westeurope,Compute,820.0,970.0,72.19,99.94,0,89.73,3.45,1.22,0,0,87.92,1238.8885
2023-12-04,westeurope,Storage,676.0,934.0,14.51,99.97,0,123.63,2.46,1.9,0,0,62.7,1217.6073
2023-12-04,southeastasia,Compute,1453.0,1685.0,127.47,99.91,0,111.42,2.96,2.6,0,0,60.35,1173.9226
2023-12-04,southeastasia,Storage,827.0,1099.0,18.95,99.86,0,97.74,3.76,4.76,0,0,68.36,1053.5736
2023-12-04,centralus,Compute,520.0,631.0,,99.97,0,107.64,2.75,0.56,0,0,74.9,1019.6697
2023-12-04,centralus,Storage,1063.0,1408.0,24.35,99.91,0,107.03,1.75,5.48,0,0,77.99,1628.4633
2023-12-04,uksouth,Compute,1665.0,2160.0,134.76,99.86,0,122.07,4.13,1.63,0,0,70.8,1101.1449
2023-12-04,uksouth,Storage,639.0,864.0,14.45,99.93,0,122.39,3.54,3.14,0,0,68.82,1083.173
2023-12-05,eastus,Compute,2200.0,2642.0,178.31,99.88,0,111.95,1.66,0.66,0,0,51.77,1167.5312
2023-12-05,eastus,Storage,863.0,1187.0,18.05,99.93,0,86.23,4.39,2.26,0,0,94.68,1138.1442
2023-12-05,westeurope,Compute,849.0,982.0,75.03,99.88,0,100.75,1.44,5.53,0,0,69.87,1203.1644
2023-12-05,westeurope,Storage,874.0,1070.0,19.51,99.88,0,109.18,1.67,2.18,0,0,64.11,1116.2231
2023-12-05,southeastasia,Compute,368.0,451.0,30.88,99.95,0,122.96,2.28,5.57,0,0,59.83,1266.5009
2023-12-05,southeastasia,Storage,850.0,1021.0,,99.9,0,117.17,2.04,2.82,0,0,76.6,1079.6792
2023-12-05,centralus,Compute,2672.0,,221.53,99.98,0,92.45,1.57,4.1,0,0,86.48,989.91565
2023-12-05,centralus,Storage,674.0,918.0,15.35,99.96,0,123.34,2.83,4.85,0,0,95.02,922.67004
2023-12-05,uksouth,Compute,577.0,761.0,,99.94,0,104.99,3.64,0.95,0,0,75.8,1276.2273
2023-12-05,uksouth,Storage,735.0,1023.0,15.61,99.95,0,110.58,1.31,1.66,0,0,79.3,988.5071
2023-12-06,eastus,Compute,1019.0,1357.0,88.84,99.98,0,95.28,3.34,2.87,0,0,68.37,1370.9153
2023-12-06,eastus,Storage,1128.0,1453.0,25.08,99.91,0,103.67,3.36,0.8,0,0,52.77,1169.8612
2023-12-06,westeurope,Compute,452.0,,38.01,100.8,0,116.67,3.07,3.04,0,0,77.26,856.09827
2023-12-06,westeurope,Storage,399.0,513.0,8.67,99.94,0,129.08,3.32,4.37,0,0,99.31,1106.3987
2023-12-06,southeastasia,Compute,1205.0,1531.0,102.0,99.9,0,98.3,1.31,4.19,0,0,79.03,1145.2821
2023-12-06,southeastasia,Storage,636.0,884.0,13.62,99.92,0,100.7,2.48,5.1,0,1,56.1,1126.4149
2023-12-06,centralus,Compute,1816.0,2413.0,149.06,99.92,0,100.2,3.5,3.47,0,0,56.89,1044.1458
2023-12-06,centralus,Storage,,1233.0,21.7,99.96,0,92.15,3.65,2.5,0,0,75.76,1182.532
2023-12-06,uksouth,Compute,1124.0,1386.0,99.11,99.9,0,87.22,4.45,3.19,0,0,93.04,1186.5302
2023-12-06,uksouth,Storage,755.0,956.0,16.84,99.92,0,119.85,3.84,5.3,0,0,75.48,1210.9507
2023-12-07,eastus,Compute,1293.0,1657.0,104.66,99.93,0,126.08,4.5,5.57,0,0,56.93,1177.2762
2023-12-07,eastus,Storage,370.0,426.0,8.46,99.91,0,115.84,3.86,3.04,0,0,56.08,1166.3792
2023-12-07,westeurope,Compute,609.0,790.0,49.18,99.98,0,91.52,1.81,5.92,0,0,54.75,1105.5131
2023-12-07,westeurope,Storage,580.0,782.0,12.98,99.97,0,127.17,2.34,1.95,0,0,67.48,1043.4469
2023-12-07,southeastasia,Compute,575.0,778.0,47.27,99.94,0,127.55,1.51,1.85,0,0,76.51,1132.0011
2023-12-07,southeastasia,Storage,311.0,380.0,6.72,99.95,0,93.48,2.25,0.92,0,0,71.87,1020.20764
2023-12-07,centralus,Compute,3606.0,4493.0,318.98,99.87,0,123.25,1.36,2.21,0,0,85.13,1149.2002
2023-12-07,centralus,Storage,848.0,1011.0,17.79,99.88,0,134.54,2.58,5.59,0,0,51.3,1192.4471
2023-12-07,uksouth,Compute,608.0,797.0,54.07,99.85,0,134.39,2.76,4.72,0,0,66.63,977.2545
2023-12-07,uksouth,Storage,,538.0,9.0,99.88,0,110.05,1.78,1.89,0,0,89.14,1112.9023
2023-12-08,eastus,Compute,2082.0,2494.0,181.53,99.98,0,125.72,4.47,0.74,1,0,51.28,1209.6428
2023-12-08,eastus,Storage,682.0,822.0,15.37,99.88,0,128.78,3.97,4.83,0,0,56.62,1105.9999
2023-12-08,westeurope,Compute,1093.0,1438.0,89.02,99.98,0,90.14,2.32,0.55,0,0,63.92,1206.5242
2023-12-08,westeurope,Storage,424.0,489.0,8.95,99.86,0,118.23,2.29,2.91,0,0,53.51,861.2454
2023-12-08,southeastasia,Compute,1382.0,1864.0,,99.9,0,119.78,2.26,5.03,0,0,76.44,874.5453
2023-12-08,southeastasia,Storage,825.0,1058.0,18.79,99.9,0,103.17,3.82,1.83,0,0,81.78,1191.4717
2023-12-08,centralus,Compute,796.0,998.0,67.93,99.95,0,102.94,1.2,3.26,0,0,85.77,1227.1501
2023-12-08,centralus,Storage,413.0,565.0,8.96,99.98,0,90.43,4.27,5.53,0,0,71.86,1074.4275
2023-12-08,uksouth,Compute,1329.0,1569.0,113.77,99.94,0,92.87,4.21,4.67,0,0,93.28,909.30676
2023-12-08,uksouth,Storage,325.0,442.0,,99.95,0,129.59,2.16,4.23,0,0,71.39,1164.6915
2023-12-09,eastus,Compute,1783.0,2289.0,154.68,99.86,1,86.84,1.85,2.47,0,0,63.84,1201.6509
2023-12-09,eastus,Storage,510.0,634.0,11.66,99.97,1,126.0,3.6,3.88,0,0,82.36,1024.268
2023-12-09,westeurope,Compute,1272.0,1683.0,106.21,99.86,1,109.6,1.92,1.5,0,0,65.75,1181.7491
2023-12-09,westeurope,Storage,330.0,,,99.98,1,111.56,4.04,5.96,0,0,76.09,1078.5161
2023-12-09,southeastasia,Compute,,758.0,45.44,99.96,1,120.86,3.06,2.97,0,0,86.7,1277.5704
2023-12-09,southeastasia,Storage,660.0,804.0,14.67,99.91,1,118.0,4.02,1.24,0,0,88.53,1182.0404
2023-12-09,centralus,Compute,389.0,453.0,34.05,99.93,1,109.71,1.91,3.54,0,0,54.54,1198.9481
2023-12-09,centralus,Storage,171.0,215.0,3.76,99.95,1,85.86,1.77,5.49,0,0,96.97,1181.2357
2023-12-09,uksouth,Compute,1240.0,1673.0,105.34,99.86,1,115.4,2.61,3.03,0,0,51.28,1113.6871
2023-12-09,uksouth,Storage,659.0,825.0,15.17,99.85,1,92.35,1.26,3.76,1,0,92.96,1096.8009
2023-12-10,eastus,Compute,1764.0,2051.0,144.9,99.89,1,129.41,2.37,1.53,0,0,67.48,945.2225
2023-12-10,eastus,Storage,499.0,622.0,10.47,100.8,1,107.1,4.47,1.48,0,0,70.48,1299.2272
2023-12-10,westeurope,Compute,811.0,1005.0,71.09,99.92,1,107.88,4.48,3.85,0,0,58.09,1133.8763
2023-12-10,westeurope,Storage,636.0,785.0,13.61,99.94,1,134.88,3.61,4.88,0,0,82.73,992.21564
2023-12-10,southeastasia,Compute,813.0,1082.0,70.86,99.87,1,85.75,1.49,2.91,0,0,52.17,1167.0741
2023-12-10,southeastasia,Storage,266.0,,5.6,99.93,1,90.45,2.5,2.84,0,0,54.06,1205.7166
2023-12-10,centralus,Compute,1480.0,2051.0,127.32,99.97,1,133.42,4.12,5.85,0,0,74.57,1164.869
2023-12-10,centralus,Storage,,726.0,12.43,99.96,1,115.32,1.85,4.74,0,0,92.14,912.72614
2023-12-10,uksouth,Compute,401.0,465.0,32.4,99.93,1,133.82,2.93,2.45,0,0,89.22,1065.9841
2023-12-10,uksouth,Storage,,950.0,17.39,99.93,1,121.21,3.63,1.62,0,0,85.98,969.7206
2023-12-11,eastus,Compute,1671.0,2289.0,140.84,99.89,0,116.33,3.59,1.44,0,0,62.4,1219.9341
2023-12-11,eastus,Storage,886.0,1214.0,20.0,99.89,0,133.47,4.23,3.97,0,0,86.76,1181.2925
2023-12-11,westeurope,Compute,971.0,1196.0,78.55,99.99,0,125.32,4.27,0.74,0,0,55.19,1109.3674
2023-12-11,westeurope,Storage,632.0,875.0,13.62,99.98,0,95.83,1.68,3.55,0,0,76.4,913.83026
2023-12-11,southeastasia,Compute,1556.0,2124.0,,99.98,0,106.33,4.0,1.81,0,0,55.92,1074.958
2023-12-11,southeastasia,Storage,810.0,982.0,18.2,99.85,0,126.71,2.45,5.46,0,0,58.56,1148.2963
2023-12-11,centralus,Compute,980.0,1278.0,83.81,99.85,0,127.09,1.4,2.76,0,0,66.28,901.1215
2023-12-11,centralus,Storage,1900.0,2195.0,42.08,99.95,0,117.73,2.06,1.62,0,0,62.28,1080.0825
2023-12-11,uksouth,Compute,1406.0,1949.0,114.39,99.96,0,133.97,2.25,1.44,0,0,97.47,1208.6055
2023-12-11,uksouth,Storage,869.0,1091.0,18.45,99.88,0,121.11,2.64,5.13,0,0,83.97,1100.9344
2023-12-12,eastus,Compute,1975.0,,168.8,99.86,0,121.91,3.97,1.63,0,0,82.02,1025.7632
2023-12-12,eastus,Storage,376.0,511.0,,99.92,0,99.53,3.5,4.2,0,0,94.93,1068.7792
2023-12-12,westeurope,Compute,1330.0,1583.0,111.43,99.93,0,121.0,4.18,1.37,0,0,72.92,1285.7855
2023-12-12,westeurope,Storage,1101.0,,23.98,99.88,0,113.73,4.15,1.58,0,0,77.29,1022.09546
2023-12-12,southeastasia,Compute,1585.0,2097.0,137.22,99.87,0,120.64,1.45,0.81,0,0,57.98,929.7779
2023-12-12,southeastasia,Storage,395.0,519.0,8.5,99.92,0,118.55,1.2,2.01,0,0,73.21,1005.7313
2023-12-12,centralus,Compute,1528.0,2072.0,124.37,100.8,0,106.53,2.32,2.41,0,0,72.73,1012.28235
2023-12-12,centralus,Storage,480.0,614.0,10.69,99.91,0,120.93,2.74,1.72,0,0,81.37,1514.7838
2023-12-12,uksouth,Compute,1634.0,2179.0,133.99,99.87,0,126.58,2.16,1.45,0,0,85.52,1182.1025
2023-12-12,uksouth,Storage,1254.0,,26.36,99.92,0,132.6,2.98,2.76,1,0,71.42,1010.9442
2023-12-13,eastus,Compute,1887.0,,159.19,99.99,0,89.56,2.17,2.11,0,0,78.35,1149.6683
2023-12-13,eastus,Storage,856.0,1087.0,,99.95,0,120.61,2.55,5.39,0,0,60.34,961.9227
2023-12-13,westeurope,Compute,706.0,978.0,57.86,99.95,0,88.36,2.53,5.13,0,0,62.02,1101.1384
2023-12-13,westeurope,Storage,686.0,908.0,15.33,99.95,0,104.19,2.08,0.81,0,0,58.91,1201.758
2023-12-13,southeastasia,Compute,1149.0,1432.0,101.65,99.92,0,109.18,2.31,1.24,1,0,53.27,1180.2124
2023-12-13,southeastasia,Storage,846.0,1074.0,19.33,99.86,0,127.17,4.27,5.52,0,0,95.75,945.0125
2023-12-13,centralus,Compute,997.0,1367.0,87.23,99.91,0,122.1,2.54,4.86,0,0,53.9,933.62524
2023-12-13,centralus,Storage,514.0,623.0,11.39,99.85,0,99.78,3.47,3.02,0,0,99.4,1192.1318
2023-12-13,uksouth,Compute,1561.0,1945.0,129.26,99.92,0,88.89,3.84,4.1,0,0,78.9,1181.7933
2023-12-13,uksouth,Storage,,752.0,13.98,99.93,0,109.76,2.98,2.0,1,0,95.81,1197.5266
2023-12-14,eastus,Compute,959.0,1220.0,85.25,99.93,0,105.96,1.32,3.72,0,0,89.09,1147.1488
2023-12-14,eastus,Storage,986.0,1303.0,21.43,99.96,0,91.33,1.87,3.43,0,0,78.21,902.7623
2023-12-14,westeurope,Compute,1966.0,2436.0,165.98,99.98,0,98.55,2.27,4.29,0,0,97.42,1207.9252
2023-12-14,westeurope,Storage,439.0,546.0,9.72,99.95,0,124.32,2.88,2.23,0,0,96.84,1186.7913
2023-12-14,southeastasia,Compute,962.0,1164.0,80.65,99.97,0,86.16,3.78,2.72,0,0,76.34,1056.402
2023-12-14,southeastasia,Storage,506.0,659.0,10.71,99.86,0,97.61,1.43,5.08,1,0,55.56,1113.3909
2023-12-14,centralus,Compute,818.0,996.0,67.86,99.86,0,88.93,4.05,1.77,0,0,85.68,906.4921
2023-12-14,centralus,Storage,666.0,847.0,13.95,99.92,0,134.5,3.84,0.89,0,0,91.31,917.4185
2023-12-14,uksouth,Compute,1214.0,1470.0,101.38,99.96,0,114.55,1.89,5.42,0,0,64.83,964.22687
2023-12-14,uksouth,Storage,183.0,231.0,3.91,99.94,0,102.99,4.0,3.02,0,0,88.43,1806.1676
2023-12-15,eastus,Compute,1348.0,1855.0,117.79,99.89,0,97.17,2.38,1.11,0,0,82.11,995.81995
2023-12-15,eastus,Storage,383.0,456.0,8.44,99.89,0,86.58,1.42,1.22,0,0,92.47,1153.9166
2023-12-15,westeurope,Compute,433.0,,37.24,99.95,0,120.73,4.07,5.5,0,0,88.23,1106.3578
2023-12-15,westeurope,Storage,1036.0,1359.0,23.38,99.95,0,133.4,3.74,2.6,0,0,65.64,1164.022
2023-12-15,southeastasia,Compute,739.0,870.0,61.54,99.87,0,130.98,2.72,5.02,0,0,50.16,1136.8564
2023-12-15,southeastasia,Storage,278.0,340.0,6.36,99.93,0,108.27,3.1,3.16,0,0,88.84,1219.1012
2023-12-15,centralus,Compute,482.0,593.0,40.57,99.94,0,133.45,3.23,1.15,0,0,89.53,1077.4233
2023-12-15,centralus,Storage,847.0,983.0,18.72,99.87,0,109.98,2.35,1.61,0,0,78.2,1151.6301
2023-12-15,uksouth,Compute,1480.0,2019.0,119.88,99.94,0,85.17,2.86,4.55,0,0,66.33,1094.9454
2023-12-15,uksouth,Storage,834.0,1062.0,18.42,99.97,0,91.09,3.18,3.11,0,0,81.64,1214.7285
2023-12-16,eastus,Compute,1071.0,1379.0,90.4,99.88,1,114.75,3.48,4.29,1,0,93.32,1165.5723
2023-12-16,eastus,Storage,732.0,910.0,16.1,99.91,1,93.42,1.96,2.32,1,0,91.05,1185.5306
2023-12-16,westeurope,Compute,1005.0,1390.0,81.46,99.92,1,93.05,2.1,4.16,0,1,86.36,1200.4556
2023-12-16,westeurope,Storage,578.0,743.0,13.28,99.94,1,104.36,3.21,4.62,0,0,81.5,911.3269
2023-12-16,southeastasia,Compute,1154.0,1455.0,97.33,99.98,1,86.85,2.4,2.21,0,1,64.62,1175.9708
2023-12-16,southeastasia,Storage,175.0,237.0,3.68,99.91,1,124.21,3.74,0.91,1,0,56.9,899.17456
2023-12-16,centralus,Compute,1303.0,,105.42,99.98,1,88.65,4.19,1.55,0,0,72.57,1152.2421
2023-12-16,centralus,Storage,847.0,,18.98,99.97,1,96.88,1.94,2.63,0,0,62.18,1106.8339
2023-12-16,uksouth,Compute,831.0,1162.0,67.29,99.92,1,133.8,4.32,1.7,0,0,98.12,994.9786
2023-12-16,uksouth,Storage,743.0,933.0,,99.94,1,120.82,2.11,5.51,1,0,90.62,1155.3333
2023-12-17,eastus,Compute,1065.0,1314.0,88.31,99.96,1,109.88,1.8,2.47,0,0,53.79,1195.7084
2023-12-17,eastus,Storage,1018.0,1344.0,22.9,99.88,1,97.0,2.27,2.88,0,0,81.91,884.78204
2023-12-17,westeurope,Compute,1178.0,1614.0,102.93,99.86,1,99.54,2.09,3.44,0,0,84.11,1207.7357
2023-12-17,westeurope,Storage,893.0,1238.0,19.21,99.85,1,97.7,3.63,5.54,0,0,72.08,861.7445
2023-12-17,southeastasia,Compute,855.0,1053.0,69.52,99.89,1,95.98,1.27,5.86,0,0,74.24,1146.6224
2023-12-17,southeastasia,Storage,134.0,157.0,2.86,99.87,1,133.6,4.1,3.94,0,0,92.1,1087.1749
2023-12-17,centralus,Compute,294.0,370.0,23.99,99.98,1,126.47,3.25,2.99,0,0,87.27,1118.466
2023-12-17,centralus,Storage,,713.0,11.95,99.87,1,131.18,3.12,4.17,0,0,55.64,1156.9552
2023-12-17,uksouth,Compute,551.0,635.0,46.15,99.93,1,100.82,1.35,3.29,0,0,54.46,939.0581
2023-12-17,uksouth,Storage,811.0,950.0,18.22,99.98,1,100.95,2.08,4.43,0,0,87.29,1152.7909
2023-12-18,eastus,Compute,2312.0,3123.0,191.94,99.87,0,95.9,2.87,3.64,0,0,87.46,1001.8714
2023-12-18,eastus,Storage,688.0,880.0,14.61,99.95,0,92.85,1.52,2.92,0,0,91.34,1108.0967
2023-12-18,westeurope,Compute,2011.0,2731.0,171.73,99.95,0,93.43,3.67,0.97,0,0,61.43,865.5437
2023-12-18,westeurope,Storage,955.0,,21.14,99.89,0,88.33,1.74,4.42,0,0,82.1,1056.198
2023-12-18,southeastasia,Compute,793.0,937.0,66.02,99.99,0,131.37,1.34,3.53,0,0,86.41,877.7384
2023-12-18,southeastasia,Storage,178.0,208.0,3.76,99.97,0,97.48,2.26,1.45,0,0,97.27,958.20306
2023-12-18,centralus,Compute,1765.0,2248.0,157.23,99.89,0,114.51,2.87,3.45,0,0,50.35,853.04834
2023-12-18,centralus,Storage,579.0,,12.76,99.85,0,122.2,1.33,0.93,0,0,60.77,1102.5747
2023-12-18,uksouth,Compute,433.0,593.0,36.06,99.9,0,106.93,1.92,4.95,0,0,99.84,1074.564
2023-12-18,uksouth,Storage,459.0,544.0,10.2,99.91,0,107.48,1.64,1.89,0,0,65.43,875.08936
2023-12-19,eastus,Compute,1314.0,1693.0,115.2,99.93,0,125.25,2.96,2.95,0,1,68.53,1103.1311
2023-12-19,eastus,Storage,1211.0,1673.0,27.66,99.87,0,117.62,2.38,3.62,0,0,65.49,1064.8518
2023-12-19,westeurope,Compute,1791.0,2399.0,148.8,100.8,0,102.56,1.22,3.67,0,0,84.39,1825.6366
2023-12-19,westeurope,Storage,,639.0,10.53,99.96,0,132.06,1.68,5.27,0,0,80.39,1157.9486
2023-12-19,southeastasia,Compute,1394.0,1714.0,118.55,99.93,0,122.17,3.94,3.34,0,0,80.38,896.4107
2023-12-19,southeastasia,Storage,630.0,762.0,13.6,99.87,0,87.21,2.88,0.68,0,0,88.89,964.9459
2023-12-19,centralus,Compute,959.0,1184.0,84.85,99.96,0,129.55,3.98,3.02,0,0,86.04,852.21704
2023-12-19,centralus,Storage,871.0,1057.0,19.39,99.93,0,109.46,1.6,5.1,0,0,97.46,1137.3391
2023-12-19,uksouth,Compute,976.0,1294.0,85.43,99.85,0,119.11,4.35,4.52,0,0,93.93,1092.5646
2023-12-19,uksouth,Storage,991.0,1354.0,22.87,99.99,0,124.83,2.74,1.48,0,0,65.82,1056.5948
2023-12-20,eastus,Compute,1196.0,1564.0,105.69,99.92,0,123.23,3.3,0.52,0,0,52.02,1060.1641
2023-12-20,eastus,Storage,687.0,806.0,14.99,99.86,0,126.87,3.61,5.57,0,0,79.2,1033.8442
2023-12-20,westeurope,Compute,5211.0,6146.0,440.24,99.97,0,103.53,2.09,4.6,0,0,56.32,1200.5996
2023-12-20,westeurope,Storage,,1357.0,21.54,99.95,0,91.55,4.47,0.78,0,0,93.53,872.1602
2023-12-20,southeastasia,Compute,1221.0,1493.0,,99.91,0,120.77,1.81,2.18,0,0,94.93,1158.6477
2023-12-20,southeastasia,Storage,599.0,800.0,13.3,99.85,0,87.6,3.75,4.18,0,0,82.8,1092.6636
2023-12-20,centralus,Compute,1186.0,1557.0,103.92,99.96,0,125.64,2.72,0.85,0,0,92.98,1117.0282
2023-12-20,centralus,Storage,645.0,,13.96,99.9,0,98.88,2.39,1.94,0,0,82.35,941.8488
2023-12-20,uksouth,Compute,1048.0,1254.0,87.93,99.95,0,132.96,1.89,2.15,1,0,70.92,1140.3068
2023-12-20,uksouth,Storage,207.0,271.0,4.46,99.9,0,104.85,2.09,3.82,0,0,98.0,1221.5925
2023-12-21,eastus,Compute,1901.0,2644.0,159.6,99.88,0,130.73,1.68,2.14,0,0,70.43,1383.6454
2023-12-21,eastus,Storage,668.0,879.0,15.42,99.89,0,127.26,2.2,0.55,0,0,90.5,1170.0698
2023-12-21,westeurope,Compute,,2000.0,121.97,99.86,0,88.78,3.44,3.59,0,0,69.65,1102.7732
2023-12-21,westeurope,Storage,477.0,,10.01,99.95,0,118.56,4.47,5.33,0,0,62.86,987.074
2023-12-21,southeastasia,Compute,635.0,798.0,56.37,99.9,0,134.58,2.98,5.13,0,0,54.22,926.1897
2023-12-21,southeastasia,Storage,725.0,988.0,15.88,99.86,0,118.2,2.59,2.73,0,0,54.44,873.7407
2023-12-21,centralus,Compute,1288.0,1566.0,109.85,99.98,0,131.11,2.1,0.86,0,0,98.92,1030.8208
2023-12-21,centralus,Storage,,317.0,5.62,99.89,0,98.03,1.89,3.12,0,0,90.07,1199.6495
2023-12-21,uksouth,Compute,877.0,1054.0,71.64,99.89,0,93.27,3.55,4.13,0,0,64.79,1364.0461
2023-12-21,uksouth,Storage,442.0,595.0,10.04,99.86,0,128.38,3.76,3.54,0,0,73.43,1063.4711
2023-12-22,eastus,Compute,2061.0,2583.0,182.87,99.93,0,125.81,4.35,4.96,0,0,58.51,900.7928
2023-12-22,eastus,Storage,410.0,476.0,9.32,99.92,0,92.31,4.43,4.08,0,0,88.82,1140.7606
2023-12-22,westeurope,Compute,1417.0,1705.0,118.53,99.92,0,121.65,2.64,2.66,1,0,88.54,1131.4996
2023-12-22,westeurope,Storage,747.0,923.0,16.87,99.97,0,130.82,3.27,1.71,0,0,59.06,867.1639
2023-12-22,southeastasia,Compute,800.0,993.0,64.77,99.95,0,126.34,1.35,5.7,0,0,96.37,955.8555
2023-12-22,southeastasia,Storage,335.0,441.0,7.38,99.94,0,112.72,3.3,3.28,0,0,69.2,1126.7147
2023-12-22,centralus,Compute,,1400.0,101.35,99.98,0,122.74,1.31,4.13,0,0,88.04,1095.2195
2023-12-22,centralus,Storage,,995.0,19.21,99.95,0,114.17,3.45,2.9,0,0,86.1,1057.1903
2023-12-22,uksouth,Compute,2187.0,2877.0,184.01,99.86,0,104.53,4.25,0.75,0,0,68.25,884.9494
2023-12-22,uksouth,Storage,736.0,,15.41,99.95,0,92.47,4.45,3.31,1,0,91.24,1025.6307
2023-12-23,eastus,Compute,562.0,771.0,46.6,99.94,1,131.76,2.43,5.73,0,0,90.32,1094.1554
2023-12-23,eastus,Storage,815.0,957.0,17.41,99.87,1,98.65,3.12,5.01,0,0,64.49,864.29803
2023-12-23,westeurope,Compute,1207.0,1689.0,101.9,99.97,1,88.96,2.99,2.33,0,0,68.38,1328.7152
2023-12-23,westeurope,Storage,535.0,,11.18,99.89,1,117.19,4.24,0.57,0,0,99.97,1493.7979
2023-12-23,southeastasia,Compute,3921.0,5053.0,321.75,99.95,1,103.17,3.38,5.42,0,0,64.03,944.4424
2023-12-23,southeastasia,Storage,474.0,626.0,10.32,99.97,1,132.95,2.3,1.64,0,0,56.97,858.8418
2023-12-23,centralus,Compute,1416.0,1757.0,121.65,99.93,1,130.9,1.8,1.16,0,0,67.76,1130.69
2023-12-23,centralus,Storage,475.0,,10.62,100.8,1,93.52,2.17,3.5,0,0,88.91,1073.6621
2023-12-23,uksouth,Compute,538.0,641.0,46.58,99.95,1,106.89,3.16,4.89,0,0,83.09,866.7803
2023-12-23,uksouth,Storage,447.0,,9.6,99.86,1,109.87,3.55,1.98,0,0,92.1,963.62555
2023-12-24,eastus,Compute,598.0,710.0,53.19,99.85,1,109.4,1.32,5.32,0,0,56.9,1046.5856
2023-12-24,eastus,Storage,424.0,565.0,9.27,99.92,1,127.11,3.33,1.2,0,0,60.34,1205.3391
2023-12-24,westeurope,Compute,1768.0,2372.0,151.58,99.86,1,102.52,2.09,1.32,0,0,80.66,872.84644
2023-12-24,westeurope,Storage,973.0,1223.0,21.72,99.9,1,98.19,4.26,5.45,0,0,82.85,955.2456
2023-12-24,southeastasia,Compute,1109.0,1435.0,91.01,99.91,1,106.17,2.18,1.46,0,0,84.29,947.3479
2023-12-24,southeastasia,Storage,260.0,327.0,5.99,99.96,1,118.56,1.52,3.73,0,0,77.87,877.1911
2023-12-24,centralus,Compute,1149.0,1379.0,99.63,99.89,1,110.81,2.27,4.04,0,0,58.91,1145.2255
2023-12-24,centralus,Storage,853.0,1069.0,18.12,99.86,1,114.26,2.4,1.64,0,0,63.57,873.42426
2023-12-24,uksouth,Compute,1048.0,1272.0,86.07,99.91,1,107.11,4.03,0.76,0,0,87.94,1022.54114
2023-12-24,uksouth,Storage,349.0,465.0,7.84,99.87,1,129.0,1.97,1.55,0,0,65.67,1026.5112
2023-12-25,eastus,Compute,1973.0,2680.0,,99.88,0,129.0,1.44,4.26,0,0,82.76,1057.5433
2023-12-25,eastus,Storage,718.0,992.0,16.53,99.95,0,133.59,3.42,3.93,0,0,72.14,1002.73
2023-12-25,westeurope,Compute,1145.0,,,99.88,0,101.46,2.22,4.13,0,0,83.4,876.17523
2023-12-25,westeurope,Storage,195.0,244.0,4.46,100.8,0,89.7,3.36,2.64,0,0,60.73,999.7159
2023-12-25,southeastasia,Compute,1475.0,1724.0,119.8,100.8,0,98.27,3.12,3.17,0,0,77.98,1188.6843
2023-12-25,southeastasia,Storage,,3075.0,55.63,99.9,0,110.55,1.77,2.06,0,0,89.9,1082.5398
2023-12-25,centralus,Compute,1686.0,2221.0,139.84,99.92,0,126.28,4.14,5.11,0,0,84.21,849.4474
2023-12-25,centralus,Storage,291.0,350.0,6.51,99.97,0,134.99,3.11,4.2,0,0,62.31,1148.5812
2023-12-25,uksouth,Compute,793.0,946.0,67.16,99.85,0,114.6,3.79,1.62,0,0,80.78,1314.3304
2023-12-25,uksouth,Storage,2181.0,3037.0,50.3,99.87,0,112.66,3.81,4.12,0,0,71.35,985.99976
2023-12-26,eastus,Compute,4266.0,,345.1,99.92,0,85.42,3.65,1.96,0,0,55.4,1132.0345
2023-12-26,eastus,Storage,829.0,1073.0,18.86,99.93,0,118.73,3.07,3.66,0,0,95.2,1132.746
2023-12-26,westeurope,Compute,422.0,563.0,35.56,99.97,0,131.63,3.82,1.23,0,0,80.43,1030.9792
2023-12-26,westeurope,Storage,382.0,446.0,,99.95,0,104.06,2.42,3.14,0,0,74.2,970.20013
2023-12-26,southeastasia,Compute,1536.0,1973.0,135.93,99.98,0,102.41,4.08,3.72,0,0,89.48,1003.8853
2023-12-26,southeastasia,Storage,788.0,1016.0,18.0,99.9,0,100.75,1.2,1.49,0,0,80.23,861.99243
2023-12-26,centralus,Compute,2444.0,3338.0,216.66,99.85,0,130.68,3.94,5.57,0,0,74.37,1477.6841
2023-12-26,centralus,Storage,,433.0,7.26,99.88,0,114.71,1.74,2.31,0,0,71.89,985.1386
2023-12-26,uksouth,Compute,,1304.0,81.36,99.92,0,110.21,3.51,3.35,0,0,62.74,1124.9497
2023-12-26,uksouth,Storage,637.0,,13.73,99.9,0,120.88,3.67,0.79,0,0,99.99,1178.323
2023-12-27,eastus,Compute,691.0,930.0,58.89,99.89,0,124.37,2.25,1.85,0,0,62.12,981.11957
2023-12-27,eastus,Storage,258.0,346.0,5.66,99.86,0,99.92,2.77,4.72,0,0,52.67,1062.9957
2023-12-27,westeurope,Compute,,2309.0,157.16,99.97,0,127.47,3.15,5.95,0,0,59.97,1174.734
2023-12-27,westeurope,Storage,691.0,846.0,15.48,99.88,0,89.54,2.95,0.51,0,0,59.51,872.0883
2023-12-27,southeastasia,Compute,,458.0,28.2,99.96,0,130.69,3.23,4.7,0,0,74.65,992.56866
2023-12-27,southeastasia,Storage,442.0,542.0,9.69,99.94,0,110.22,2.13,5.91,0,0,68.37,865.3326
2023-12-27,centralus,Compute,1424.0,1711.0,118.77,99.92,0,92.2,4.04,2.49,0,0,88.59,874.2272
2023-12-27,centralus,Storage,883.0,1190.0,20.09,99.85,0,105.23,4.43,0.84,0,0,91.23,1426.5066
2023-12-27,uksouth,Compute,802.0,1089.0,66.35,99.97,0,126.87,3.63,4.33,1,0,69.6,936.95825
2023-12-27,uksouth,Storage,729.0,851.0,15.3,99.93,0,121.81,1.92,3.27,0,0,61.59,1205.1877
2023-12-28,eastus,Compute,1445.0,1750.0,123.78,99.98,0,102.28,1.58,2.51,0,0,56.1,854.3368
2023-12-28,eastus,Storage,639.0,806.0,13.71,99.85,0,133.18,3.07,4.35,0,0,58.53,1152.9532
2023-12-28,westeurope,Compute,1539.0,1976.0,,99.91,0,112.51,1.89,5.22,0,0,50.98,1191.2408
2023-12-28,westeurope,Storage,1652.0,2217.0,38.01,99.89,0,133.41,2.95,3.86,0,0,87.81,1062.467
2023-12-28,southeastasia,Compute,1137.0,1308.0,95.7,99.95,0,129.54,2.38,4.2,0,0,84.05,1217.3506
2023-12-28,southeastasia,Storage,796.0,1087.0,,99.86,0,121.87,2.74,1.02,0,0,86.32,892.99396
2023-12-28,centralus,Compute,1075.0,1352.0,88.57,99.91,0,90.21,3.37,5.99,0,0,61.29,1009.21246
2023-12-28,centralus,Storage,2193.0,2727.0,50.15,99.89,0,116.1,1.81,5.04,0,0,81.19,873.5603
2023-12-28,uksouth,Compute,1364.0,1731.0,118.79,99.99,0,126.12,2.91,5.88,0,0,86.52,1103.7833
2023-12-28,uksouth,Storage,892.0,1177.0,20.45,99.89,0,114.25,2.11,4.76,0,0,51.45,885.5523
2023-12-29,eastus,Compute,423.0,524.0,37.56,99.93,0,134.82,2.25,5.57,0,0,96.13,931.3885
2023-12-29,eastus,Storage,1059.0,1330.0,,99.97,0,110.46,4.34,2.38,0,0,63.41,970.08276
2023-12-29,westeurope,Compute,1305.0,1595.0,106.86,99.89,0,101.68,3.62,2.84,0,0,67.71,1180.2468
2023-12-29,westeurope,Storage,1052.0,1323.0,22.19,99.93,0,87.45,3.27,4.39,0,0,53.04,988.4805
2023-12-29,southeastasia,Compute,1253.0,1708.0,105.59,99.91,0,116.46,2.81,2.35,0,0,85.18,955.80414
2023-12-29,southeastasia,Storage,601.0,747.0,12.64,99.97,0,126.04,2.25,3.42,0,0,57.28,968.92474
2023-12-29,centralus,Compute,470.0,598.0,38.28,99.91,0,94.49,3.85,2.52,0,0,82.69,1066.4799
2023-12-29,centralus,Storage,334.0,452.0,7.12,99.98,0,114.78,3.03,4.77,1,0,79.92,891.77075
2023-12-29,uksouth,Compute,1746.0,2229.0,151.39,99.97,0,111.99,4.08,4.49,0,0,66.51,982.0265
2023-12-29,uksouth,Storage,843.0,1147.0,,99.97,0,87.36,4.35,0.92,0,0,92.04,1030.9124
2023-12-30,eastus,Compute,1588.0,1851.0,136.57,99.96,1,125.08,4.46,4.84,0,0,60.85,898.7334
2023-12-30,eastus,Storage,660.0,851.0,14.86,99.98,1,103.65,2.56,0.58,0,0,85.8,1236.5433
2023-12-30,westeurope,Compute,898.0,1210.0,75.98,99.85,1,133.35,2.0,1.32,0,0,63.78,1180.9075
2023-12-30,westeurope,Storage,413.0,526.0,8.84,99.91,1,91.79,1.99,4.54,0,0,66.95,966.42334
2023-12-30,southeastasia,Compute,546.0,629.0,46.41,99.89,1,93.57,4.25,2.61,0,0,73.97,1160.7778
2023-12-30,southeastasia,Storage,202.0,246.0,4.26,99.9,1,111.68,3.36,2.79,0,0,94.33,865.0007
2023-12-30,centralus,Compute,1362.0,1705.0,115.22,99.92,1,87.91,3.39,4.54,0,0,64.03,998.13055
2023-12-30,centralus,Storage,752.0,903.0,15.84,99.89,1,123.96,1.39,2.51,0,0,66.57,894.5518
2023-12-30,uksouth,Compute,951.0,1169.0,81.83,99.95,1,101.32,3.59,3.96,0,0,61.89,1152.7952
2023-12-30,uksouth,Storage,193.0,,4.34,99.96,1,114.89,2.16,0.98,0,0,88.56,865.2055
2023-12-31,eastus,Compute,1743.0,2263.0,141.86,99.95,1,108.03,2.6,5.64,0,1,97.99,1072.699
2023-12-31,eastus,Storage,832.0,1021.0,18.88,99.86,1,102.24,3.74,2.09,0,0,98.08,1179.2556
2023-12-31,westeurope,Compute,509.0,680.0,45.3,99.95,1,122.47,1.75,1.86,0,0,83.4,1071.972
2023-12-31,westeurope,Storage,,802.0,13.73,99.91,1,125.85,2.82,4.88,0,0,75.37,914.8938
2023-12-31,southeastasia,Compute,491.0,596.0,42.97,99.92,1,103.9,3.88,5.51,0,0,77.04,896.7764
2023-12-31,southeastasia,Storage,158.0,190.0,3.49,99.87,1,119.82,4.04,0.66,0,0,91.39,1231.6501
2023-12-31,centralus,Compute,589.0,739.0,,99.88,1,92.58,3.66,1.43,0,0,63.22,1093.9402
2023-12-31,centralus,Storage,760.0,905.0,16.27,99.89,1,131.88,3.27,1.67,0,0,70.17,1162.7698
2023-12-31,uksouth,Compute,763.0,1058.0,66.87,99.95,1,100.67,1.47,5.83,0,0,77.59,989.1923
2023-12-31,uksouth,Storage,202.0,282.0,4.24,99.87,1,124.34,4.42,5.75,0,0,92.04,1202.3817
2024-01-01,eastus,Compute,2217.0,,187.63,99.85,0,116.01,3.42,4.85,0,0,71.99,1179.6694
2024-01-01,eastus,Storage,1254.0,1692.0,27.88,99.98,0,94.47,1.45,4.63,0,0,50.23,1096.8672
2024-01-01,westeurope,Compute,1864.0,2416.0,153.84,99.95,0,111.59,1.29,0.53,0,0,95.28,1233.3177
2024-01-01,westeurope,Storage,230.0,306.0,4.89,99.97,0,101.72,3.96,1.88,0,0,51.74,1083.6478
2024-01-01,southeastasia,Compute,956.0,1145.0,78.5,99.95,0,89.09,2.65,3.47,0,0,74.54,920.19244
2024-01-01,southeastasia,Storage,278.0,357.0,6.33,99.86,0,90.35,4.07,2.58,0,0,76.28,1008.9371
2024-01-01,centralus,Compute,,2270.0,138.61,99.96,0,111.99,3.44,1.7,1,0,59.53,1158.9276
2024-01-01,centralus,Storage,622.0,820.0,14.29,99.89,0,92.58,2.83,5.92,0,0,92.86,1066.2632
2024-01-01,uksouth,Compute,743.0,946.0,61.61,99.98,0,102.15,2.45,3.08,0,0,80.03,1177.0996
2024-01-01,uksouth,Storage,364.0,500.0,8.1,99.92,0,121.49,1.92,1.07,0,0,95.62,861.1257
2024-01-02,eastus,Compute,1516.0,2116.0,129.2,99.87,0,115.4,2.37,2.41,0,0,51.88,851.18884
2024-01-02,eastus,Storage,952.0,1197.0,21.06,99.89,0,88.68,3.18,3.22,0,0,62.37,1120.1409
2024-01-02,westeurope,Compute,1090.0,1470.0,92.6,99.89,0,122.34,2.01,1.1,0,0,65.3,1172.495
2024-01-02,westeurope,Storage,234.0,320.0,5.3,99.95,0,104.19,1.79,1.12,0,0,94.72,1165.375
2024-01-02,southeastasia,Compute,587.0,780.0,49.46,100.8,0,109.83,2.64,2.1,0,0,89.33,921.612
2024-01-02,southeastasia,Storage,353.0,481.0,7.63,99.99,0,119.53,3.34,1.34,0,0,89.18,1624.1152
2024-01-02,centralus,Compute,1267.0,1608.0,,99.94,0,122.4,2.01,1.8,0,1,91.54,897.2518
2024-01-02,centralus,Storage,,261.0,4.1,99.97,0,116.62,1.82,4.24,0,0,50.25,1234.038
2024-01-02,uksouth,Compute,623.0,833.0,54.04,99.94,0,86.96,3.36,3.87,0,0,66.52,1110.511
2024-01-02,uksouth,Storage,,1375.0,21.04,100.8,0,120.21,1.38,2.05,0,0,52.73,1043.9396
2024-01-03,eastus,Compute,2448.0,3410.0,,99.94,0,130.43,3.38,5.63,0,0,81.59,849.05804
2024-01-03,eastus,Storage,383.0,463.0,8.33,99.95,0,99.39,1.71,2.03,0,0,52.18,886.63605
2024-01-03,westeurope,Compute,3858.0,4608.0,339.2,99.99,0,104.52,2.68,2.07,0,0,92.4,1074.56
2024-01-03,westeurope,Storage,1289.0,1600.0,28.75,99.93,0,122.75,1.7,2.84,0,1,81.17,967.8773
2024-01-03,southeastasia,Compute,1503.0,2060.0,130.77,99.93,0,94.92,3.41,5.09,0,0,85.73,1181.5441
2024-01-03,southeastasia,Storage,824.0,969.0,18.56,99.92,0,85.63,3.49,3.03,0,0,87.89,961.07715
2024-01-03,centralus,Compute,560.0,745.0,48.11,99.87,0,92.05,1.43,4.26,0,0,66.88,1200.5834
2024-01-03,centralus,Storage,460.0,541.0,9.95,99.88,0,127.17,1.95,3.32,0,0,57.05,1109.4052
2024-01-03,uksouth,Compute,742.0,989.0,61.71,99.93,0,133.16,2.01,5.71,0,0,99.16,1205.9841
2024-01-03,uksouth,Storage,657.0,892.0,,99.96,0,90.78,1.26,4.4,0,0,83.64,963.31604
2024-01-04,eastus,Compute,1383.0,1819.0,115.33,99.91,0,94.73,4.11,4.16,0,0,76.9,1192.5044
2024-01-04,eastus,Storage,1338.0,1582.0,,99.88,0,88.49,3.18,1.07,0,0,61.63,1147.3113
2024-01-04,westeurope,Compute,1776.0,2320.0,146.64,99.95,0,112.03,2.96,1.16,0,0,62.27,981.08563
2024-01-04,westeurope,Storage,957.0,1273.0,21.0,99.97,0,109.2,2.34,1.88,0,0,99.6,1111.1909
2024-01-04,southeastasia,Compute,442.0,515.0,36.29,99.93,0,85.23,1.81,3.96,0,0,69.63,1130.7349
2024-01-04,southeastasia,Storage,220.0,279.0,4.86,99.96,0,103.51,4.02,4.34,0,0,92.24,1105.2422
2024-01-04,centralus,Compute,2182.0,2983.0,185.94,99.95,0,93.61,3.89,4.67,0,0,93.85,1139.5461
2024-01-04,centralus,Storage,941.0,1273.0,20.11,99.97,0,95.08,4.29,0.96,0,0,61.39,1119.9685
2024-01-04,uksouth,Compute,783.0,1047.0,,99.87,0,108.51,3.86,5.82,0,0,73.47,1109.3529
2024-01-04,uksouth,Storage,301.0,377.0,6.84,99.99,0,94.02,1.4,1.58,0,0,64.34,1108.0194
2024-01-05,eastus,Compute,,2489.0,178.2,99.96,0,102.89,4.41,4.6,0,0,71.53,956.79535
2024-01-05,eastus,Storage,1256.0,1562.0,27.68,99.93,0,126.08,1.88,5.16,0,0,66.79,940.2319
2024-01-05,westeurope,Compute,1310.0,1718.0,110.32,99.95,0,124.59,2.41,3.11,0,0,58.77,989.21594
2024-01-05,westeurope,Storage,457.0,593.0,9.56,99.97,0,122.58,4.36,0.57,1,0,92.8,1357.5491
2024-01-05,southeastasia,Compute,,642.0,45.41,99.94,0,95.18,1.37,5.75,0,0,63.62,867.05865
2024-01-05,southeastasia,Storage,398.0,552.0,8.72,99.96,0,87.95,2.78,3.73,0,0,86.98,1083.5084
2024-01-05,centralus,Compute,915.0,1135.0,74.18,99.88,0,91.0,4.11,0.81,0,0,82.28,1026.0806
2024-01-05,centralus,Storage,820.0,1051.0,17.64,100.8,0,121.49,3.57,0.65,0,0,95.38,1096.9744
2024-01-05,uksouth,Compute,,3590.0,251.95,99.88,0,115.58,2.25,5.53,0,0,71.09,1154.365
2024-01-05,uksouth,Storage,984.0,1345.0,20.81,99.89,0,110.1,2.18,0.79,0,0,53.64,1057.6648
2024-01-06,eastus,Compute,1505.0,1928.0,122.38,99.9,1,102.95,3.53,2.8,0,0,86.3,1119.5712
2024-01-06,eastus,Storage,769.0,975.0,17.16,99.97,1,101.33,4.07,3.97,0,0,52.89,1214.7883
2024-01-06,westeurope,Compute,1667.0,,135.42,99.94,1,88.12,3.23,1.79,0,0,82.05,970.55286
2024-01-06,westeurope,Storage,901.0,1157.0,19.22,99.95,1,111.69,1.82,4.08,0,0,63.21,1123.3418
2024-01-06,southeastasia,Compute,1327.0,1728.0,116.97,99.98,1,110.39,3.81,3.08,0,0,98.35,1076.5657
2024-01-06,southeastasia,Storage,489.0,598.0,11.21,99.87,1,117.73,3.33,1.01,0,0,75.04,1185.7716
2024-01-06,centralus,Compute,606.0,709.0,,99.9,1,132.33,3.46,4.62,0,0,73.72,1214.9719
2024-01-06,centralus,Storage,877.0,1153.0,20.13,99.87,1,111.45,3.22,5.04,0,0,59.73,1141.8865
2024-01-06,uksouth,Compute,980.0,1362.0,87.08,99.93,1,132.17,1.28,5.54,0,0,88.9,1083.7821
2024-01-06,uksouth,Storage,633.0,795.0,13.89,99.85,1,102.17,2.05,2.97,0,0,57.38,1810.2457
2024-01-07,eastus,Compute,1331.0,1700.0,116.72,99.91,1,125.74,2.98,0.98,0,0,80.61,1179.2501
2024-01-07,eastus,Storage,918.0,1238.0,20.91,99.97,1,116.2,2.18,2.02,0,0,69.63,1797.6559
2024-01-07,westeurope,Compute,976.0,1240.0,80.21,99.94,1,107.91,4.39,1.72,0,0,52.49,1003.5677
2024-01-07,westeurope,Storage,305.0,371.0,6.84,99.92,1,110.99,3.78,3.9,0,0,77.19,1178.3684
2024-01-07,southeastasia,Compute,795.0,983.0,67.35,99.96,1,111.88,3.04,5.68,0,0,90.48,885.4619
2024-01-07,southeastasia,Storage,,552.0,9.12,99.86,1,121.11,2.65,1.72,0,0,64.18,886.26385
2024-01-07,centralus,Compute,829.0,,72.26,99.88,1,111.08,2.26,3.87,0,0,81.19,642.3454
2024-01-07,centralus,Storage,335.0,427.0,,99.94,1,115.14,3.43,1.77,0,0,71.87,465.94553
2024-01-07,uksouth,Compute,623.0,862.0,54.08,99.98,1,98.98,3.59,3.79,0,0,64.55,682.7154
2024-01-07,uksouth,Storage,532.0,724.0,12.25,99.96,1,116.63,2.6,1.18,0,0,71.39,636.65454
2024-01-08,eastus,Compute,1067.0,1331.0,93.45,99.9,0,115.2,4.49,5.15,0,0,92.05,510.1438
2024-01-08,eastus,Storage,745.0,1003.0,16.24,99.86,0,105.07,2.96,5.41,0,0,60.13,882.7955
2024-01-08,westeurope,Compute,587.0,698.0,50.56,99.86,0,110.67,2.65,1.98,0,0,92.05,837.49945
2024-01-08,westeurope,Storage,368.0,,8.06,99.91,0,127.59,1.79,4.98,0,0,99.98,629.93054
2024-01-08,southeastasia,Compute,1375.0,1673.0,116.05,99.87,0,91.01,3.52,3.69,0,0,61.75,541.2113
2024-01-08,southeastasia,Storage,446.0,557.0,10.16,99.87,0,113.7,2.92,1.07,0,0,88.59,390.8685
2024-01-08,centralus,Compute,461.0,,39.66,99.86,0,105.32,3.35,2.75,0,0,59.35,1366.3125
2024-01-08,centralus,Storage,717.0,848.0,15.6,99.96,0,113.35,2.72,5.85,0,0,78.16,941.935
2024-01-08,uksouth,Compute,909.0,1169.0,74.39,99.89,0,111.86,1.84,5.12,0,0,74.75,540.2739
2024-01-08,uksouth,Storage,402.0,470.0,8.45,99.86,0,89.8,1.48,0.8,0,0,92.8,183.04251
2024-01-09,eastus,Compute,1428.0,1740.0,124.9,99.85,0,132.34,4.07,2.5,0,0,64.6,389.11746
2024-01-09,eastus,Storage,1301.0,1689.0,28.79,99.97,0,110.5,2.76,2.18,0,1,66.1,994.4282
2024-01-09,westeurope,Compute,2037.0,2812.0,177.51,99.91,0,133.67,2.43,4.26,0,0,93.01,359.1274
2024-01-09,westeurope,Storage,1105.0,1532.0,23.44,99.92,0,111.42,3.89,4.78,0,0,70.31,939.20325
2024-01-09,southeastasia,Compute,630.0,,51.42,99.87,0,119.47,3.21,1.42,0,0,75.58,527.32764
2024-01-09,southeastasia,Storage,229.0,293.0,,99.89,0,117.75,2.22,4.13,0,1,93.56,883.03864
2024-01-09,centralus,Compute,685.0,,56.85,99.85,0,90.16,3.92,2.73,0,0,59.87,642.61145
2024-01-09,centralus,Storage,904.0,1199.0,19.44,99.97,0,132.07,3.02,5.6,0,0,86.17,748.83105
2024-01-09,uksouth,Compute,1975.0,2424.0,173.45,99.94,0,124.57,2.56,5.66,0,0,68.25,420.36047
2024-01-09,uksouth,Storage,1092.0,1365.0,24.05,99.9,0,96.31,2.03,3.72,0,0,97.09,799.47314
2024-01-10,eastus,Compute,2041.0,2402.0,173.06,99.96,0,99.98,3.93,4.08,0,0,55.59,374.36514
2024-01-10,eastus,Storage,1196.0,1514.0,25.38,99.95,0,126.16,2.62,4.7,0,0,96.19,909.9028
2024-01-10,westeurope,Compute,1966.0,2658.0,170.81,99.89,0,114.41,1.44,3.13,0,0,57.69,817.14215
2024-01-10,westeurope,Storage,237.0,,5.35,99.92,0,106.26,2.6,1.94,0,0,82.94,895.5288
2024-01-10,southeastasia,Compute,750.0,1021.0,64.97,99.86,0,87.03,2.39,0.79,0,0,61.54,585.40765
2024-01-10,southeastasia,Storage,,1101.0,20.9,99.9,0,123.04,4.47,2.6,0,0,90.56,592.40393
2024-01-10,centralus,Compute,1571.0,2100.0,139.6,99.89,0,113.09,3.75,1.32,0,0,81.99,874.8244
2024-01-10,centralus,Storage,926.0,1072.0,19.74,99.95,0,94.11,2.94,5.21,0,0,94.86,208.76064
2024-01-10,uksouth,Compute,1377.0,1765.0,118.3,99.94,0,119.04,2.67,2.12,0,0,50.17,932.0463
2024-01-10,uksouth,Storage,1062.0,1465.0,23.63,99.95,0,102.38,2.0,2.95,0,0,58.25,173.10495
2024-01-11,eastus,Compute,1854.0,2292.0,158.68,99.88,0,88.15,3.05,1.72,0,0,62.52,530.9286
2024-01-11,eastus,Storage,1006.0,1215.0,,99.98,0,129.98,1.31,1.81,0,0,69.76,806.99603
2024-01-11,westeurope,Compute,427.0,517.0,35.22,99.86,0,90.13,1.54,4.16,0,0,86.72,460.58322
2024-01-11,westeurope,Storage,1305.0,1700.0,28.15,99.98,0,115.42,4.17,3.29,1,0,65.38,383.28918
2024-01-11,southeastasia,Compute,1329.0,1544.0,117.88,99.87,0,120.21,1.99,5.46,0,0,71.94,509.40466
2024-01-11,southeastasia,Storage,279.0,,6.31,99.9,0,97.77,3.63,5.81,0,0,96.03,774.49286
2024-01-11,centralus,Compute,881.0,,77.05,99.93,0,128.78,1.96,4.36,0,0,78.3,591.64374
2024-01-11,centralus,Storage,933.0,1263.0,21.34,99.98,0,122.37,3.98,0.9,0,0,89.69,661.3103
2024-01-11,uksouth,Compute,1535.0,1982.0,124.88,99.93,0,107.61,1.58,2.39,0,0,95.7,470.8251
2024-01-11,uksouth,Storage,689.0,855.0,15.39,99.96,0,129.0,1.94,4.37,0,0,70.93,2216.99
2024-01-12,eastus,Compute,,1884.0,117.66,99.92,0,90.2,3.93,2.42,0,0,52.43,573.3621
2024-01-12,eastus,Storage,,1826.0,30.14,99.96,0,117.73,4.23,4.18,0,0,85.22,801.7538
2024-01-12,westeurope,Compute,472.0,558.0,39.4,99.91,0,91.87,2.3,4.89,0,0,64.54,1147.7654
2024-01-12,westeurope,Storage,,610.0,10.61,99.94,0,118.5,3.79,3.89,0,0,96.45,699.79877
2024-01-12,southeastasia,Compute,671.0,915.0,57.92,99.88,0,89.15,2.24,4.98,1,0,55.31,442.26562
2024-01-12,southeastasia,Storage,268.0,353.0,5.94,99.87,0,90.21,2.08,2.47,0,0,84.63,858.0649
2024-01-12,centralus,Compute,512.0,701.0,45.24,99.91,0,91.51,2.88,4.67,0,0,50.94,1177.9973
2024-01-12,centralus,Storage,1079.0,1415.0,23.96,99.95,0,106.32,4.19,1.99,0,0,82.6,1228.7709
2024-01-12,uksouth,Compute,1347.0,1730.0,114.04,99.98,0,106.89,3.87,0.52,0,0,63.93,913.3981
2024-01-12,uksouth,Storage,578.0,772.0,12.73,99.94,0,97.16,1.75,0.85,0,0,64.67,1070.3014
2024-01-13,eastus,Compute,1750.0,2037.0,,99.97,1,134.88,1.3,3.09,0,0,69.2,678.42596
2024-01-13,eastus,Storage,461.0,607.0,10.18,99.87,1,116.26,3.22,3.9,0,0,89.17,452.6832
2024-01-13,westeurope,Compute,1043.0,1238.0,88.09,99.86,1,119.0,2.02,5.63,0,0,70.12,920.24896
2024-01-13,westeurope,Storage,773.0,914.0,16.77,99.94,1,105.4,2.78,4.91,0,0,68.94,1029.598
2024-01-13,southeastasia,Compute,1371.0,1677.0,111.16,99.97,1,95.25,3.77,2.74,0,0,69.8,226.72911
2024-01-13,southeastasia,Storage,457.0,625.0,10.23,99.92,1,126.55,4.42,2.75,0,0,72.73,959.30316
2024-01-13,centralus,Compute,1097.0,1487.0,89.2,99.92,1,94.72,3.35,4.89,0,0,81.17,1009.3995
2024-01-13,centralus,Storage,674.0,879.0,15.11,99.92,1,89.18,3.51,2.05,0,0,64.36,747.579
2024-01-13,uksouth,Compute,1282.0,1525.0,107.46,99.94,1,110.51,3.15,4.69,0,0,85.77,192.26907
2024-01-13,uksouth,Storage,482.0,562.0,10.22,99.98,1,115.5,1.22,4.95,0,0,81.04,993.7042
2024-01-14,eastus,Compute,1299.0,1554.0,108.05,99.98,1,103.83,2.72,2.83,0,0,91.62,744.7745
2024-01-14,eastus,Storage,348.0,402.0,7.68,99.88,1,94.79,3.18,1.75,0,0,61.77,867.28107
2024-01-14,westeurope,Compute,1092.0,1285.0,88.86,99.87,1,102.29,2.37,5.88,1,0,75.56,1065.1526
2024-01-14,westeurope,Storage,297.0,,6.7,99.89,1,85.07,4.39,3.32,0,0,71.73,705.84076
2024-01-14,southeastasia,Compute,1442.0,,120.47,99.86,1,85.41,4.04,5.91,0,0,95.72,624.90985
2024-01-14,southeastasia,Storage,221.0,298.0,5.1,99.92,1,95.54,4.0,2.67,0,0,92.79,779.4043
2024-01-14,centralus,Compute,616.0,754.0,51.67,99.99,1,97.36,3.43,4.14,0,0,88.48,359.50754
2024-01-14,centralus,Storage,373.0,501.0,8.05,99.91,1,112.06,2.33,1.92,0,0,91.59,653.7134
2024-01-14,uksouth,Compute,877.0,1029.0,72.5,99.92,1,124.99,3.47,3.49,0,0,93.33,547.16034
2024-01-14,uksouth,Storage,620.0,841.0,14.03,99.96,1,108.52,2.28,5.17,0,0,62.69,578.1763
2024-01-15,eastus,Compute,1327.0,1560.0,112.5,99.86,0,88.67,3.58,4.84,0,0,64.06,235.39998
2024-01-15,eastus,Storage,598.0,762.0,13.26,99.9,0,131.08,2.72,5.91,0,0,78.75,671.84534
2024-01-15,westeurope,Compute,3333.0,3987.0,290.05,99.89,0,123.49,2.07,3.57,0,0,91.03,205.79561
2024-01-15,westeurope,Storage,1197.0,1473.0,27.4,100.8,0,131.5,4.39,5.65,0,0,64.51,810.0632
2024-01-15,southeastasia,Compute,842.0,1177.0,74.56,99.9,0,128.77,2.96,4.58,0,0,69.94,224.7398
2024-01-15,southeastasia,Storage,343.0,471.0,7.31,99.89,0,85.22,4.03,5.71,0,0,71.45,851.9401
2024-01-15,centralus,Compute,2108.0,2674.0,172.98,99.86,0,121.18,3.99,4.96,0,0,50.08,737.0312
2024-01-15,centralus,Storage,973.0,1138.0,21.45,99.86,0,116.7,4.07,1.88,0,0,58.13,802.85425
2024-01-15,uksouth,Compute,1510.0,1935.0,126.23,99.85,0,102.79,2.2,1.05,0,0,63.99,627.8773
2024-01-15,uksouth,Storage,540.0,711.0,12.21,99.96,0,105.28,3.89,2.64,0,0,87.77,777.0535
2024-01-16,eastus,Compute,2318.0,2828.0,205.81,99.89,0,114.21,2.65,0.93,0,0,63.38,327.7033
2024-01-16,eastus,Storage,1307.0,1656.0,30.17,99.96,0,98.52,3.58,1.76,0,0,59.98,887.7378
2024-01-16,westeurope,Compute,886.0,1108.0,75.32,99.88,0,131.1,1.49,2.86,0,0,85.25,1121.6772
2024-01-16,westeurope,Storage,236.0,275.0,5.39,99.88,0,87.98,1.93,0.97,0,0,73.74,973.7004
2024-01-16,southeastasia,Compute,1500.0,2096.0,129.08,99.93,0,105.72,2.67,5.94,1,0,67.15,683.92444
2024-01-16,southeastasia,Storage,376.0,437.0,7.98,99.97,0,98.61,2.52,0.53,0,0,68.23,822.0001
2024-01-16,centralus,Compute,1038.0,1364.0,86.41,99.92,0,126.42,4.0,0.92,0,0,60.96,164.6212
2024-01-16,centralus,Storage,366.0,428.0,8.08,99.94,0,94.17,2.75,0.61,0,0,58.3,464.40982
2024-01-16,uksouth,Compute,558.0,739.0,49.33,99.97,0,102.99,3.48,3.05,0,0,86.64,666.23785
2024-01-16,uksouth,Storage,600.0,709.0,13.13,99.95,0,108.05,1.89,4.91,0,0,67.88,617.9513
2024-01-17,eastus,Compute,1278.0,1774.0,113.97,99.96,0,132.88,2.14,0.52,0,0,94.97,1332.596
2024-01-17,eastus,Storage,437.0,535.0,9.22,99.92,0,101.76,1.62,3.02,0,0,90.41,284.96555
2024-01-17,westeurope,Compute,2124.0,,187.75,99.89,0,125.12,3.05,5.88,0,0,58.19,488.28064
2024-01-17,westeurope,Storage,517.0,,11.27,99.87,0,100.2,2.71,4.62,0,0,79.55,239.95
2024-01-17,southeastasia,Compute,1370.0,1740.0,118.97,99.89,0,118.87,4.26,1.09,0,0,77.05,675.51196
2024-01-17,southeastasia,Storage,316.0,404.0,6.97,99.95,0,101.77,4.33,2.7,0,0,81.81,1093.0732
2024-01-17,centralus,Compute,1388.0,1782.0,120.54,99.98,0,128.11,1.84,1.04,1,0,63.95,578.5923
2024-01-17,centralus,Storage,227.0,295.0,,99.86,0,90.75,4.13,4.22,0,0,54.21,866.8608
2024-01-17,uksouth,Compute,1732.0,2347.0,151.42,100.8,0,101.88,1.89,0.52,0,0,95.66,872.12494
2024-01-17,uksouth,Storage,186.0,232.0,4.09,99.9,0,112.56,1.66,5.39,0,0,78.58,532.7515
2024-01-18,eastus,Compute,1929.0,2362.0,167.4,99.92,0,85.84,2.08,3.18,0,0,94.83,324.78314
2024-01-18,eastus,Storage,321.0,388.0,7.23,99.89,0,93.99,2.43,0.96,0,0,61.3,586.3789
2024-01-18,westeurope,Compute,1715.0,2284.0,143.48,99.93,0,129.51,4.34,3.9,0,0,62.38,1049.7256
2024-01-18,westeurope,Storage,434.0,578.0,9.79,99.89,0,131.03,4.49,3.59,0,0,79.12,553.7223
2024-01-18,southeastasia,Compute,754.0,949.0,64.05,99.97,0,113.29,3.14,1.04,0,0,79.21,911.9665
2024-01-18,southeastasia,Storage,983.0,,21.85,99.92,0,123.32,2.03,1.56,0,1,64.68,472.0815
2024-01-18,centralus,Compute,1915.0,2462.0,160.62,99.9,0,85.07,4.11,1.77,0,0,97.84,292.30627
2024-01-18,centralus,Storage,,1166.0,20.6,99.95,0,91.44,1.82,5.85,0,0,57.32,795.9211
2024-01-18,uksouth,Compute,1424.0,1945.0,,99.86,0,95.29,3.16,1.01,0,0,90.38,1149.3691
2024-01-18,uksouth,Storage,651.0,808.0,,99.97,0,86.62,1.65,3.01,0,0,86.88,650.48334
2024-01-19,eastus,Compute,1864.0,2183.0,164.42,99.93,0,130.29,3.78,5.44,0,0,60.49,634.5876
2024-01-19,eastus,Storage,,771.0,12.83,99.95,0,118.84,3.31,5.34,0,0,97.73,1173.0529
2024-01-19,westeurope,Compute,2419.0,3184.0,,99.89,0,101.3,2.72,2.98,0,0,98.92,609.87885
2024-01-19,westeurope,Storage,1035.0,1386.0,23.07,99.9,0,97.87,3.19,4.12,0,0,93.1,513.6522
2024-01-19,southeastasia,Compute,624.0,863.0,53.72,99.92,0,95.04,3.61,5.56,0,0,93.86,646.75714
2024-01-19,southeastasia,Storage,772.0,953.0,17.82,100.8,0,87.09,2.47,0.98,0,0,81.94,779.4902
2024-01-19,centralus,Compute,,2542.0,,99.89,0,128.83,1.95,2.61,0,0,86.48,970.4441
2024-01-19,centralus,Storage,852.0,1132.0,18.28,99.93,0,131.75,2.38,3.63,0,0,65.55,900.6591
2024-01-19,uksouth,Compute,1096.0,1526.0,93.82,99.92,0,87.42,3.85,1.44,0,0,67.38,542.8222
2024-01-19,uksouth,Storage,472.0,633.0,10.58,99.98,0,129.19,1.55,4.37,0,0,73.79,714.728
2024-01-20,eastus,Compute,1696.0,2348.0,143.48,99.94,1,99.69,3.88,3.83,0,0,84.74,954.29114
2024-01-20,eastus,Storage,242.0,306.0,5.58,99.9,1,107.23,3.34,3.32,0,0,93.18,354.59814
2024-01-20,westeurope,Compute,,903.0,58.55,99.89,1,132.37,2.92,5.28,0,0,88.16,372.7464
2024-01-20,westeurope,Storage,330.0,433.0,7.1,99.9,1,117.66,3.05,3.58,0,0,56.08,899.22815
2024-01-20,southeastasia,Compute,,374.0,22.2,99.97,1,109.47,3.38,2.01,0,0,62.59,1085.2136
2024-01-20,southeastasia,Storage,1502.0,1971.0,33.66,99.98,1,129.55,3.53,2.27,0,0,56.48,680.53815
2024-01-20,centralus,Compute,781.0,986.0,64.66,99.98,1,87.71,2.23,5.0,0,0,72.9,1060.5858
2024-01-20,centralus,Storage,359.0,427.0,7.9,99.98,1,126.05,3.76,3.83,0,0,54.35,174.66576
2024-01-20,uksouth,Compute,551.0,689.0,44.75,99.94,1,119.17,1.95,2.76,0,0,75.56,155.74165
2024-01-20,uksouth,Storage,793.0,947.0,16.94,99.92,1,118.69,3.09,1.01,0,0,81.38,643.8379
2024-01-21,eastus,Compute,1189.0,1555.0,103.89,99.97,1,121.22,4.16,5.91,0,0,61.21,1077.4443
2024-01-21,eastus,Storage,221.0,256.0,4.72,99.9,1,115.16,3.78,2.09,0,0,69.51,1121.1334
2024-01-21,westeurope,Compute,658.0,859.0,57.63,99.98,1,131.88,2.2,1.6,0,0,70.72,378.7744
2024-01-21,westeurope,Storage,408.0,532.0,8.87,99.97,1,122.72,1.26,1.42,0,0,85.76,515.45087
2024-01-21,southeastasia,Compute,605.0,791.0,49.43,99.87,1,100.88,1.8,5.86,0,0,92.32,187.59808
2024-01-21,southeastasia,Storage,897.0,1107.0,20.13,99.9,1,108.32,3.57,2.79,0,0,69.97,276.51404
2024-01-21,centralus,Compute,610.0,778.0,50.41,99.93,1,108.45,3.77,5.65,0,0,58.25,1075.8588
2024-01-21,centralus,Storage,795.0,1052.0,,99.94,1,116.4,2.26,1.76,0,0,85.19,276.00415
2024-01-21,uksouth,Compute,609.0,778.0,,99.9,1,89.6,2.55,4.96,0,0,85.88,391.00964
2024-01-21,uksouth,Storage,463.0,624.0,9.85,99.93,1,132.82,2.93,4.94,0,0,67.41,973.9908
2024-01-22,eastus,Compute,1377.0,1796.0,121.39,99.91,0,110.6,3.71,3.5,0,0,74.57,277.0088
2024-01-22,eastus,Storage,380.0,451.0,8.23,99.86,0,92.57,4.49,5.54,0,1,72.53,439.31247
2024-01-22,westeurope,Compute,2363.0,3092.0,192.37,99.98,0,110.76,1.23,3.12,0,0,73.06,287.5162
2024-01-22,westeurope,Storage,333.0,464.0,7.01,99.86,0,113.28,2.96,3.74,0,0,79.02,808.6783
2024-01-22,southeastasia,Compute,1090.0,1472.0,90.37,99.96,0,93.41,2.35,0.97,0,0,83.43,198.80627
2024-01-22,southeastasia,Storage,216.0,258.0,4.65,100.8,0,114.0,1.76,5.65,0,0,59.34,780.2826
2024-01-22,centralus,Compute,501.0,604.0,43.29,99.97,0,110.02,3.04,2.65,0,0,87.33,810.6149
2024-01-22,centralus,Storage,565.0,773.0,,99.9,0,128.04,3.25,4.74,0,0,94.41,573.85046
2024-01-22,uksouth,Compute,1253.0,1744.0,105.75,99.96,0,107.19,1.95,5.65,0,0,55.8,833.5975
2024-01-22,uksouth,Storage,875.0,1162.0,18.76,99.96,0,101.94,1.72,1.9,0,0,62.86,501.13962
2024-01-23,eastus,Compute,3050.0,4169.0,248.11,99.89,0,113.12,4.09,2.06,0,0,68.63,612.07294
2024-01-23,eastus,Storage,2020.0,2610.0,44.71,99.87,0,102.75,2.0,4.26,0,0,54.56,952.12256
2024-01-23,westeurope,Compute,1032.0,1338.0,89.79,99.95,0,86.51,3.16,4.42,0,0,55.54,703.80206
2024-01-23,westeurope,Storage,832.0,1066.0,17.97,99.92,0,114.99,1.37,2.94,0,0,72.44,227.51538
2024-01-23,southeastasia,Compute,1297.0,1557.0,111.51,99.99,0,108.81,2.85,2.55,0,0,93.79,687.4283
2024-01-23,southeastasia,Storage,,729.0,13.9,99.86,0,129.59,3.91,4.43,1,0,53.9,494.67664
2024-01-23,centralus,Compute,1293.0,1798.0,104.92,100.8,0,109.79,3.2,3.71,0,0,94.39,138.41931
2024-01-23,centralus,Storage,1022.0,1306.0,22.12,99.92,0,90.04,4.24,1.92,0,0,92.84,260.66028
2024-01-23,uksouth,Compute,423.0,521.0,37.42,99.96,0,85.13,3.08,4.35,0,0,63.93,281.54993
2024-01-23,uksouth,Storage,365.0,424.0,8.16,99.99,0,90.91,3.75,2.51,0,0,61.54,499.34894
2024-01-24,eastus,Compute,778.0,1043.0,63.37,99.96,0,98.07,3.15,1.13,0,0,58.86,419.72247
2024-01-24,eastus,Storage,838.0,1137.0,17.98,99.93,0,134.92,2.27,5.92,0,0,89.1,915.0789
2024-01-24,westeurope,Compute,2335.0,2792.0,204.77,99.88,0,86.95,4.31,4.01,0,0,56.96,526.60925
2024-01-24,westeurope,Storage,519.0,701.0,11.4,99.97,0,106.44,4.4,0.64,0,0,80.55,766.61237
2024-01-24,southeastasia,Compute,928.0,1205.0,76.11,99.97,0,111.73,1.49,2.65,0,0,97.32,929.9617
2024-01-24,southeastasia,Storage,431.0,,9.85,99.86,0,134.8,3.02,3.47,0,0,84.01,1436.1002
2024-01-24,centralus,Compute,1930.0,2324.0,167.35,99.99,0,131.86,2.52,4.25,0,0,76.15,303.49786
2024-01-24,centralus,Storage,629.0,819.0,13.99,99.87,0,95.79,1.23,5.9,0,0,89.06,267.65332
2024-01-24,uksouth,Compute,1035.0,1419.0,85.41,99.91,0,120.21,2.09,1.76,0,0,69.32,655.7076
2024-01-24,uksouth,Storage,824.0,1123.0,17.64,99.85,0,87.53,3.12,5.41,0,0,78.85,643.9197
2024-01-25,eastus,Compute,1191.0,1631.0,102.55,99.98,0,131.91,1.76,3.32,0,0,72.5,131.88286
2024-01-25,eastus,Storage,1452.0,1887.0,33.31,99.9,0,88.42,4.08,2.0,0,0,71.34,838.3314
2024-01-25,westeurope,Compute,1599.0,2004.0,133.18,99.98,0,125.56,4.09,5.73,0,0,81.97,180.37718
2024-01-25,westeurope,Storage,1024.0,1392.0,22.49,99.88,0,107.19,3.98,4.43,0,0,91.71,945.4351
2024-01-25,southeastasia,Compute,375.0,467.0,30.85,99.89,0,118.7,1.47,4.21,0,0,70.54,428.79614
2024-01-25,southeastasia,Storage,973.0,1274.0,20.76,99.85,0,98.14,1.65,5.32,0,0,54.73,848.94073
2024-01-25,centralus,Compute,1664.0,2159.0,,99.99,0,95.15,1.26,3.21,0,0,51.65,395.0431
2024-01-25,centralus,Storage,606.0,735.0,13.27,99.91,0,109.65,1.86,4.97,0,0,82.53,499.48645
2024-01-25,uksouth,Compute,,977.0,65.24,99.97,0,106.0,1.4,3.91,0,0,66.38,242.97258
2024-01-25,uksouth,Storage,,738.0,12.19,99.93,0,107.58,2.34,3.1,0,0,76.89,498.99893
2024-01-26,eastus,Compute,2359.0,3263.0,201.72,100.8,0,129.81,3.93,5.71,0,0,90.77,283.33356
2024-01-26,eastus,Storage,3729.0,4295.0,83.66,99.97,0,115.21,2.23,0.82,0,0,74.84,727.58887
2024-01-26,westeurope,Compute,2023.0,2792.0,179.5,99.89,0,117.42,2.99,3.78,0,0,94.75,617.7035
2024-01-26,westeurope,Storage,792.0,959.0,17.7,99.87,0,117.47,3.57,4.35,0,0,93.24,407.10947
2024-01-26,southeastasia,Compute,425.0,590.0,37.17,99.95,0,120.56,1.56,5.73,0,0,50.93,284.33392
2024-01-26,southeastasia,Storage,794.0,1024.0,17.61,99.85,0,107.1,3.8,4.15,0,0,92.55,251.37971
2024-01-26,centralus,Compute,2066.0,2497.0,182.36,99.95,0,86.41,2.65,1.26,0,0,90.43,594.2132
2024-01-26,centralus,Storage,690.0,805.0,15.83,99.92,0,87.81,1.62,3.43,1,0,89.81,757.647
2024-01-26,uksouth,Compute,1823.0,2214.0,160.43,99.96,0,114.09,2.25,3.57,0,0,60.05,379.86575
2024-01-26,uksouth,Storage,491.0,625.0,11.09,99.91,0,119.45,3.74,4.04,0,0,98.32,386.8091
2024-01-27,eastus,Compute,1276.0,1518.0,,99.89,1,85.93,4.46,4.44,0,0,57.19,222.41891
2024-01-27,eastus,Storage,474.0,547.0,10.75,99.94,1,107.72,1.47,4.18,0,0,61.09,639.9601
2024-01-27,westeurope,Compute,865.0,1122.0,72.16,99.88,1,101.54,4.27,5.51,0,0,94.23,776.23303
2024-01-27,westeurope,Storage,359.0,,7.85,99.93,1,105.42,1.76,3.17,0,0,76.66,414.84366
2024-01-27,southeastasia,Compute,1359.0,1627.0,119.04,99.87,1,107.2,2.74,3.91,0,0,88.32,226.15314
2024-01-27,southeastasia,Storage,519.0,721.0,11.62,99.87,1,114.93,1.94,2.2,0,0,64.34,612.0332
2024-01-27,centralus,Compute,,1011.0,67.55,99.86,1,118.66,2.57,1.94,0,0,73.31,566.9921
2024-01-27,centralus,Storage,761.0,936.0,16.02,99.86,1,88.86,4.16,1.7,0,1,80.66,409.85043
2024-01-27,uksouth,Compute,298.0,399.0,26.56,99.98,1,105.49,3.97,4.19,0,0,88.25,498.8839
2024-01-27,uksouth,Storage,878.0,1104.0,19.64,99.89,1,91.73,3.35,3.8,0,0,66.15,202.43889
2024-01-28,eastus,Compute,1803.0,2297.0,158.91,99.87,1,115.8,2.42,4.88,0,0,92.75,1384.6466
2024-01-28,eastus,Storage,440.0,599.0,9.45,99.91,1,103.41,4.02,5.02,0,0,89.27,632.9882
2024-01-28,westeurope,Compute,2034.0,2612.0,180.1,99.91,1,95.53,1.77,2.11,0,0,79.69,637.1395
2024-01-28,westeurope,Storage,881.0,1149.0,20.0,99.96,1,90.36,2.33,3.02,0,0,78.07,545.4755
2024-01-28,southeastasia,Compute,623.0,803.0,55.07,99.86,1,109.88,1.9,5.77,0,0,99.49,696.3325
2024-01-28,southeastasia,Storage,798.0,1107.0,17.28,99.88,1,92.34,3.51,0.66,0,0,68.49,450.15543
2024-01-28,centralus,Compute,688.0,840.0,60.71,99.96,1,134.88,3.6,0.77,0,0,97.43,420.86505
2024-01-28,centralus,Storage,355.0,420.0,8.06,99.86,1,91.77,4.26,1.19,0,0,65.51,441.74753
2024-01-28,uksouth,Compute,653.0,793.0,55.04,99.91,1,119.68,3.45,2.58,0,0,61.64,441.96188
2024-01-28,uksouth,Storage,374.0,,,99.93,1,110.2,3.49,4.81,1,0,88.79,618.729
2024-01-29,eastus,Compute,808.0,1054.0,70.01,99.88,0,112.35,3.33,3.54,0,1,60.73,199.00009
2024-01-29,eastus,Storage,264.0,360.0,6.09,99.95,0,132.51,2.6,4.84,0,0,65.87,143.98419
2024-01-29,westeurope,Compute,526.0,643.0,43.66,99.88,0,95.76,3.35,3.83,0,0,78.8,157.80453
2024-01-29,westeurope,Storage,1332.0,1670.0,30.54,99.94,0,108.78,2.95,0.85,0,0,63.51,472.05978
2024-01-29,southeastasia,Compute,651.0,860.0,55.93,99.88,0,103.47,3.0,5.52,0,0,99.72,222.63692
2024-01-29,southeastasia,Storage,506.0,699.0,10.83,99.97,0,123.32,2.77,5.31,0,0,55.08,760.9629
2024-01-29,centralus,Compute,622.0,792.0,51.72,99.96,0,86.09,4.48,5.39,0,0,94.49,408.50443
2024-01-29,centralus,Storage,1123.0,1305.0,23.98,99.93,0,111.78,1.64,3.83,0,0,94.4,617.287
2024-01-29,uksouth,Compute,1281.0,1512.0,103.6,99.93,0,125.67,4.0,5.8,0,0,83.91,423.6578
2024-01-29,uksouth,Storage,702.0,974.0,,99.94,0,110.83,4.15,0.67,0,0,80.38,278.94327
2024-01-30,eastus,Compute,722.0,955.0,62.94,99.94,0,111.82,3.35,0.63,0,0,74.21,620.3747
2024-01-30,eastus,Storage,1121.0,1345.0,23.86,99.9,0,131.08,1.98,0.77,0,0,81.05,361.9141
2024-01-30,westeurope,Compute,1925.0,2597.0,,99.95,0,133.19,4.14,3.87,0,0,61.27,393.9186
2024-01-30,westeurope,Storage,876.0,1188.0,20.22,99.87,0,121.99,2.45,1.53,0,0,92.58,768.3607
2024-01-30,southeastasia,Compute,2334.0,2772.0,200.94,99.86,0,98.69,1.77,5.11,0,0,57.06,578.3333
2024-01-30,southeastasia,Storage,982.0,1141.0,21.85,99.88,0,128.13,4.12,4.3,0,0,70.93,136.83144
2024-01-30,centralus,Compute,2033.0,2512.0,169.97,99.96,0,92.88,3.91,1.03,0,0,56.04,425.3481
2024-01-30,centralus,Storage,846.0,1155.0,18.52,99.96,0,133.6,4.44,1.26,0,0,67.98,588.5095
2024-01-30,uksouth,Compute,934.0,1255.0,82.93,99.91,0,105.37,3.31,4.17,0,0,52.61,646.1378
2024-01-30,uksouth,Storage,640.0,757.0,13.73,99.97,0,120.26,3.04,2.53,0,0,92.03,155.0821
2024-01-31,eastus,Compute,2160.0,2802.0,191.48,99.85,0,111.56,2.01,1.56,0,0,71.28,253.1305
2024-01-31,eastus,Storage,447.0,611.0,9.82,99.94,0,122.77,2.96,5.65,0,0,84.39,187.523
2024-01-31,westeurope,Compute,1890.0,2279.0,153.57,99.86,0,98.76,2.83,1.98,0,0,88.35,420.64844
2024-01-31,westeurope,Storage,645.0,838.0,14.88,99.87,0,103.64,3.45,2.56,0,0,59.37,407.62326
2024-01-31,southeastasia,Compute,505.0,656.0,,99.9,0,92.54,2.65,3.35,0,0,94.15,1036.5076
2024-01-31,southeastasia,Storage,330.0,402.0,7.37,99.95,0,107.8,4.4,2.18,0,0,86.78,285.56274
2024-01-31,centralus,Compute,1642.0,2284.0,142.65,99.97,0,113.64,2.78,0.93,0,0,59.44,663.0861
2024-01-31,centralus,Storage,1138.0,1328.0,25.89,100.8,0,121.35,2.33,1.73,0,0,58.29,539.4555
2024-01-31,uksouth,Compute,1855.0,2361.0,155.0,99.9,0,106.22,1.67,1.03,0,0,70.07,141.21442
2024-01-31,uksouth,Storage,1101.0,1492.0,25.07,99.88,0,108.93,3.16,3.49,0,0,92.91,568.33325
2024-02-01,eastus,Compute,1453.0,1944.0,118.88,99.98,0,96.2,2.66,4.04,0,0,89.64,320.71216
2024-02-01,eastus,Storage,874.0,1185.0,19.31,99.87,0,93.19,4.16,2.52,0,0,93.04,402.129
2024-02-01,westeurope,Compute,468.0,581.0,38.67,99.85,0,103.26,1.9,0.63,0,0,79.44,548.9359
2024-02-01,westeurope,Storage,1237.0,1437.0,28.14,99.98,0,107.48,1.93,4.06,0,0,64.51,2162.2004
2024-02-01,southeastasia,Compute,1347.0,,119.6,99.93,0,131.26,1.69,3.02,0,0,96.54,239.84213
2024-02-01,southeastasia,Storage,617.0,843.0,12.9,99.91,0,126.85,1.32,4.32,0,0,63.04,354.22153
2024-02-01,centralus,Compute,,2850.0,177.04,99.88,0,123.8,2.96,2.74,0,0,85.37,431.30795
2024-02-01,centralus,Storage,1118.0,1368.0,24.69,99.93,0,102.98,2.42,4.73,0,0,74.4,576.78406
2024-02-01,uksouth,Compute,1699.0,2248.0,137.58,99.95,0,96.1,2.59,1.72,0,0,97.53,272.54913
2024-02-01,uksouth,Storage,570.0,664.0,,99.89,0,120.21,4.27,2.24,0,0,78.87,135.67941
2024-02-02,eastus,Compute,635.0,851.0,51.43,99.92,0,116.9,2.75,2.18,0,0,80.58,504.4172
2024-02-02,eastus,Storage,1672.0,1957.0,35.55,99.86,0,97.68,1.43,3.82,0,0,50.63,750.15247
2024-02-02,westeurope,Compute,1245.0,1535.0,101.34,99.93,0,125.22,2.37,1.13,0,0,54.47,438.22418
2024-02-02,westeurope,Storage,,3064.0,52.4,99.88,0,115.8,3.2,1.95,0,0,72.54,443.81586
2024-02-02,southeastasia,Compute,1844.0,2154.0,162.68,99.92,0,118.27,4.25,2.51,0,0,99.42,319.0726
2024-02-02,southeastasia,Storage,800.0,1002.0,17.61,99.85,0,121.91,2.24,4.36,0,0,83.6,484.4334
2024-02-02,centralus,Compute,841.0,1074.0,71.11,99.88,0,116.07,2.7,4.75,0,0,89.15,346.35825
2024-02-02,centralus,Storage,380.0,439.0,8.25,99.86,0,107.5,2.0,3.24,0,0,98.32,693.8083
2024-02-02,uksouth,Compute,2083.0,2570.0,178.44,99.87,0,86.73,2.33,3.63,1,0,67.73,559.54016
2024-02-02,uksouth,Storage,681.0,869.0,14.67,99.9,0,90.71,2.71,4.18,0,0,83.03,629.90216
2024-02-03,eastus,Compute,1197.0,1477.0,101.87,99.95,1,114.57,2.06,3.12,0,0,64.28,205.7729
2024-02-03,eastus,Storage,680.0,872.0,14.47,99.93,1,102.73,1.32,4.29,0,0,83.19,624.57294
2024-02-03,westeurope,Compute,2211.0,3066.0,189.64,99.96,1,123.19,2.91,4.61,0,0,67.1,578.45667
2024-02-03,westeurope,Storage,,1582.0,27.01,99.86,1,92.68,3.81,0.86,0,0,86.86,570.8752
2024-02-03,southeastasia,Compute,,1917.0,123.21,99.97,1,122.34,4.12,0.88,0,0,55.64,345.56082
2024-02-03,southeastasia,Storage,179.0,248.0,3.75,99.92,1,111.34,2.36,4.1,0,0,85.27,587.60034
2024-02-03,centralus,Compute,1666.0,1997.0,146.55,99.88,1,100.08,3.16,2.29,0,1,90.05,272.94016
2024-02-03,centralus,Storage,532.0,617.0,12.01,99.85,1,107.93,3.43,2.73,0,0,98.89,543.9096
2024-02-03,uksouth,Compute,1241.0,1480.0,101.16,99.96,1,108.96,1.96,4.93,0,0,56.01,552.97144
2024-02-03,uksouth,Storage,935.0,1258.0,19.91,99.9,1,133.93,3.09,3.24,0,0,66.3,141.68906
2024-02-04,eastus,Compute,2278.0,2822.0,201.66,99.98,1,105.32,3.57,2.68,0,0,81.92,657.7667
2024-02-04,eastus,Storage,1106.0,1510.0,24.49,99.98,1,105.94,2.07,3.85,0,0,63.89,282.8121
2024-02-04,westeurope,Compute,954.0,1097.0,84.97,99.99,1,110.36,4.45,3.87,0,0,77.9,572.34174
2024-02-04,westeurope,Storage,715.0,928.0,15.35,99.86,1,99.2,4.06,2.37,0,0,97.93,667.39075
2024-02-04,southeastasia,Compute,1497.0,1954.0,129.68,99.97,1,130.65,1.66,3.0,0,0,59.5,629.4166
2024-02-04,southeastasia,Storage,362.0,487.0,,99.91,1,100.13,1.64,2.14,0,0,88.31,313.77536
2024-02-04,centralus,Compute,,466.0,30.7,99.88,1,108.42,4.48,1.91,0,0,98.0,443.01523
2024-02-04,centralus,Storage,735.0,949.0,15.69,99.95,1,93.62,3.64,3.47,0,0,61.99,536.57794
2024-02-04,uksouth,Compute,384.0,501.0,33.65,99.98,1,107.46,2.49,1.83,0,0,59.77,515.7268
2024-02-04,uksouth,Storage,316.0,416.0,6.99,99.96,1,98.37,4.47,4.15,0,1,93.39,236.52835
2024-02-05,eastus,Compute,1292.0,1772.0,110.23,99.98,0,118.05,1.46,2.89,0,0,68.69,281.16196
2024-02-05,eastus,Storage,1461.0,1782.0,33.32,99.89,0,114.65,2.6,3.4,0,0,91.27,638.47205
2024-02-05,westeurope,Compute,2537.0,2933.0,219.26,99.95,0,134.65,3.55,5.01,0,0,67.6,566.3984
2024-02-05,westeurope,Storage,264.0,334.0,5.81,99.89,0,103.98,2.49,3.32,0,0,76.95,917.68884
2024-02-05,southeastasia,Compute,1124.0,1422.0,97.43,99.94,0,96.74,2.3,0.68,0,0,88.91,267.9754
2024-02-05,southeastasia,Storage,476.0,616.0,10.37,99.98,0,94.85,3.85,2.52,0,0,68.67,409.6581
2024-02-05,centralus,Compute,2202.0,2783.0,183.91,99.94,0,112.56,1.47,0.9,0,0,54.53,498.26587
2024-02-05,centralus,Storage,465.0,561.0,10.59,99.89,0,101.02,1.41,5.88,0,0,74.48,647.26825
2024-02-05,uksouth,Compute,444.0,601.0,38.14,99.95,0,112.98,1.47,5.18,0,0,66.98,243.75116
2024-02-05,uksouth,Storage,426.0,559.0,9.24,99.95,0,123.33,4.25,1.15,0,0,67.03,1530.313
2024-02-06,eastus,Compute,1524.0,,129.13,99.88,0,111.04,4.22,1.99,0,0,99.04,385.85046
2024-02-06,eastus,Storage,460.0,602.0,10.0,99.92,0,131.26,2.42,1.55,0,0,56.56,688.2136
2024-02-06,westeurope,Compute,1291.0,1591.0,105.3,99.91,0,132.74,2.65,4.63,0,0,97.07,703.626
2024-02-06,westeurope,Storage,2810.0,3317.0,60.13,99.91,0,123.47,3.89,5.88,0,0,76.6,335.53983
2024-02-06,southeastasia,Compute,,1861.0,132.48,99.95,0,105.06,2.27,1.07,0,0,91.73,234.44138
2024-02-06,southeastasia,Storage,650.0,758.0,13.65,99.87,0,124.74,3.05,3.75,0,0,98.17,192.4034
2024-02-06,centralus,Compute,1007.0,,86.33,100.8,0,93.95,4.15,3.58,0,0,63.81,351.98056
2024-02-06,centralus,Storage,281.0,343.0,6.15,99.88,0,96.93,2.31,5.46,0,0,97.34,555.20483
2024-02-06,uksouth,Compute,1130.0,1497.0,96.41,99.94,0,112.35,2.38,4.3,0,0,81.75,162.77765
2024-02-06,uksouth,Storage,445.0,612.0,9.66,99.98,0,122.54,3.67,4.92,0,0,62.63,598.92285
2024-02-07,eastus,Compute,2764.0,3746.0,241.43,99.85,0,88.41,3.14,4.73,0,0,76.04,536.557
2024-02-07,eastus,Storage,1140.0,1340.0,24.74,99.93,0,125.24,4.07,3.31,0,0,73.35,934.26807
2024-02-07,westeurope,Compute,2610.0,3201.0,213.7,99.9,0,126.01,3.82,3.65,0,0,55.77,580.67474
2024-02-07,westeurope,Storage,1395.0,1740.0,30.02,99.92,0,109.44,3.37,1.86,0,0,98.81,650.58984
2024-02-07,southeastasia,Compute,551.0,,45.27,99.96,0,116.55,3.59,2.95,0,0,76.64,461.52295
2024-02-07,southeastasia,Storage,979.0,1261.0,21.23,99.98,0,110.22,3.62,4.36,0,0,73.32,757.68585
2024-02-07,centralus,Compute,2056.0,2667.0,178.37,99.9,0,119.57,3.32,5.93,0,0,62.36,360.0311
2024-02-07,centralus,Storage,1027.0,1278.0,22.29,99.93,0,122.47,1.26,1.23,0,0,74.03,789.85504
2024-02-07,uksouth,Compute,2089.0,2619.0,186.04,99.98,0,121.29,2.27,3.33,0,0,76.22,201.42036
2024-02-07,uksouth,Storage,1148.0,1467.0,25.53,99.97,0,107.13,4.02,1.93,0,0,72.13,488.42456
2024-02-08,eastus,Compute,,2980.0,208.89,99.93,0,108.38,2.68,1.28,0,0,90.11,347.63687
2024-02-08,eastus,Storage,423.0,558.0,9.7,99.85,0,133.98,2.34,4.62,0,0,93.8,635.53613
2024-02-08,westeurope,Compute,2529.0,3255.0,209.89,99.92,0,89.44,2.78,4.83,0,0,71.12,378.42072
2024-02-08,westeurope,Storage,604.0,768.0,12.62,99.97,0,108.04,2.95,4.34,0,0,53.56,568.37726
2024-02-08,southeastasia,Compute,1455.0,1677.0,121.07,99.95,0,98.78,2.93,4.66,0,0,90.81,473.9774
2024-02-08,southeastasia,Storage,365.0,463.0,8.26,99.97,0,110.26,1.27,3.02,0,0,66.96,662.1576
2024-02-08,centralus,Compute,2265.0,2690.0,190.54,99.98,0,104.43,2.15,4.37,0,0,90.4,610.5255
2024-02-08,centralus,Storage,627.0,790.0,13.22,99.89,0,88.84,4.3,2.23,0,0,57.02,216.85669
2024-02-08,uksouth,Compute,1602.0,1877.0,135.17,99.87,0,86.61,2.68,3.62,0,0,53.87,758.90594
2024-02-08,uksouth,Storage,599.0,756.0,12.64,99.9,0,123.42,1.33,4.3,0,0,60.62,169.17691
2024-02-09,eastus,Compute,1467.0,1912.0,118.8,99.96,0,128.54,2.91,3.18,0,0,60.77,669.0511
2024-02-09,eastus,Storage,661.0,912.0,14.62,99.9,0,111.03,3.61,3.9,0,0,85.57,544.1103
2024-02-09,westeurope,Compute,1851.0,2498.0,159.96,99.92,0,97.87,3.6,2.22,0,0,77.92,260.31454
2024-02-09,westeurope,Storage,659.0,905.0,14.62,99.91,0,107.57,3.54,1.59,0,0,51.49,302.2308
2024-02-09,southeastasia,Compute,1531.0,2131.0,131.41,99.89,0,118.01,4.2,2.47,0,0,88.33,743.80566
2024-02-09,southeastasia,Storage,176.0,216.0,3.92,99.93,0,112.04,4.28,1.2,0,0,65.41,137.97916
2024-02-09,centralus,Compute,558.0,760.0,,99.88,0,105.08,2.46,1.9,0,0,82.85,475.32745
2024-02-09,centralus,Storage,275.0,373.0,6.34,99.9,0,117.18,2.25,0.88,1,0,58.12,277.20947
2024-02-09,uksouth,Compute,1407.0,1843.0,121.64,99.89,0,121.93,1.68,2.11,0,0,85.23,673.8438
2024-02-09,uksouth,Storage,778.0,1071.0,17.86,99.88,0,133.87,4.45,0.86,1,0,67.48,760.73486
2024-02-10,eastus,Compute,1825.0,2232.0,160.09,99.86,1,121.62,3.51,5.66,0,0,72.52,431.16684
2024-02-10,eastus,Storage,1250.0,1571.0,26.9,99.94,1,100.56,4.01,2.28,0,0,91.14,754.82184
2024-02-10,westeurope,Compute,1234.0,1560.0,102.08,99.94,1,88.45,4.23,3.68,0,0,77.39,643.36224
2024-02-10,westeurope,Storage,559.0,758.0,12.25,100.8,1,133.09,1.89,2.24,0,0,98.44,739.97327
2024-02-10,southeastasia,Compute,1594.0,2140.0,137.74,99.92,1,99.43,3.97,4.34,0,0,73.53,742.2764
2024-02-10,southeastasia,Storage,564.0,667.0,12.07,99.94,1,105.79,4.17,3.05,0,0,84.66,506.25882
2024-02-10,centralus,Compute,1317.0,,109.42,99.92,1,104.14,3.06,5.44,0,0,58.75,330.9988
2024-02-10,centralus,Storage,941.0,1232.0,21.04,99.94,1,125.15,1.28,4.04,0,0,86.89,665.83997
2024-02-10,uksouth,Compute,434.0,557.0,35.86,99.93,1,99.56,3.15,3.05,0,0,79.07,615.06696
2024-02-10,uksouth,Storage,349.0,446.0,,99.98,1,119.01,2.0,1.92,0,0,68.55,861.5349
2024-02-11,eastus,Compute,453.0,548.0,37.07,99.93,1,99.16,4.27,3.12,0,0,61.61,1226.2804
2024-02-11,eastus,Storage,1201.0,1383.0,26.59,99.89,1,91.5,3.46,4.04,0,0,73.29,589.4067
2024-02-11,westeurope,Compute,562.0,693.0,50.06,99.88,1,116.56,4.43,4.29,0,0,77.77,174.49507
2024-02-11,westeurope,Storage,482.0,634.0,10.86,99.92,1,129.39,1.28,2.67,0,1,96.84,831.2932
2024-02-11,southeastasia,Compute,1235.0,1590.0,108.34,99.86,1,94.85,2.28,4.51,0,0,85.41,736.5004
2024-02-11,southeastasia,Storage,836.0,1033.0,17.85,99.85,1,109.68,1.31,3.0,0,0,52.17,790.27893
2024-02-11,centralus,Compute,4014.0,4995.0,348.26,99.87,1,109.98,1.25,1.49,0,0,87.96,439.90677
2024-02-11,centralus,Storage,839.0,1057.0,19.02,99.98,1,115.29,2.87,0.92,0,0,75.72,1032.856
2024-02-11,uksouth,Compute,1681.0,2022.0,149.45,99.9,1,103.48,2.98,0.77,0,0,89.69,205.43684
2024-02-11,uksouth,Storage,594.0,692.0,12.51,99.96,1,108.53,4.26,3.13,0,0,71.53,448.2839
2024-02-12,eastus,Compute,1413.0,1651.0,120.46,99.86,0,112.77,3.2,4.94,0,1,53.56,727.8376
2024-02-12,eastus,Storage,964.0,1235.0,20.64,99.97,0,119.05,2.64,1.74,0,0,79.46,439.13455
2024-02-12,westeurope,Compute,2227.0,2678.0,193.51,99.86,0,127.8,4.38,1.36,0,0,98.06,355.03583
2024-02-12,westeurope,Storage,1389.0,1918.0,29.43,99.93,0,123.0,4.31,2.31,0,0,76.91,2186.2102
2024-02-12,southeastasia,Compute,1290.0,1723.0,104.22,99.88,0,116.73,2.26,2.76,0,0,69.95,630.5472
2024-02-12,southeastasia,Storage,294.0,390.0,6.75,99.9,0,129.24,2.08,4.49,0,0,68.81,696.7598
2024-02-12,centralus,Compute,525.0,638.0,44.33,99.88,0,101.61,2.02,4.18,0,0,99.18,905.2738
2024-02-12,centralus,Storage,900.0,1082.0,20.74,99.94,0,105.84,4.41,0.84,0,0,56.21,853.3607
2024-02-12,uksouth,Compute,1945.0,2374.0,157.77,99.88,0,118.44,3.14,1.64,0,0,50.68,194.44121
2024-02-12,uksouth,Storage,,1290.0,22.11,99.88,0,109.99,1.85,3.62,0,0,55.35,211.82034
2024-02-13,eastus,Compute,814.0,975.0,70.29,99.97,0,130.15,3.02,1.34,0,0,87.72,372.08765
2024-02-13,eastus,Storage,857.0,1085.0,18.86,99.9,0,87.86,3.57,0.61,0,0,96.55,532.9204
2024-02-13,westeurope,Compute,,1846.0,124.91,99.91,0,117.34,3.24,4.97,0,0,51.31,668.9783
2024-02-13,westeurope,Storage,,1015.0,17.66,99.98,0,123.03,2.33,4.5,0,0,85.34,295.78754
2024-02-13,southeastasia,Compute,1496.0,1862.0,127.77,99.89,0,105.37,2.86,3.26,0,0,57.36,977.7894
2024-02-13,southeastasia,Storage,1019.0,1258.0,,99.98,0,101.36,4.27,4.98,0,0,73.68,620.1283
2024-02-13,centralus,Compute,794.0,1098.0,69.39,99.9,0,94.41,3.73,1.15,0,0,60.01,551.3052
2024-02-13,centralus,Storage,325.0,414.0,7.37,99.93,0,107.92,1.94,5.73,0,0,57.05,407.32904
2024-02-13,uksouth,Compute,575.0,799.0,,99.86,0,109.56,3.33,5.0,0,0,52.31,1095.4962
2024-02-13,uksouth,Storage,,448.0,7.0,99.94,0,110.06,2.03,5.43,0,0,66.77,1099.1193
2024-02-14,eastus,Compute,5426.0,7369.0,454.19,99.85,0,96.08,3.89,2.24,0,0,63.73,702.08624
2024-02-14,eastus,Storage,276.0,326.0,5.78,99.9,0,124.55,2.29,1.69,0,0,98.78,582.6548
2024-02-14,westeurope,Compute,1449.0,2018.0,124.53,99.92,0,96.94,2.46,3.59,0,0,84.47,462.4294
2024-02-14,westeurope,Storage,1391.0,1764.0,30.88,99.87,0,133.72,3.94,2.25,0,0,55.33,633.4194
2024-02-14,southeastasia,Compute,766.0,929.0,66.82,99.98,0,102.55,2.14,2.11,0,0,78.73,553.12665
2024-02-14,southeastasia,Storage,286.0,379.0,6.55,99.85,0,88.21,1.64,0.74,0,0,94.82,566.3044
2024-02-14,centralus,Compute,,691.0,48.83,99.97,0,111.33,4.17,2.49,0,0,70.69,183.57971
2024-02-14,centralus,Storage,286.0,354.0,6.0,99.88,0,102.58,4.37,5.39,1,0,62.86,642.86426
2024-02-14,uksouth,Compute,924.0,1170.0,74.67,99.97,0,88.3,2.01,4.46,0,0,75.26,489.72354
2024-02-14,uksouth,Storage,334.0,452.0,7.23,99.98,0,105.57,2.22,5.94,0,0,79.97,761.3479
2024-02-15,eastus,Compute,,1197.0,84.34,99.89,0,97.31,2.68,4.69,0,0,67.83,475.773
2024-02-15,eastus,Storage,944.0,1213.0,21.08,99.94,0,124.96,4.45,4.49,0,0,51.46,872.49316
2024-02-15,westeurope,Compute,1456.0,1849.0,128.05,99.86,0,101.18,1.39,5.62,0,0,86.54,359.09006
2024-02-15,westeurope,Storage,459.0,589.0,10.24,99.92,0,130.87,1.66,1.21,0,0,70.3,833.2855
2024-02-15,southeastasia,Compute,365.0,467.0,31.24,99.86,0,109.92,1.27,2.73,0,0,86.72,572.90967
2024-02-15,southeastasia,Storage,629.0,737.0,14.33,99.87,0,112.07,2.44,4.66,0,0,53.16,503.31168
2024-02-15,centralus,Compute,5928.0,7142.0,493.75,99.98,0,85.3,3.85,5.58,0,0,58.05,874.0386
2024-02-15,centralus,Storage,865.0,1028.0,18.95,99.9,0,106.84,2.18,1.29,0,0,63.22,367.77103
2024-02-15,uksouth,Compute,476.0,612.0,39.66,99.91,0,129.67,3.41,1.32,0,0,67.06,712.84827
2024-02-15,uksouth,Storage,454.0,560.0,10.3,99.91,0,134.93,2.33,5.49,0,0,71.07,618.6824
2024-02-16,eastus,Compute,2361.0,2738.0,,99.94,0,91.21,3.2,5.14,0,0,74.94,1128.2969
2024-02-16,eastus,Storage,1480.0,,33.4,99.88,0,117.25,2.23,2.44,0,0,94.07,561.2448
2024-02-16,westeurope,Compute,956.0,,78.82,99.9,0,124.49,3.92,0.67,0,0,95.25,686.6414
2024-02-16,westeurope,Storage,653.0,788.0,13.82,99.87,0,103.87,3.87,4.63,0,0,68.08,915.2091
2024-02-16,southeastasia,Compute,,2018.0,130.9,99.96,0,113.24,2.35,2.01,0,0,92.11,314.96414
2024-02-16,southeastasia,Storage,569.0,792.0,12.6,99.95,0,127.48,1.35,5.98,0,0,97.68,436.41943
2024-02-16,centralus,Compute,2406.0,2984.0,202.75,99.93,0,115.15,3.8,5.23,0,0,67.18,458.19485
2024-02-16,centralus,Storage,864.0,1027.0,18.72,99.99,0,88.58,2.43,1.66,0,0,99.33,1132.3469
2024-02-16,uksouth,Compute,1828.0,2165.0,157.03,99.97,0,95.01,1.84,4.26,0,0,65.12,579.7023
2024-02-16,uksouth,Storage,311.0,416.0,7.06,99.95,0,108.83,3.39,2.13,0,0,86.18,797.35
2024-02-17,eastus,Compute,1682.0,2249.0,146.25,99.87,1,118.93,1.87,5.85,0,1,60.42,354.4373
2024-02-17,eastus,Storage,514.0,599.0,11.45,99.96,1,132.9,2.37,3.64,0,0,75.88,566.15643
2024-02-17,westeurope,Compute,1387.0,1615.0,121.55,99.87,1,118.24,2.76,5.11,0,0,83.26,524.65564
2024-02-17,westeurope,Storage,921.0,,20.42,99.95,1,112.18,2.28,5.09,0,0,52.5,501.34024
2024-02-17,southeastasia,Compute,,857.0,52.84,99.85,1,112.65,3.66,3.08,0,0,66.91,346.7795
2024-02-17,southeastasia,Storage,341.0,421.0,7.52,99.98,1,87.12,2.08,1.08,0,0,98.83,461.62057
2024-02-17,centralus,Compute,947.0,1177.0,84.3,99.94,1,130.97,1.49,3.57,0,0,99.41,317.42294
2024-02-17,centralus,Storage,461.0,562.0,10.5,99.95,1,90.32,2.48,5.31,0,0,80.65,583.56494
2024-02-17,uksouth,Compute,,565.0,34.86,99.95,1,104.58,2.62,5.3,0,0,96.53,850.21735
2024-02-17,uksouth,Storage,,1125.0,18.27,99.97,1,91.43,1.84,1.41,0,0,66.82,785.73083
2024-02-18,eastus,Compute,1369.0,1785.0,120.49,99.91,1,122.61,3.07,5.49,0,0,63.47,418.96408
2024-02-18,eastus,Storage,502.0,631.0,10.64,99.95,1,131.9,2.56,5.59,0,0,92.96,1312.434
2024-02-18,westeurope,Compute,1923.0,2640.0,158.54,99.9,1,127.01,4.43,2.21,0,0,74.9,633.5008
2024-02-18,westeurope,Storage,758.0,1054.0,16.34,99.93,1,132.82,1.23,3.88,0,0,54.2,466.53983
2024-02-18,southeastasia,Compute,961.0,1145.0,82.34,99.92,1,105.2,3.34,2.79,0,0,52.86,658.0234
2024-02-18,southeastasia,Storage,647.0,,,99.98,1,129.39,2.76,0.67,0,0,53.5,619.17004
2024-02-18,centralus,Compute,1447.0,1914.0,120.17,99.93,1,115.2,2.21,3.64,0,0,51.13,352.1767
2024-02-18,centralus,Storage,1023.0,1373.0,22.16,99.87,1,118.43,3.0,1.33,0,0,72.14,214.9958
2024-02-18,uksouth,Compute,986.0,1168.0,80.44,99.87,1,97.64,3.51,4.2,0,0,74.63,1047.6426
2024-02-18,uksouth,Storage,840.0,1038.0,19.2,99.89,1,92.87,2.04,3.24,0,0,79.0,609.8988
2024-02-19,eastus,Compute,1685.0,2225.0,145.3,99.91,0,101.93,2.45,2.73,0,0,82.82,636.9444
2024-02-19,eastus,Storage,264.0,353.0,6.08,99.98,0,108.18,2.34,3.87,0,0,92.42,738.2773
2024-02-19,westeurope,Compute,1725.0,2210.0,139.87,99.85,0,115.31,1.59,4.73,0,0,89.93,311.11026
2024-02-19,westeurope,Storage,407.0,568.0,8.82,99.87,0,107.26,1.65,3.88,1,0,84.34,811.11505
2024-02-19,southeastasia,Compute,,,67.39,99.93,0,85.66,3.73,4.17,0,0,96.64,589.0455
2024-02-19,southeastasia,Storage,,243.0,4.52,99.88,0,104.93,1.74,1.21,0,0,68.88,1147.1044
2024-02-19,centralus,Compute,1117.0,1387.0,93.93,99.96,0,119.95,1.55,2.39,0,0,95.61,636.72437
2024-02-19,centralus,Storage,365.0,479.0,,99.9,0,132.16,4.21,1.41,0,0,72.87,1244.4606
2024-02-19,uksouth,Compute,2619.0,3464.0,214.1,99.87,0,110.32,1.28,3.26,1,0,65.6,599.2098
2024-02-19,uksouth,Storage,800.0,956.0,17.54,99.97,0,96.23,4.36,1.76,0,0,88.72,652.9665
2024-02-20,eastus,Compute,578.0,671.0,47.26,99.92,0,95.99,3.34,0.68,0,0,98.45,569.20953
2024-02-20,eastus,Storage,,1046.0,18.82,99.89,0,106.33,3.08,4.25,0,0,52.96,714.3974
2024-02-20,westeurope,Compute,6339.0,8232.0,520.56,99.92,0,111.16,4.48,1.89,0,0,66.76,886.6465
2024-02-20,westeurope,Storage,665.0,771.0,15.24,99.96,0,115.54,4.11,1.58,0,0,99.83,697.87244
2024-02-20,southeastasia,Compute,505.0,628.0,41.19,99.89,0,133.0,2.61,2.24,0,1,81.66,941.1665
2024-02-20,southeastasia,Storage,,2988.0,49.22,100.8,0,120.19,3.74,3.4,0,0,70.25,607.0254
2024-02-20,centralus,Compute,2357.0,,191.04,99.86,0,129.06,1.37,3.52,0,0,72.13,339.42377
2024-02-20,centralus,Storage,343.0,470.0,7.62,99.87,0,119.14,4.1,5.95,0,0,78.27,716.0217
2024-02-20,uksouth,Compute,1880.0,2435.0,165.95,99.92,0,88.57,3.64,1.26,0,0,63.88,1169.1208
2024-02-20,uksouth,Storage,396.0,551.0,8.37,100.8,0,124.56,3.42,4.7,0,0,98.62,857.70984
2024-02-21,eastus,Compute,1443.0,1698.0,123.36,99.96,0,89.46,2.8,4.89,0,0,98.42,401.95535
2024-02-21,eastus,Storage,,954.0,17.45,99.85,0,115.1,1.2,4.04,0,0,54.42,557.80853
2024-02-21,westeurope,Compute,1827.0,2383.0,148.18,99.97,0,121.33,1.9,1.12,0,0,85.09,924.4243
2024-02-21,westeurope,Storage,249.0,328.0,5.71,99.92,0,93.86,1.67,2.16,0,0,85.6,204.74557
2024-02-21,southeastasia,Compute,476.0,,40.89,99.94,0,124.21,4.47,1.77,1,0,96.2,469.53238
2024-02-21,southeastasia,Storage,720.0,890.0,15.97,99.91,0,129.3,2.05,2.32,0,0,65.91,500.47025
2024-02-21,centralus,Compute,2304.0,2872.0,199.07,99.97,0,96.28,2.73,3.18,0,0,99.03,733.9521
2024-02-21,centralus,Storage,,383.0,6.9,99.97,0,133.03,3.64,0.61,0,0,96.76,923.5344
2024-02-21,uksouth,Compute,,1781.0,119.01,99.95,0,112.63,3.99,0.7,0,0,76.45,768.1935
2024-02-21,uksouth,Storage,1320.0,1656.0,30.03,99.88,0,108.46,1.97,1.18,0,0,84.22,833.0386
2024-02-22,eastus,Compute,517.0,720.0,42.89,99.87,0,103.62,2.11,0.93,0,0,50.11,871.37726
2024-02-22,eastus,Storage,436.0,563.0,,99.95,0,111.63,2.28,5.73,0,0,75.32,418.4977
2024-02-22,westeurope,Compute,2062.0,2569.0,169.85,99.98,0,87.16,2.48,2.34,0,0,58.46,718.93555
2024-02-22,westeurope,Storage,629.0,854.0,14.16,99.92,0,109.24,4.3,4.52,0,0,70.91,751.7432
2024-02-22,southeastasia,Compute,499.0,,42.62,99.96,0,107.66,2.44,5.67,1,0,93.52,732.5065
2024-02-22,southeastasia,Storage,736.0,862.0,16.58,99.86,0,105.21,2.67,2.08,0,0,57.03,686.1029
2024-02-22,centralus,Compute,1079.0,1295.0,95.36,99.95,0,126.54,3.51,2.86,0,0,64.91,427.9205
2024-02-22,centralus,Storage,687.0,919.0,15.56,99.89,0,101.4,3.01,1.94,0,0,56.04,211.47583
2024-02-22,uksouth,Compute,1501.0,1981.0,129.37,99.99,0,102.95,3.6,3.7,0,0,87.68,373.47076
2024-02-22,uksouth,Storage,643.0,811.0,13.49,99.93,0,132.6,3.79,5.24,0,0,94.65,805.13245
2024-02-23,eastus,Compute,600.0,699.0,53.46,99.86,0,103.4,1.38,0.81,0,0,89.63,1202.5747
2024-02-23,eastus,Storage,245.0,325.0,,99.88,0,108.45,1.41,2.33,0,0,61.72,516.21704
2024-02-23,westeurope,Compute,,1872.0,121.53,99.87,0,111.08,2.32,3.72,0,0,93.18,419.00308
2024-02-23,westeurope,Storage,357.0,458.0,,99.99,0,125.84,2.49,5.32,0,0,53.28,288.17413
2024-02-23,southeastasia,Compute,1490.0,,131.81,99.92,0,117.9,4.08,1.77,0,0,79.05,239.91913
2024-02-23,southeastasia,Storage,338.0,436.0,7.16,99.93,0,130.8,3.81,5.68,0,0,73.76,779.31586
2024-02-23,centralus,Compute,1228.0,1717.0,103.73,99.88,0,113.7,2.04,2.9,0,0,54.63,441.05576
2024-02-23,centralus,Storage,844.0,1008.0,17.93,99.91,0,116.8,3.53,2.3,0,1,94.41,908.1346
2024-02-23,uksouth,Compute,1575.0,,136.31,99.91,0,125.41,3.26,2.77,0,0,82.74,665.5976
2024-02-23,uksouth,Storage,484.0,,10.17,99.85,0,124.64,3.38,2.6,0,0,96.32,819.1354
2024-02-24,eastus,Compute,1903.0,,160.46,99.87,1,103.01,3.39,5.32,0,0,58.05,194.2501
2024-02-24,eastus,Storage,630.0,794.0,13.31,99.95,1,85.22,3.51,2.19,0,0,98.41,637.6616
2024-02-24,westeurope,Compute,1291.0,1512.0,,99.96,1,105.53,2.23,2.59,0,0,95.65,584.32513
2024-02-24,westeurope,Storage,341.0,443.0,7.25,99.97,1,103.01,3.48,2.92,0,0,78.0,323.97903
2024-02-24,southeastasia,Compute,1128.0,1474.0,,99.94,1,120.75,3.26,3.02,0,0,84.8,443.75595
2024-02-24,southeastasia,Storage,728.0,930.0,16.15,99.89,1,102.38,4.43,1.26,0,0,61.95,1016.45715
2024-02-24,centralus,Compute,985.0,1328.0,87.13,99.89,1,109.83,2.31,3.44,1,0,98.7,824.64435
2024-02-24,centralus,Storage,1060.0,1421.0,23.26,99.94,1,113.83,1.41,3.74,0,0,70.14,856.9376
2024-02-24,uksouth,Compute,1506.0,1898.0,123.3,99.86,1,108.87,2.64,1.91,0,0,60.82,177.77585
2024-02-24,uksouth,Storage,648.0,853.0,14.49,99.97,1,92.99,4.12,4.87,0,0,51.95,596.7021
2024-02-25,eastus,Compute,1774.0,2423.0,154.23,99.86,1,97.0,4.34,1.31,0,0,86.01,581.7887
2024-02-25,eastus,Storage,935.0,1193.0,20.95,99.89,1,100.38,3.01,5.16,0,0,83.21,542.43866
2024-02-25,westeurope,Compute,1775.0,2242.0,150.25,99.95,1,91.23,2.72,1.9,0,0,61.77,333.319
2024-02-25,westeurope,Storage,,1442.0,25.92,99.9,1,102.99,3.27,1.79,0,0,82.22,417.6371
2024-02-25,southeastasia,Compute,1390.0,1855.0,120.43,99.97,1,132.81,4.02,5.66,1,0,63.39,197.4066
2024-02-25,southeastasia,Storage,,484.0,9.07,99.87,1,120.28,2.65,3.92,0,0,51.77,220.18788
2024-02-25,centralus,Compute,1529.0,1918.0,,99.96,1,85.52,4.22,1.54,0,0,84.33,217.19733
2024-02-25,centralus,Storage,598.0,827.0,,99.88,1,87.33,3.52,4.91,0,0,85.45,276.07077
2024-02-25,uksouth,Compute,413.0,533.0,,100.8,1,90.67,4.09,1.79,0,0,98.06,174.79895
2024-02-25,uksouth,Storage,637.0,768.0,13.47,99.85,1,106.52,3.34,2.57,0,0,70.45,1068.5825
2024-02-26,eastus,Compute,2479.0,3266.0,213.23,99.87,0,119.2,3.15,3.66,0,0,71.8,971.78955
2024-02-26,eastus,Storage,593.0,717.0,12.62,99.94,0,104.66,2.61,3.09,0,0,78.89,379.81766
2024-02-26,westeurope,Compute,1556.0,2073.0,129.17,99.88,0,87.7,2.58,3.3,0,1,70.29,304.45514
2024-02-26,westeurope,Storage,347.0,483.0,7.88,99.88,0,124.62,3.54,3.56,0,0,60.86,932.7439
2024-02-26,southeastasia,Compute,1833.0,2355.0,152.26,99.9,0,128.3,3.42,3.54,0,0,59.71,338.07834
2024-02-26,southeastasia,Storage,402.0,522.0,8.91,99.85,0,97.44,3.42,0.68,0,0,50.42,583.1641
2024-02-26,centralus,Compute,623.0,789.0,54.26,99.97,0,108.51,2.26,5.51,0,0,87.43,1094.2805
2024-02-26,centralus,Storage,1145.0,1353.0,,99.96,0,99.14,1.86,1.14,0,0,78.49,1031.787
2024-02-26,uksouth,Compute,1575.0,2089.0,134.08,99.93,0,94.74,3.03,0.91,0,0,99.09,763.2604
2024-02-26,uksouth,Storage,372.0,466.0,8.01,99.91,0,124.44,4.23,0.86,0,0,50.87,305.28024
2024-02-27,eastus,Compute,846.0,1031.0,,99.92,0,116.59,1.45,4.13,0,0,74.87,189.57945
2024-02-27,eastus,Storage,713.0,891.0,16.13,99.86,0,114.35,2.05,5.14,0,0,63.04,530.2744
2024-02-27,westeurope,Compute,1067.0,1483.0,88.73,99.98,0,121.46,1.97,4.15,0,0,54.64,282.33267
2024-02-27,westeurope,Storage,1660.0,2276.0,36.46,99.92,0,119.58,3.51,2.28,0,0,84.85,733.99243
2024-02-27,southeastasia,Compute,1229.0,,99.81,99.97,0,118.34,3.5,4.69,0,0,89.28,634.10114
2024-02-27,southeastasia,Storage,,244.0,3.94,99.94,0,100.14,3.27,4.89,0,0,66.54,402.75403
2024-02-27,centralus,Compute,1387.0,1744.0,120.41,99.95,0,111.64,2.7,2.58,0,0,64.59,301.5887
2024-02-27,centralus,Storage,234.0,327.0,5.19,99.97,0,107.07,1.76,5.16,0,0,80.32,745.1853
2024-02-27,uksouth,Compute,2658.0,3447.0,216.39,99.99,0,90.09,2.53,5.52,1,0,69.42,584.7492
2024-02-27,uksouth,Storage,211.0,274.0,,99.85,0,92.3,3.8,3.99,0,0,77.49,187.80257
2024-02-28,eastus,Compute,733.0,854.0,63.41,99.89,0,89.64,4.02,1.27,0,0,59.95,977.5968
2024-02-28,eastus,Storage,1233.0,1549.0,27.35,99.92,0,104.19,1.64,1.42,0,0,62.58,1079.461
2024-02-28,westeurope,Compute,1994.0,2494.0,174.28,99.99,0,89.74,3.8,5.56,0,0,89.74,632.5588
2024-02-28,westeurope,Storage,240.0,283.0,5.41,99.88,0,132.56,1.55,5.93,0,0,51.52,576.5658
2024-02-28,southeastasia,Compute,1393.0,1838.0,123.05,99.89,0,126.28,2.39,1.23,0,0,78.42,410.72656
2024-02-28,southeastasia,Storage,1044.0,1354.0,23.04,99.89,0,95.05,2.46,5.84,0,0,84.18,560.90326
2024-02-28,centralus,Compute,1877.0,2158.0,163.01,99.92,0,104.81,1.54,2.34,0,0,75.53,605.1565
2024-02-28,centralus,Storage,301.0,360.0,,99.9,0,94.77,2.7,2.05,0,0,62.9,360.45203
2024-02-28,uksouth,Compute,1958.0,2522.0,172.05,99.98,0,112.6,3.88,3.5,1,0,90.89,544.3943
2024-02-28,uksouth,Storage,1055.0,1440.0,22.59,99.94,0,108.96,2.62,4.27,1,0,72.0,255.39874
2024-02-29,eastus,Compute,2422.0,3324.0,212.43,99.94,0,125.5,4.1,3.55,0,0,76.12,755.803
2024-02-29,eastus,Storage,1420.0,1837.0,31.01,99.88,0,97.24,1.92,5.4,0,0,85.1,838.1879
2024-02-29,westeurope,Compute,2288.0,3072.0,,99.97,0,126.76,1.98,4.31,0,0,79.51,743.45575
2024-02-29,westeurope,Storage,740.0,934.0,15.87,99.86,0,91.06,3.37,1.93,0,0,68.1,696.65955
2024-02-29,southeastasia,Compute,1942.0,2615.0,157.0,99.99,0,130.96,3.98,3.73,0,0,52.7,624.04816
2024-02-29,southeastasia,Storage,363.0,496.0,8.35,99.89,0,106.9,3.33,5.5,0,0,54.51,502.48035
2024-02-29,centralus,Compute,,2529.0,176.84,100.8,0,113.53,2.3,3.03,0,0,73.39,359.5537
2024-02-29,centralus,Storage,1168.0,1550.0,25.66,99.97,0,102.69,4.02,5.14,0,0,79.56,661.7286
2024-02-29,uksouth,Compute,1976.0,,165.35,99.89,0,97.79,2.82,2.88,0,0,77.7,1370.6525
2024-02-29,uksouth,Storage,,1216.0,20.22,99.87,0,124.6,2.0,0.94,0,0,85.74,923.7407
2024-03-01,eastus,Compute,2806.0,3894.0,248.1,99.85,0,127.64,3.76,3.24,0,0,55.35,606.99896
2024-03-01,eastus,Storage,614.0,773.0,13.47,99.99,0,108.77,2.43,2.48,0,0,89.26,757.37537
2024-03-01,westeurope,Compute,744.0,962.0,63.65,99.93,0,122.07,2.88,1.51,0,0,65.03,645.7389
2024-03-01,westeurope,Storage,750.0,972.0,16.9,99.85,0,90.77,1.72,1.55,1,0,58.11,683.26434
2024-03-01,southeastasia,Compute,1047.0,1406.0,87.07,99.9,0,110.22,1.83,5.84,0,0,59.91,276.63824
2024-03-01,southeastasia,Storage,339.0,423.0,7.76,99.95,0,128.49,4.25,2.77,0,0,81.54,821.73944
2024-03-01,centralus,Compute,1749.0,2176.0,143.65,99.92,0,112.64,1.56,4.86,1,0,52.34,610.6517
2024-03-01,centralus,Storage,1355.0,1676.0,29.3,99.95,0,128.58,4.13,3.71,0,0,75.41,879.6168
2024-03-01,uksouth,Compute,982.0,1245.0,86.52,99.91,0,133.16,3.28,4.66,0,0,54.23,1192.5553
2024-03-01,uksouth,Storage,637.0,806.0,13.75,99.88,0,127.46,3.53,1.48,0,0,78.4,723.91
2024-03-02,eastus,Compute,,1174.0,76.02,99.98,1,128.13,3.34,2.9,0,0,91.22,749.74335
2024-03-02,eastus,Storage,454.0,,10.34,100.8,1,86.09,3.7,2.77,0,0,79.83,199.72864
2024-03-02,westeurope,Compute,1603.0,2176.0,,99.93,1,96.93,1.21,1.3,0,0,59.38,485.48697
2024-03-02,westeurope,Storage,3348.0,4631.0,72.0,99.94,1,126.68,3.94,5.69,0,0,61.88,896.7436
2024-03-02,southeastasia,Compute,678.0,,57.68,99.91,1,106.66,3.36,5.13,0,0,92.71,1288.329
2024-03-02,southeastasia,Storage,875.0,1063.0,20.08,99.85,1,111.24,1.35,4.1,0,0,74.66,762.4605
2024-03-02,centralus,Compute,2021.0,2743.0,173.72,99.91,1,121.61,1.37,4.66,0,0,65.08,652.6433
2024-03-02,centralus,Storage,645.0,863.0,,99.97,1,91.51,2.75,4.84,0,0,72.96,565.80536
2024-03-02,uksouth,Compute,,3714.0,254.33,99.86,1,103.51,2.73,5.08,0,0,87.96,488.2844
2024-03-02,uksouth,Storage,743.0,931.0,16.49,99.97,1,96.48,2.01,5.95,0,0,90.42,580.1314
2024-03-03,eastus,Compute,2288.0,2985.0,196.82,99.95,1,123.02,4.2,1.39,0,0,64.08,745.8423
2024-03-03,eastus,Storage,372.0,438.0,8.54,99.97,1,111.86,3.31,4.05,0,0,83.26,156.80344
2024-03-03,westeurope,Compute,2157.0,2758.0,177.46,99.99,1,101.18,1.49,4.44,0,0,81.58,247.55595
2024-03-03,westeurope,Storage,261.0,328.0,5.46,99.88,1,118.98,3.28,3.62,0,0,82.99,818.4736
2024-03-03,southeastasia,Compute,,1212.0,,99.85,1,105.73,4.27,5.6,0,0,84.54,251.13562
2024-03-03,southeastasia,Storage,917.0,,,99.88,1,96.6,3.86,0.79,0,0,96.06,165.61829
2024-03-03,centralus,Compute,1474.0,1890.0,126.8,99.96,1,120.69,2.5,5.28,1,0,75.97,313.94733
2024-03-03,centralus,Storage,975.0,1265.0,21.18,99.9,1,109.65,3.43,4.51,0,0,89.59,792.84485
2024-03-03,uksouth,Compute,1263.0,1536.0,110.61,99.89,1,114.66,4.03,2.25,0,0,78.17,152.86324
2024-03-03,uksouth,Storage,314.0,388.0,7.01,99.87,1,91.44,1.68,4.14,0,0,57.83,555.94684
2024-03-04,eastus,Compute,,1637.0,105.15,99.86,0,88.09,3.5,2.69,0,0,80.11,609.5974
2024-03-04,eastus,Storage,487.0,630.0,10.35,99.91,0,95.17,4.44,0.77,1,0,53.13,616.2465
2024-03-04,westeurope,Compute,2223.0,2736.0,194.09,99.89,0,128.46,1.47,1.89,0,0,77.53,627.3892
2024-03-04,westeurope,Storage,1149.0,1348.0,24.25,99.99,0,112.07,3.33,5.52,1,0,78.32,205.88663
2024-03-04,southeastasia,Compute,1892.0,2314.0,159.55,99.97,0,102.14,4.04,1.41,0,0,72.12,544.15985
2024-03-04,southeastasia,Storage,659.0,836.0,14.12,99.86,0,114.86,2.22,3.26,0,0,93.67,589.3169
2024-03-04,centralus,Compute,1201.0,1442.0,99.04,99.94,0,105.11,1.87,2.61,0,0,94.9,699.039
2024-03-04,centralus,Storage,1260.0,1659.0,28.83,99.95,0,113.47,3.63,1.1,0,0,65.94,254.25374
2024-03-04,uksouth,Compute,1927.0,2689.0,166.22,99.89,0,90.8,2.65,1.5,0,0,98.32,388.3127
2024-03-04,uksouth,Storage,811.0,999.0,17.8,99.86,0,100.25,1.67,1.0,0,0,60.46,491.346
2024-03-05,eastus,Compute,2169.0,2723.0,184.34,99.88,0,106.2,1.91,2.43,0,0,81.7,328.84225
2024-03-05,eastus,Storage,2056.0,2627.0,45.75,99.9,0,129.97,3.15,5.65,0,0,98.25,661.448
2024-03-05,westeurope,Compute,907.0,1212.0,80.01,99.9,0,110.69,1.41,3.51,0,0,63.91,548.59454
2024-03-05,westeurope,Storage,1255.0,,28.79,99.94,0,124.57,2.76,4.5,0,0,86.01,582.04504
2024-03-05,southeastasia,Compute,362.0,501.0,31.73,99.91,0,100.04,2.29,3.1,0,0,74.61,539.7697
2024-03-05,southeastasia,Storage,1824.0,2282.0,38.89,99.94,0,113.54,3.1,3.43,0,0,59.29,385.72083
2024-03-05,centralus,Compute,2267.0,3117.0,192.8,99.87,0,95.92,3.62,2.58,0,0,89.11,466.594
2024-03-05,centralus,Storage,1083.0,1454.0,24.79,99.85,0,117.8,3.17,3.35,0,0,69.64,479.39856
2024-03-05,uksouth,Compute,1603.0,2225.0,136.87,99.87,0,118.34,1.4,3.12,0,0,64.77,597.7772
2024-03-05,uksouth,Storage,561.0,778.0,12.85,99.86,0,101.79,2.34,1.66,0,0,54.97,635.64966
2024-03-06,eastus,Compute,2782.0,3301.0,,99.88,0,113.36,2.5,5.28,0,0,91.64,299.91327
2024-03-06,eastus,Storage,440.0,564.0,9.43,99.95,0,134.74,2.29,4.9,0,0,60.66,217.22305
2024-03-06,westeurope,Compute,1884.0,2262.0,166.98,99.88,0,86.18,2.09,0.8,0,0,70.83,212.74548
2024-03-06,westeurope,Storage,247.0,,5.54,99.91,0,86.22,2.09,0.64,0,0,52.48,330.41333
2024-03-06,southeastasia,Compute,473.0,577.0,40.2,100.8,0,88.03,3.16,2.48,0,0,66.65,474.7501
2024-03-06,southeastasia,Storage,324.0,423.0,6.91,99.94,0,122.24,1.83,4.65,0,0,56.75,562.94354
2024-03-06,centralus,Compute,724.0,843.0,,99.92,0,120.04,1.24,2.86,0,0,83.62,301.3033
2024-03-06,centralus,Storage,1362.0,1830.0,31.06,99.87,0,96.6,2.9,5.26,0,0,65.16,609.5806
2024-03-06,uksouth,Compute,1945.0,2311.0,170.71,99.86,0,127.34,2.77,5.06,0,0,68.58,750.4606
2024-03-06,uksouth,Storage,1166.0,1428.0,25.92,99.89,0,90.39,2.03,5.12,0,0,77.47,622.9395
2024-03-07,eastus,Compute,2229.0,2858.0,,99.9,0,124.14,1.95,0.65,0,0,62.08,392.8912
2024-03-07,eastus,Storage,630.0,761.0,13.87,99.86,0,109.43,1.84,5.64,0,0,51.19,748.1768
2024-03-07,westeurope,Compute,2107.0,2675.0,171.52,99.86,0,85.68,2.21,4.54,0,0,79.7,487.87842
2024-03-07,westeurope,Storage,540.0,702.0,11.35,99.9,0,123.84,4.25,4.13,0,0,56.82,500.63782
2024-03-07,southeastasia,Compute,3952.0,4930.0,341.27,99.95,0,115.7,3.77,1.78,0,0,98.8,286.16534
2024-03-07,southeastasia,Storage,697.0,896.0,15.63,99.9,0,125.35,2.35,0.66,0,0,93.79,216.03267
2024-03-07,centralus,Compute,544.0,713.0,46.36,99.93,0,123.47,1.37,2.3,0,0,95.74,535.33746
2024-03-07,centralus,Storage,283.0,338.0,6.43,99.87,0,130.98,3.49,1.1,0,0,75.38,445.0029
2024-03-07,uksouth,Compute,765.0,998.0,67.4,99.91,0,109.02,4.29,2.2,0,0,88.41,1343.8818
2024-03-07,uksouth,Storage,615.0,855.0,14.01,99.92,0,110.39,4.28,2.14,0,0,67.93,150.26097
2024-03-08,eastus,Compute,2123.0,2643.0,188.24,99.93,0,113.96,3.33,4.65,0,0,54.43,202.96033
2024-03-08,eastus,Storage,1587.0,2012.0,35.9,99.91,0,112.26,1.99,2.25,0,0,94.38,381.17987
2024-03-08,westeurope,Compute,1266.0,1637.0,104.38,99.92,0,129.84,2.41,4.55,0,0,76.59,317.01108
2024-03-08,westeurope,Storage,1032.0,1200.0,,99.9,0,89.74,2.63,4.06,0,0,56.17,571.1247
2024-03-08,southeastasia,Compute,1758.0,2357.0,144.05,99.9,0,94.72,3.33,1.25,0,0,52.93,167.68152
2024-03-08,southeastasia,Storage,1054.0,1236.0,22.44,99.86,0,113.9,4.39,4.75,0,0,95.06,866.62
2024-03-08,centralus,Compute,2220.0,2590.0,185.47,99.97,0,114.88,2.6,5.82,0,0,99.63,181.54898
2024-03-08,centralus,Storage,1281.0,1618.0,28.38,99.87,0,101.44,1.93,5.17,0,0,71.75,1082.2172
2024-03-08,uksouth,Compute,1070.0,1245.0,88.88,99.99,0,127.31,1.36,2.19,0,0,63.8,228.62772
2024-03-08,uksouth,Storage,1230.0,1665.0,27.13,99.93,0,92.79,2.12,5.55,0,0,83.16,128.12637
2024-03-09,eastus,Compute,908.0,1197.0,80.16,99.87,1,85.31,3.64,3.8,0,0,74.88,253.53442
2024-03-09,eastus,Storage,1215.0,1480.0,27.16,99.94,1,103.0,1.51,1.07,0,0,94.52,383.8423
2024-03-09,westeurope,Compute,502.0,676.0,42.45,99.93,1,121.1,1.61,5.6,0,0,85.75,432.1336
2024-03-09,westeurope,Storage,303.0,,6.93,99.91,1,120.81,4.19,3.92,0,0,95.45,462.03473
2024-03-09,southeastasia,Compute,,1733.0,107.0,99.87,1,127.15,2.75,5.24,0,0,63.51,298.37036
2024-03-09,southeastasia,Storage,701.0,955.0,14.91,99.91,1,107.99,2.79,3.02,0,0,89.07,647.37494
2024-03-09,centralus,Compute,745.0,911.0,65.75,99.86,1,114.2,1.81,4.67,0,0,54.91,516.8806
2024-03-09,centralus,Storage,,1224.0,22.46,99.93,1,122.29,2.14,5.41,0,0,82.76,337.6589
2024-03-09,uksouth,Compute,1856.0,2393.0,,99.95,1,117.02,3.49,3.11,0,0,51.18,600.0533
2024-03-09,uksouth,Storage,629.0,746.0,13.18,99.93,1,97.5,2.56,3.57,0,0,85.13,145.82878
2024-03-10,eastus,Compute,,2088.0,131.42,99.86,1,89.14,3.52,1.32,0,0,65.62,565.742
2024-03-10,eastus,Storage,1287.0,1724.0,29.57,99.92,1,91.05,3.25,2.38,0,0,81.29,552.3754
2024-03-10,westeurope,Compute,1012.0,1186.0,82.43,99.93,1,131.14,3.66,4.36,0,0,84.81,426.84518
2024-03-10,westeurope,Storage,1174.0,1401.0,24.58,99.95,1,129.7,1.81,0.69,0,0,50.81,352.8894
2024-03-10,southeastasia,Compute,1704.0,2309.0,151.36,99.86,1,122.48,2.26,1.09,0,0,60.35,425.91357
2024-03-10,southeastasia,Storage,910.0,1271.0,,99.96,1,122.25,2.52,4.84,0,0,80.94,286.98755
2024-03-10,centralus,Compute,427.0,505.0,35.83,99.93,1,96.3,3.3,1.79,0,0,63.64,212.9114
2024-03-10,centralus,Storage,652.0,782.0,13.84,99.92,1,130.22,2.23,3.34,0,0,63.91,157.75615
2024-03-10,uksouth,Compute,1449.0,1745.0,121.2,99.94,1,90.82,4.32,3.43,0,0,62.28,669.83575
2024-03-10,uksouth,Storage,,1055.0,18.51,99.91,1,86.33,3.99,1.17,0,0,73.08,685.77734
2024-03-11,eastus,Compute,3610.0,4679.0,305.44,99.93,0,129.1,2.96,4.58,0,0,74.17,1870.1185
2024-03-11,eastus,Storage,344.0,,7.19,99.99,0,109.19,4.1,4.54,0,0,52.55,1763.4623
2024-03-11,westeurope,Compute,2505.0,3428.0,215.28,99.89,0,96.96,3.94,1.04,0,0,86.95,1514.0221
2024-03-11,westeurope,Storage,547.0,645.0,12.17,99.94,0,115.82,4.12,1.77,0,0,86.11,2098.6438
2024-03-11,southeastasia,Compute,460.0,633.0,39.5,99.9,0,103.45,2.97,2.1,0,0,86.42,1678.403
2024-03-11,southeastasia,Storage,326.0,413.0,,99.87,0,86.45,1.95,5.93,0,0,83.38,1377.0221
2024-03-11,centralus,Compute,1117.0,1315.0,93.69,99.88,0,103.7,3.04,3.99,0,0,84.22,1572.3936
2024-03-11,centralus,Storage,1112.0,1467.0,,99.89,0,98.38,1.61,3.5,0,0,50.39,1255.4266
2024-03-11,uksouth,Compute,1651.0,2118.0,133.64,99.98,0,128.04,1.45,1.9,0,0,98.69,1313.2461
2024-03-11,uksouth,Storage,570.0,728.0,12.3,99.95,0,108.77,3.3,2.66,0,0,59.16,1268.5272
2024-03-12,eastus,Compute,1309.0,1565.0,109.65,99.98,0,101.54,3.89,1.07,0,0,77.15,1240.2455
2024-03-12,eastus,Storage,458.0,,10.44,99.9,0,106.27,2.98,1.22,0,0,62.83,2122.223
2024-03-12,westeurope,Compute,2439.0,2891.0,215.2,99.97,0,122.58,3.6,1.6,0,0,79.57,2231.8872
2024-03-12,westeurope,Storage,709.0,903.0,14.89,99.93,0,127.44,2.51,3.53,0,0,55.34,1184.1456
2024-03-12,southeastasia,Compute,418.0,517.0,36.4,99.86,0,92.31,1.35,3.23,0,0,51.57,1338.7367
2024-03-12,southeastasia,Storage,1014.0,1382.0,21.32,99.91,0,93.9,3.96,5.84,0,0,75.55,1258.8174
2024-03-12,centralus,Compute,,2662.0,174.33,99.94,0,129.8,2.5,2.71,1,0,51.66,1270.1971
2024-03-12,centralus,Storage,317.0,365.0,7.26,99.86,0,89.77,4.05,1.87,0,0,77.11,1556.9326
2024-03-12,uksouth,Compute,1277.0,1582.0,110.69,99.98,0,98.02,3.63,3.93,0,1,69.04,1360.5079
2024-03-12,uksouth,Storage,713.0,919.0,15.2,99.96,0,91.06,3.7,1.04,0,0,58.07,1259.9354
2024-03-13,eastus,Compute,1174.0,1452.0,103.05,99.96,0,96.0,2.42,3.83,0,0,52.49,1175.8167
2024-03-13,eastus,Storage,1205.0,1619.0,25.84,99.97,0,99.71,2.56,1.52,0,0,99.71,1226.501
2024-03-13,westeurope,Compute,1840.0,2175.0,156.21,99.86,0,128.92,2.67,4.59,0,0,75.57,1581.1096
2024-03-13,westeurope,Storage,285.0,,6.5,99.87,0,129.5,2.66,5.24,0,0,88.7,2238.6934
2024-03-13,southeastasia,Compute,1284.0,1694.0,112.96,99.98,0,116.14,2.79,1.62,0,0,97.33,1255.3489
2024-03-13,southeastasia,Storage,366.0,459.0,7.65,99.93,0,87.47,4.27,5.28,0,0,97.67,1281.0023
2024-03-13,centralus,Compute,2259.0,2887.0,,99.88,0,98.07,4.25,4.24,0,0,87.41,1220.095
2024-03-13,centralus,Storage,1304.0,1502.0,28.61,99.94,0,123.23,1.53,5.32,0,0,77.63,2214.09
2024-03-13,uksouth,Compute,4983.0,6279.0,414.96,99.94,0,85.77,3.0,0.82,0,0,59.26,1457.3711
2024-03-13,uksouth,Storage,895.0,1092.0,19.66,99.87,0,105.31,1.83,2.17,0,0,73.69,1522.4148
2024-03-14,eastus,Compute,1057.0,1250.0,89.67,99.94,0,108.78,1.95,5.77,0,0,86.46,2199.4187
2024-03-14,eastus,Storage,557.0,662.0,11.92,99.88,0,98.73,1.26,2.83,0,0,90.67,2243.1753
2024-03-14,westeurope,Compute,2155.0,2970.0,188.77,99.93,0,110.6,3.43,2.48,0,0,69.99,1286.7499
2024-03-14,westeurope,Storage,739.0,969.0,16.45,99.88,0,120.95,2.12,2.18,0,0,64.38,1159.0927
2024-03-14,southeastasia,Compute,705.0,812.0,61.71,99.95,0,97.9,2.82,4.51,0,0,68.49,1591.3274
2024-03-14,southeastasia,Storage,608.0,826.0,13.77,99.93,0,103.0,4.03,2.41,0,0,88.82,1327.2648
2024-03-14,centralus,Compute,873.0,1212.0,72.09,99.91,0,85.05,4.06,1.37,0,0,99.7,1311.0974
2024-03-14,centralus,Storage,541.0,686.0,12.3,99.9,0,127.67,4.12,2.09,0,0,91.33,1582.2052
2024-03-14,uksouth,Compute,771.0,991.0,67.14,99.92,0,112.59,3.55,1.86,0,0,85.42,1240.152
2024-03-14,uksouth,Storage,710.0,872.0,15.22,99.95,0,89.26,3.0,3.48,0,0,62.49,1248.7681
2024-03-15,eastus,Compute,1782.0,2266.0,155.76,99.95,0,109.68,1.87,1.82,0,0,50.64,1304.7361
2024-03-15,eastus,Storage,398.0,473.0,8.96,99.95,0,88.64,2.51,1.01,0,1,71.9,2140.1582
2024-03-15,westeurope,Compute,2556.0,3482.0,212.89,99.91,0,127.68,4.17,5.53,0,0,93.08,1225.8812
2024-03-15,westeurope,Storage,1134.0,1465.0,,99.93,0,116.54,3.15,3.01,0,0,66.39,1563.0033
2024-03-15,southeastasia,Compute,1360.0,1888.0,116.14,99.93,0,133.59,4.26,1.65,0,0,96.97,1350.5654
2024-03-15,southeastasia,Storage,1041.0,1232.0,23.7,100.8,0,122.18,2.88,4.52,0,0,75.51,1317.662
2024-03-15,centralus,Compute,4108.0,5717.0,359.29,99.94,0,92.57,1.8,4.47,0,0,99.73,2181.0925
2024-03-15,centralus,Storage,739.0,858.0,16.46,99.95,0,124.87,3.42,3.83,0,0,87.57,2181.5205
2024-03-15,uksouth,Compute,660.0,841.0,55.49,99.94,0,125.18,4.13,4.58,0,0,82.09,1498.1094
2024-03-15,uksouth,Storage,967.0,1150.0,21.5,99.95,0,85.13,4.07,4.5,0,0,67.6,1748.9596
2024-03-16,eastus,Compute,448.0,541.0,39.15,99.96,1,126.81,4.02,2.76,0,0,52.63,2221.7483
2024-03-16,eastus,Storage,1350.0,1704.0,,99.9,1,129.24,3.22,1.31,0,0,58.32,1515.1509
2024-03-16,westeurope,Compute,2149.0,2668.0,182.18,99.95,1,110.9,2.34,4.22,0,0,67.16,1866.1808
2024-03-16,westeurope,Storage,349.0,416.0,7.89,99.98,1,98.81,3.52,3.82,0,0,97.19,1159.179
2024-03-16,southeastasia,Compute,1128.0,1433.0,99.27,99.96,1,132.12,1.45,4.41,0,0,80.13,2135.0244
2024-03-16,southeastasia,Storage,894.0,1070.0,18.99,100.8,1,125.27,1.93,4.38,0,0,53.06,1528.565
2024-03-16,centralus,Compute,1591.0,1878.0,131.67,99.86,1,134.62,3.12,3.19,0,0,88.79,1978.4039
2024-03-16,centralus,Storage,347.0,,7.72,99.97,1,101.47,3.75,3.64,0,0,67.9,1387.422
2024-03-16,uksouth,Compute,1303.0,1709.0,113.94,99.95,1,131.18,3.9,2.38,0,0,92.36,2080.235
2024-03-16,uksouth,Storage,,1277.0,21.54,99.99,1,115.94,2.34,4.89,0,0,89.44,1511.125
2024-03-17,eastus,Compute,1712.0,2079.0,147.53,99.87,1,120.54,3.7,5.18,0,0,60.75,1235.6749
2024-03-17,eastus,Storage,820.0,1056.0,17.76,99.95,1,114.06,2.75,0.61,0,0,59.06,1640.5503
2024-03-17,westeurope,Compute,2212.0,2847.0,186.8,99.98,1,125.6,1.52,5.22,0,0,53.77,2206.0403
2024-03-17,westeurope,Storage,1257.0,1537.0,28.3,99.91,1,113.16,2.38,5.62,0,0,98.88,1358.0499
2024-03-17,southeastasia,Compute,3440.0,4468.0,289.43,99.94,1,108.26,3.37,1.94,0,1,80.1,1536.5432
2024-03-17,southeastasia,Storage,663.0,818.0,,99.98,1,126.47,3.73,4.76,1,0,79.54,1557.5803
2024-03-17,centralus,Compute,2062.0,2375.0,170.66,99.86,1,109.95,1.29,3.94,0,0,73.09,1236.7535
2024-03-17,centralus,Storage,556.0,,11.76,99.96,1,108.24,3.93,3.34,0,0,86.59,1675.3871
2024-03-17,uksouth,Compute,1470.0,1818.0,128.82,99.89,1,110.65,2.34,5.32,0,0,79.44,1452.885
2024-03-17,uksouth,Storage,352.0,423.0,7.68,99.9,1,87.93,3.84,5.1,0,0,66.05,1387.3821
2024-03-18,eastus,Compute,2847.0,3436.0,241.35,99.96,0,111.12,1.21,5.72,1,0,61.21,1702.8763
2024-03-18,eastus,Storage,594.0,737.0,12.53,99.88,0,134.46,2.43,4.76,0,0,81.83,1506.3728
2024-03-18,westeurope,Compute,1512.0,1947.0,130.08,99.9,0,97.03,2.68,3.88,0,0,90.74,1558.2697
2024-03-18,westeurope,Storage,1351.0,1554.0,29.3,99.94,0,131.19,4.1,4.29,0,0,62.26,1580.0319
2024-03-18,southeastasia,Compute,873.0,,77.55,99.88,0,117.09,3.63,0.71,0,0,98.49,2094.9778
2024-03-18,southeastasia,Storage,913.0,,19.55,99.91,0,120.32,1.75,3.07,0,0,52.38,1617.0381
2024-03-18,centralus,Compute,847.0,1088.0,70.63,99.93,0,128.97,2.51,1.64,0,0,53.68,1231.2354
2024-03-18,centralus,Storage,1276.0,1612.0,26.75,99.89,0,100.09,3.78,1.18,0,0,56.53,1218.5017
2024-03-18,uksouth,Compute,1900.0,2196.0,157.38,99.93,0,87.77,3.17,2.86,0,0,59.36,1156.9403
2024-03-18,uksouth,Storage,726.0,892.0,15.72,99.9,0,126.23,2.37,2.32,1,0,82.99,1889.2695
2024-03-19,eastus,Compute,1907.0,2601.0,159.04,99.98,0,92.16,3.58,1.4,0,0,93.3,1215.4396
2024-03-19,eastus,Storage,897.0,1238.0,19.46,99.99,0,124.46,4.18,2.06,0,0,65.67,2101.8975
2024-03-19,westeurope,Compute,2218.0,3103.0,,99.98,0,129.85,4.42,2.66,0,0,86.75,1166.732
2024-03-19,westeurope,Storage,513.0,669.0,11.22,99.91,0,123.25,1.79,2.8,0,0,76.31,1526.8921
2024-03-19,southeastasia,Compute,1541.0,1776.0,134.3,99.89,0,120.21,1.86,2.57,0,0,58.24,2172.3271
2024-03-19,southeastasia,Storage,246.0,313.0,5.52,99.89,0,127.61,1.64,4.92,0,0,73.93,1592.0903
2024-03-19,centralus,Compute,1652.0,2234.0,146.61,100.8,0,133.99,2.56,2.08,0,0,77.85,2224.5256
2024-03-19,centralus,Storage,1133.0,1405.0,25.18,99.98,0,106.09,3.09,4.83,0,0,84.09,2119.7104
2024-03-19,uksouth,Compute,1303.0,1569.0,109.73,99.97,0,100.68,2.53,3.55,0,0,78.79,2177.497
2024-03-19,uksouth,Storage,1212.0,1479.0,26.28,99.92,0,121.56,1.7,3.4,0,0,59.55,1322.29
2024-03-20,eastus,Compute,1139.0,1526.0,93.22,99.94,0,99.54,1.43,5.88,0,0,75.31,1288.3285
2024-03-20,eastus,Storage,898.0,1153.0,20.46,99.87,0,114.86,2.87,2.79,0,0,82.5,1214.8802
2024-03-20,westeurope,Compute,1882.0,2549.0,160.41,99.86,0,103.87,2.03,1.32,0,0,53.16,1650.0852
2024-03-20,westeurope,Storage,931.0,1131.0,21.05,99.85,0,96.02,2.92,5.53,0,0,98.75,1246.3743
2024-03-20,southeastasia,Compute,468.0,612.0,40.61,99.93,0,132.55,3.87,3.88,0,0,87.66,1274.6707
2024-03-20,southeastasia,Storage,303.0,351.0,6.99,99.85,0,129.41,3.93,3.18,0,0,88.18,2243.0474
2024-03-20,centralus,Compute,2007.0,2485.0,173.78,99.92,0,103.81,2.11,4.29,0,0,63.94,1167.3148
2024-03-20,centralus,Storage,342.0,466.0,7.72,99.9,0,122.07,1.44,2.34,0,0,65.94,2194.3423
2024-03-20,uksouth,Compute,570.0,732.0,49.72,99.99,0,89.3,3.46,3.38,0,0,94.31,1535.1632
2024-03-20,uksouth,Storage,863.0,1039.0,19.47,99.95,0,116.73,2.32,2.25,0,0,66.49,1265.7568
2024-03-21,eastus,Compute,767.0,882.0,66.41,100.8,0,108.01,2.11,3.29,0,0,92.49,1300.6354
2024-03-21,eastus,Storage,1111.0,,24.7,99.94,0,87.62,2.28,1.07,0,0,90.26,1609.7672
2024-03-21,westeurope,Compute,877.0,1022.0,77.14,99.87,0,93.79,3.96,1.19,0,0,62.42,1990.1626
2024-03-21,westeurope,Storage,1326.0,1650.0,29.38,99.95,0,97.54,2.5,5.61,0,0,98.24,2089.753
2024-03-21,southeastasia,Compute,886.0,1025.0,75.17,99.96,0,95.72,1.36,2.56,0,0,96.04,1693.1394
2024-03-21,southeastasia,Storage,280.0,343.0,6.34,99.96,0,123.58,3.76,2.79,0,0,61.22,1747.5474
2024-03-21,centralus,Compute,1219.0,1685.0,108.52,99.9,0,132.34,3.83,5.68,0,0,63.0,2150.031
2024-03-21,centralus,Storage,1248.0,1695.0,27.95,99.95,0,87.96,3.71,4.6,0,0,82.04,1326.9008
2024-03-21,uksouth,Compute,1136.0,1503.0,99.95,99.92,0,122.78,4.42,1.39,0,0,75.42,1624.5773
2024-03-21,uksouth,Storage,390.0,530.0,8.38,99.96,0,126.42,2.27,1.05,0,0,73.93,2199.1963
2024-03-22,eastus,Compute,1657.0,1949.0,135.45,99.95,0,95.28,1.64,1.43,0,0,68.86,1426.5189
2024-03-22,eastus,Storage,1412.0,1798.0,,99.94,0,92.51,1.48,5.79,0,0,51.77,1647.325
2024-03-22,westeurope,Compute,1374.0,1611.0,121.45,99.86,0,117.55,2.83,4.52,0,0,59.82,1740.7119
2024-03-22,westeurope,Storage,664.0,904.0,14.04,99.93,0,95.29,3.39,3.35,0,0,84.93,2198.7456
2024-03-22,southeastasia,Compute,1811.0,2364.0,158.64,99.95,0,121.47,3.04,1.25,0,0,55.72,1563.4485
2024-03-22,southeastasia,Storage,,251.0,4.22,99.92,0,96.01,1.48,5.23,0,0,63.21,2020.6808
2024-03-22,centralus,Compute,1574.0,2031.0,132.96,99.88,0,97.0,2.84,1.28,0,0,51.34,1278.9031
2024-03-22,centralus,Storage,1182.0,,26.15,99.89,0,128.95,2.84,5.02,0,0,53.29,1648.9309
2024-03-22,uksouth,Compute,1000.0,1186.0,86.09,99.88,0,116.09,1.77,4.94,0,0,97.22,1394.3896
2024-03-22,uksouth,Storage,565.0,702.0,12.41,99.96,0,85.74,4.25,2.74,0,0,94.13,2160.9177
2024-03-23,eastus,Compute,2433.0,3244.0,196.97,99.89,1,121.88,3.45,0.71,0,0,66.95,1499.8037
2024-03-23,eastus,Storage,229.0,316.0,4.94,99.91,1,89.38,2.17,3.5,0,0,65.64,2220.7917
2024-03-23,westeurope,Compute,4179.0,4846.0,354.25,99.9,1,103.5,2.42,5.35,0,0,89.63,1246.498
2024-03-23,westeurope,Storage,589.0,693.0,12.48,99.89,1,90.17,2.92,3.42,0,0,54.97,1480.573
2024-03-23,southeastasia,Compute,1225.0,1646.0,106.95,99.93,1,106.95,1.88,5.66,0,0,95.91,1780.9294
2024-03-23,southeastasia,Storage,330.0,443.0,7.29,99.91,1,103.51,1.86,2.85,0,0,89.32,2233.479
2024-03-23,centralus,Compute,537.0,640.0,46.75,99.95,1,128.08,2.92,2.71,0,0,70.85,1186.157
2024-03-23,centralus,Storage,327.0,411.0,,99.92,1,96.13,2.1,3.03,0,0,59.22,1182.1558
2024-03-23,uksouth,Compute,1097.0,,91.46,99.96,1,101.29,2.63,5.48,0,0,62.01,2199.5522
2024-03-23,uksouth,Storage,924.0,1237.0,20.47,99.97,1,85.04,1.73,5.2,0,0,84.66,1245.2983
2024-03-24,eastus,Compute,1942.0,2508.0,168.84,99.95,1,103.92,3.36,1.66,0,0,87.22,1155.029
2024-03-24,eastus,Storage,,604.0,10.45,99.88,1,133.89,2.69,1.27,0,0,66.89,1521.7227
2024-03-24,westeurope,Compute,1323.0,1622.0,115.18,99.97,1,100.47,3.46,1.01,0,0,74.62,2223.4546
2024-03-24,westeurope,Storage,864.0,,19.93,99.9,1,92.33,3.3,4.51,0,0,67.07,1239.6816
2024-03-24,southeastasia,Compute,1097.0,1263.0,90.16,99.95,1,89.68,2.53,1.81,0,0,99.15,1289.4722
2024-03-24,southeastasia,Storage,889.0,1150.0,20.02,99.98,1,87.05,4.22,1.66,0,0,55.47,1270.1858
2024-03-24,centralus,Compute,1279.0,,103.71,99.94,1,93.55,4.15,3.01,0,0,90.03,1225.74
2024-03-24,centralus,Storage,418.0,523.0,9.08,99.97,1,91.99,2.55,0.54,0,0,54.38,2240.81
2024-03-24,uksouth,Compute,718.0,,61.38,99.95,1,116.67,2.11,1.99,0,0,98.75,1875.9366
2024-03-24,uksouth,Storage,209.0,255.0,4.79,99.93,1,102.08,2.72,2.73,0,0,51.57,2225.6782
2024-03-25,eastus,Compute,2678.0,3488.0,234.79,99.92,0,111.74,1.99,3.03,0,0,69.56,1203.3641
2024-03-25,eastus,Storage,674.0,858.0,15.09,99.91,0,130.77,4.01,5.0,0,0,76.21,1134.2368
2024-03-25,westeurope,Compute,2401.0,2969.0,200.22,99.93,0,92.29,1.33,1.84,0,1,88.9,1214.8202
2024-03-25,westeurope,Storage,595.0,720.0,13.59,99.95,0,117.44,4.18,2.13,0,0,59.18,1255.4099
2024-03-25,southeastasia,Compute,1005.0,1373.0,87.43,99.87,0,88.18,1.41,4.91,0,0,82.18,1341.2451
2024-03-25,southeastasia,Storage,1638.0,2033.0,34.95,99.94,0,89.8,3.75,4.33,0,0,82.53,1929.6509
2024-03-25,centralus,Compute,1203.0,1575.0,103.52,99.89,0,87.53,1.55,5.52,0,0,80.89,1581.9858
2024-03-25,centralus,Storage,,384.0,7.55,99.86,0,98.56,1.99,0.63,0,0,51.88,1228.0708
2024-03-25,uksouth,Compute,707.0,815.0,57.22,99.91,0,110.76,3.43,4.16,0,0,56.34,1229.4575
2024-03-25,uksouth,Storage,447.0,618.0,9.4,99.99,0,101.1,2.11,2.72,0,0,77.71,1956.3048
2024-03-26,eastus,Compute,2569.0,3214.0,215.43,99.88,0,127.51,2.12,3.76,0,0,81.45,1235.6816
2024-03-26,eastus,Storage,1590.0,1955.0,33.55,99.92,0,128.01,4.2,3.49,0,0,90.54,1197.3795
2024-03-26,westeurope,Compute,1005.0,,87.73,99.91,0,126.12,2.22,5.88,0,1,90.9,1340.4043
2024-03-26,westeurope,Storage,2378.0,3328.0,53.45,99.87,0,122.7,1.86,5.64,0,0,90.64,1998.1849
2024-03-26,southeastasia,Compute,542.0,648.0,44.32,99.88,0,92.79,4.25,1.65,0,0,83.85,1569.869
2024-03-26,southeastasia,Storage,956.0,1171.0,20.81,99.88,0,120.42,2.75,5.71,0,0,78.41,1221.1288
2024-03-26,centralus,Compute,1619.0,2173.0,143.2,99.9,0,124.69,2.61,4.75,0,0,99.36,1205.7462
2024-03-26,centralus,Storage,1291.0,1620.0,,99.95,0,120.23,2.72,5.71,0,0,71.96,1307.6296
2024-03-26,uksouth,Compute,775.0,928.0,64.58,99.85,0,118.0,3.2,2.72,0,0,62.14,1268.6313
2024-03-26,uksouth,Storage,493.0,629.0,11.32,99.96,0,111.62,1.22,2.78,0,0,52.72,1256.9136
2024-03-27,eastus,Compute,934.0,1229.0,75.93,99.88,0,108.32,3.96,4.53,0,0,75.58,1298.3917
2024-03-27,eastus,Storage,814.0,1020.0,18.19,99.99,0,113.51,3.0,2.36,0,0,54.93,1367.3116
2024-03-27,westeurope,Compute,469.0,634.0,40.88,99.95,0,118.74,3.78,5.07,0,0,69.68,1320.8009
2024-03-27,westeurope,Storage,585.0,706.0,12.71,99.86,0,111.54,1.45,5.17,0,0,97.25,1286.1199
2024-03-27,southeastasia,Compute,538.0,739.0,46.12,100.8,0,134.99,1.79,4.13,0,0,62.05,1516.7015
2024-03-27,southeastasia,Storage,895.0,1169.0,19.53,99.86,0,115.58,3.99,0.75,0,0,77.02,1351.3378
2024-03-27,centralus,Compute,899.0,1115.0,78.54,99.96,0,93.38,2.92,5.23,0,0,94.9,1217.4095
2024-03-27,centralus,Storage,317.0,421.0,6.73,99.95,0,106.99,1.64,3.64,1,0,64.61,2059.3303
2024-03-27,uksouth,Compute,1702.0,1973.0,137.92,99.87,0,108.14,4.41,1.01,0,0,53.01,1530.3209
2024-03-27,uksouth,Storage,733.0,924.0,16.16,99.9,0,109.27,3.71,5.57,0,0,88.71,1193.153
2024-03-28,eastus,Compute,1870.0,2269.0,165.9,99.96,0,93.56,1.42,3.21,0,0,90.01,1333.4194
2024-03-28,eastus,Storage,1495.0,2014.0,,99.96,0,89.74,1.86,4.35,1,1,69.02,1184.1588
2024-03-28,westeurope,Compute,1564.0,1970.0,128.55,99.87,0,113.61,2.14,4.74,0,0,79.59,1449.9768
2024-03-28,westeurope,Storage,393.0,491.0,8.4,99.88,0,119.36,2.41,1.8,0,0,92.3,1392.3501
2024-03-28,southeastasia,Compute,1955.0,,164.66,99.86,0,122.84,3.21,5.58,1,0,89.26,1198.1577
2024-03-28,southeastasia,Storage,673.0,782.0,15.37,99.97,0,106.7,1.49,2.64,0,0,93.26,1601.8148
2024-03-28,centralus,Compute,603.0,826.0,50.52,100.8,0,118.81,4.27,0.84,0,0,70.92,1154.6115
2024-03-28,centralus,Storage,291.0,343.0,6.37,99.89,0,98.62,2.67,5.2,0,0,99.51,1569.3259
2024-03-28,uksouth,Compute,2221.0,2641.0,195.52,99.94,0,97.3,1.82,2.11,0,0,94.86,2159.2231
2024-03-28,uksouth,Storage,945.0,1287.0,,99.85,0,96.0,1.28,0.9,0,0,73.97,1283.5355
2024-03-29,eastus,Compute,617.0,714.0,53.48,99.92,0,116.99,4.0,3.61,0,0,81.48,1810.1483
2024-03-29,eastus,Storage,1069.0,1351.0,23.64,99.91,0,124.56,3.75,0.57,0,0,83.62,1582.3942
2024-03-29,westeurope,Compute,1969.0,2316.0,175.72,99.93,0,127.65,2.1,2.21,0,0,51.18,1305.3947
2024-03-29,westeurope,Storage,1045.0,1453.0,22.36,99.96,0,87.09,1.21,2.43,0,0,68.91,1312.2039
2024-03-29,southeastasia,Compute,1024.0,1387.0,85.61,99.93,0,119.04,3.62,3.18,0,0,63.02,1536.2
2024-03-29,southeastasia,Storage,216.0,272.0,4.91,99.85,0,110.39,2.72,1.72,0,0,98.44,1257.5189
2024-03-29,centralus,Compute,2270.0,2936.0,194.38,99.95,0,101.87,3.43,1.9,0,0,78.05,1260.222
2024-03-29,centralus,Storage,669.0,779.0,15.19,99.87,0,105.5,2.09,5.62,0,0,80.11,1596.0844
2024-03-29,uksouth,Compute,406.0,527.0,,99.87,0,102.07,3.87,1.61,0,0,79.67,1335.8885
2024-03-29,uksouth,Storage,800.0,930.0,16.99,99.86,0,122.61,2.19,2.82,0,0,90.55,1240.9415
2024-03-30,eastus,Compute,1939.0,2575.0,166.62,99.89,1,116.58,1.21,4.19,0,1,83.03,1158.6926
2024-03-30,eastus,Storage,1320.0,1640.0,28.71,99.94,1,104.22,3.01,1.13,0,0,94.42,1513.2358
2024-03-30,westeurope,Compute,1468.0,2020.0,121.75,99.87,1,92.07,1.71,5.28,0,0,93.34,1486.8015
2024-03-30,westeurope,Storage,1008.0,1350.0,21.11,99.91,1,127.12,2.51,5.93,0,0,56.78,1366.6619
2024-03-30,southeastasia,Compute,,1221.0,76.42,99.93,1,101.71,4.41,5.91,0,0,63.5,1169.9229
2024-03-30,southeastasia,Storage,,,11.37,99.94,1,103.98,1.3,4.83,0,0,51.05,1570.9167
2024-03-30,centralus,Compute,,,64.29,99.98,1,86.04,4.0,3.33,0,0,52.5,1158.5044
2024-03-30,centralus,Storage,1134.0,1397.0,25.4,99.98,1,115.78,2.4,2.23,0,0,66.35,2237.1555
2024-03-30,uksouth,Compute,652.0,894.0,56.97,99.87,1,89.47,4.06,2.97,0,0,86.02,1639.1494
2024-03-30,uksouth,Storage,828.0,1120.0,17.48,99.86,1,110.24,1.99,4.14,0,0,91.73,1240.6436
2024-03-31,eastus,Compute,2023.0,2449.0,169.22,99.89,1,102.97,1.77,3.12,0,0,71.35,1214.2479
2024-03-31,eastus,Storage,560.0,752.0,11.8,99.94,1,127.62,2.95,5.65,0,0,98.2,1153.1593
2024-03-31,westeurope,Compute,1174.0,1352.0,95.24,99.97,1,105.5,2.4,3.87,0,0,91.78,1280.139
2024-03-31,westeurope,Storage,977.0,1229.0,22.45,99.99,1,85.02,1.94,3.26,0,0,62.58,1308.3876
2024-03-31,southeastasia,Compute,405.0,522.0,32.92,99.98,1,101.63,3.89,3.61,0,0,61.72,1323.5865
2024-03-31,southeastasia,Storage,454.0,544.0,10.36,99.89,1,96.57,4.43,4.19,0,0,68.7,1161.0846
2024-03-31,centralus,Compute,1086.0,1513.0,93.87,99.97,1,89.82,1.4,4.71,0,0,74.04,1696.1226
2024-03-31,centralus,Storage,211.0,253.0,4.82,99.97,1,132.84,1.68,0.94,0,0,64.55,1144.91
2024-03-31,uksouth,Compute,325.0,405.0,26.78,99.96,1,125.31,3.62,3.05,0,0,88.54,1268.244
2024-03-31,uksouth,Storage,885.0,1090.0,19.55,99.89,1,98.44,1.46,4.09,0,0,78.39,1230.335
2024-04-01,eastus,Compute,1203.0,1484.0,101.55,99.89,0,85.84,2.35,0.89,0,0,65.2,1522.6246
2024-04-01,eastus,Storage,1247.0,,28.34,99.9,0,117.41,3.13,4.27,0,0,93.69,1187.6302
2024-04-01,westeurope,Compute,785.0,995.0,69.41,99.88,0,115.13,2.55,5.31,0,0,99.64,1361.101
2024-04-01,westeurope,Storage,,988.0,18.47,99.86,0,95.12,3.59,2.17,0,0,76.46,1549.363
2024-04-01,southeastasia,Compute,1310.0,1772.0,108.74,99.96,0,116.39,1.59,3.61,0,0,82.96,1317.3372
2024-04-01,southeastasia,Storage,272.0,352.0,5.74,99.91,0,125.23,2.0,1.5,1,0,68.77,1285.351
2024-04-01,centralus,Compute,1584.0,1878.0,137.66,99.93,0,97.36,4.09,3.57,0,0,65.73,2231.327
2024-04-01,centralus,Storage,651.0,,14.51,99.89,0,132.1,3.94,2.45,1,0,82.29,1186.8027
2024-04-01,uksouth,Compute,1445.0,1936.0,127.59,99.93,0,87.17,2.1,4.6,0,0,76.23,1351.1731
2024-04-01,uksouth,Storage,406.0,548.0,8.62,99.9,0,110.95,1.28,4.68,0,0,97.91,1220.681
2024-04-02,eastus,Compute,2397.0,3125.0,213.43,99.93,0,88.69,3.07,2.8,0,0,96.22,1155.4103
2024-04-02,eastus,Storage,1519.0,1864.0,31.89,99.86,0,96.08,1.71,0.66,0,0,67.72,1563.9208
2024-04-02,westeurope,Compute,835.0,1162.0,70.25,99.97,0,92.54,1.42,1.09,0,0,82.59,1179.5751
2024-04-02,westeurope,Storage,839.0,1148.0,19.02,99.91,0,119.55,3.9,5.71,0,0,87.83,1345.1156
2024-04-02,southeastasia,Compute,1545.0,2109.0,127.69,99.9,0,126.21,2.86,1.48,0,0,51.09,1218.8307
2024-04-02,southeastasia,Storage,370.0,464.0,8.41,99.88,0,93.62,3.5,4.11,0,0,60.1,1336.0824
2024-04-02,centralus,Compute,1922.0,2661.0,170.19,99.91,0,105.62,2.67,4.52,0,0,88.44,1220.5687
2024-04-02,centralus,Storage,1081.0,1280.0,23.57,99.93,0,120.42,2.51,3.56,0,0,53.96,1538.1804
2024-04-02,uksouth,Compute,1870.0,2156.0,159.5,99.89,0,106.62,3.66,4.76,0,0,80.47,1191.6536
2024-04-02,uksouth,Storage,728.0,914.0,16.11,99.86,0,94.88,2.42,1.97,0,0,76.98,1242.2113
2024-04-03,eastus,Compute,1564.0,,131.71,99.89,0,134.07,3.92,4.07,1,0,59.66,1328.0175
2024-04-03,eastus,Storage,265.0,369.0,6.09,99.98,0,114.76,2.17,2.45,0,0,58.44,1358.7823
2024-04-03,westeurope,Compute,849.0,1047.0,68.87,99.94,0,127.75,2.85,1.27,0,0,53.66,1154.1473
2024-04-03,westeurope,Storage,1341.0,1662.0,,99.96,0,90.97,4.03,0.89,0,0,69.68,1240.3572
2024-04-03,southeastasia,Compute,1815.0,2375.0,157.71,99.89,0,122.44,2.11,4.24,0,0,72.82,1361.8511
2024-04-03,southeastasia,Storage,939.0,1185.0,21.18,99.93,0,85.1,4.49,2.86,0,0,55.02,1343.7717
2024-04-03,centralus,Compute,1233.0,1468.0,104.32,99.88,0,95.81,4.23,3.36,0,0,58.26,1214.3324
2024-04-03,centralus,Storage,1271.0,1540.0,27.69,100.8,0,94.52,3.59,1.03,0,0,97.77,1266.088
2024-04-03,uksouth,Compute,1288.0,1709.0,112.12,99.95,0,132.23,3.35,4.07,0,1,52.91,1285.2793
2024-04-03,uksouth,Storage,735.0,991.0,16.33,99.9,0,97.08,3.84,3.02,0,1,71.5,1172.7229
2024-04-04,eastus,Compute,1823.0,2295.0,152.63,99.95,0,125.28,2.2,4.96,0,0,72.9,1545.6945
2024-04-04,eastus,Storage,1083.0,1309.0,23.03,99.96,0,130.05,4.21,4.74,0,0,86.79,2201.526
2024-04-04,westeurope,Compute,916.0,1147.0,77.56,99.85,0,134.64,2.46,5.82,0,0,52.72,1274.4541
2024-04-04,westeurope,Storage,1470.0,1740.0,,99.96,0,117.48,2.98,4.99,0,0,65.84,1523.983
2024-04-04,southeastasia,Compute,,,84.9,99.95,0,110.42,1.66,3.5,0,0,81.21,1244.2294
2024-04-04,southeastasia,Storage,215.0,290.0,4.52,99.88,0,94.68,2.26,3.12,0,0,82.56,1211.798
2024-04-04,centralus,Compute,1995.0,2622.0,175.47,99.95,0,90.17,1.7,0.95,0,1,80.48,1229.0199
2024-04-04,centralus,Storage,342.0,403.0,,99.96,0,124.05,3.5,0.62,0,0,60.84,1159.2524
2024-04-04,uksouth,Compute,2092.0,2780.0,181.36,99.92,0,85.35,4.1,1.83,0,0,90.7,1166.0529
2024-04-04,uksouth,Storage,748.0,869.0,17.14,99.86,0,129.49,2.03,4.09,0,0,70.14,1227.7085
2024-04-05,eastus,Compute,1220.0,1602.0,101.74,99.94,0,122.67,1.63,2.59,1,0,52.39,1174.9923
2024-04-05,eastus,Storage,986.0,1284.0,,99.96,0,110.4,1.66,5.43,0,0,68.1,1342.2502
2024-04-05,westeurope,Compute,2601.0,,229.29,99.95,0,132.19,3.08,2.5,0,0,73.15,1288.7872
2024-04-05,westeurope,Storage,1413.0,1789.0,29.82,99.95,0,122.28,2.49,3.46,0,0,79.72,1365.6366
2024-04-05,southeastasia,Compute,1614.0,2072.0,134.11,99.92,0,93.37,3.7,4.04,0,0,94.65,1231.9807
2024-04-05,southeastasia,Storage,439.0,610.0,9.37,99.99,0,85.64,2.92,2.42,0,0,80.79,1508.3456
2024-04-05,centralus,Compute,1190.0,1440.0,99.82,99.91,0,127.42,1.22,4.27,0,0,65.87,1321.679
2024-04-05,centralus,Storage,865.0,1092.0,18.17,99.94,0,90.52,3.37,4.25,0,0,69.33,1366.0574
2024-04-05,uksouth,Compute,1122.0,1490.0,93.31,99.92,0,116.39,1.7,2.41,0,0,54.17,1492.9944
2024-04-05,uksouth,Storage,701.0,843.0,15.59,99.93,0,131.77,2.35,4.78,0,0,76.35,1217.991
2024-04-06,eastus,Compute,2158.0,2667.0,191.83,99.88,1,129.34,3.63,3.87,0,0,71.94,1342.8104
2024-04-06,eastus,Storage,889.0,1055.0,18.93,99.98,1,133.13,3.76,4.85,0,0,72.72,1222.3522
2024-04-06,westeurope,Compute,1872.0,2185.0,155.14,99.97,1,88.18,2.72,1.48,0,0,92.53,1368.4086
2024-04-06,westeurope,Storage,572.0,696.0,12.02,99.99,1,117.02,2.67,5.04,0,0,57.41,1146.7296
2024-04-06,southeastasia,Compute,992.0,1295.0,80.91,99.87,1,125.73,2.62,1.68,0,0,64.76,1335.2006
2024-04-06,southeastasia,Storage,590.0,747.0,12.86,99.86,1,128.45,2.43,3.35,0,0,59.85,1186.9901
2024-04-06,centralus,Compute,726.0,1004.0,62.99,99.95,1,86.31,1.77,4.8,0,0,78.99,1278.1926
2024-04-06,centralus,Storage,354.0,442.0,7.93,99.89,1,122.38,2.48,2.6,0,0,67.45,1235.1074
2024-04-06,uksouth,Compute,330.0,395.0,29.2,99.91,1,114.6,1.32,2.67,0,1,83.04,1336.7562
2024-04-06,uksouth,Storage,412.0,511.0,9.32,99.98,1,122.56,3.12,3.56,0,0,52.82,1276.0903
2024-04-07,eastus,Compute,2090.0,2648.0,173.9,99.9,1,133.57,3.72,1.27,0,0,92.72,1225.7257
2024-04-07,eastus,Storage,432.0,562.0,9.75,99.91,1,93.7,1.8,5.41,0,0,61.58,1322.686
2024-04-07,westeurope,Compute,580.0,741.0,51.23,99.91,1,134.87,1.65,5.22,0,0,74.94,1537.0023
2024-04-07,westeurope,Storage,483.0,587.0,10.26,99.87,1,102.3,1.65,5.99,0,0,80.82,1375.3612
2024-04-07,southeastasia,Compute,1195.0,1515.0,96.8,99.93,1,90.01,3.81,5.74,0,0,85.63,1385.2698
2024-04-07,southeastasia,Storage,592.0,802.0,13.28,99.98,1,130.73,2.35,2.25,0,0,50.25,1170.372
2024-04-07,centralus,Compute,1199.0,1522.0,100.34,99.85,1,101.53,2.06,3.28,0,0,64.7,1240.4177
2024-04-07,centralus,Storage,809.0,997.0,17.01,99.99,1,103.12,1.84,5.53,0,0,87.78,1178.0624
2024-04-07,uksouth,Compute,1175.0,1522.0,101.7,99.98,1,130.29,2.87,4.59,0,0,53.88,1344.0978
2024-04-07,uksouth,Storage,210.0,293.0,4.82,99.95,1,114.1,1.21,3.99,0,0,58.6,1331.3643
2024-04-08,eastus,Compute,711.0,834.0,60.34,99.86,0,85.13,1.87,2.14,0,0,74.47,1180.2306
2024-04-08,eastus,Storage,2205.0,2754.0,50.64,99.99,0,87.51,3.94,3.14,0,0,96.23,1286.2854
2024-04-08,westeurope,Compute,1875.0,2318.0,153.08,99.94,0,95.53,4.19,1.26,0,0,73.43,1154.6378
2024-04-08,westeurope,Storage,2025.0,2343.0,46.52,99.86,0,113.79,3.88,0.53,0,0,60.42,1214.1132
2024-04-08,southeastasia,Compute,,2314.0,157.64,99.93,0,94.76,1.81,4.57,0,0,95.41,1256.6221
2024-04-08,southeastasia,Storage,293.0,396.0,6.57,99.97,0,90.61,1.77,1.38,0,0,70.76,1269.3954
2024-04-08,centralus,Compute,2321.0,2865.0,206.81,99.91,0,126.72,1.32,4.78,0,0,68.64,1218.6534
2024-04-08,centralus,Storage,397.0,472.0,8.5,99.88,0,120.83,4.3,1.14,0,0,73.63,1252.3529
2024-04-08,uksouth,Compute,4299.0,5538.0,365.72,99.99,0,108.19,4.12,5.69,0,0,97.11,1175.7407
2024-04-08,uksouth,Storage,360.0,478.0,8.18,99.94,0,100.26,3.18,3.34,0,0,51.39,1146.1482
2024-04-09,eastus,Compute,4104.0,5665.0,349.66,99.87,0,97.6,1.68,1.75,0,0,63.07,1265.8083
2024-04-09,eastus,Storage,2016.0,2710.0,46.05,99.87,0,117.21,1.57,1.79,0,0,80.43,1352.2249
2024-04-09,westeurope,Compute,2588.0,3319.0,223.85,99.96,0,117.07,1.3,3.72,0,0,68.8,1393.1362
2024-04-09,westeurope,Storage,1345.0,1830.0,28.69,99.87,0,129.54,2.79,5.32,0,0,61.57,1171.772
2024-04-09,southeastasia,Compute,726.0,,,99.95,0,102.19,3.6,2.76,0,0,59.84,1972.4551
2024-04-09,southeastasia,Storage,1011.0,1221.0,23.15,99.93,0,120.67,2.03,5.14,1,0,89.0,1269.582
2024-04-09,centralus,Compute,2086.0,2474.0,181.2,99.99,0,134.25,1.62,4.73,0,0,66.66,1168.1444
2024-04-09,centralus,Storage,3807.0,5107.0,86.34,100.8,0,113.64,1.62,0.57,0,0,95.33,1223.5479
2024-04-09,uksouth,Compute,617.0,771.0,54.41,99.96,0,100.43,3.17,0.78,0,0,50.49,1446.0587
2024-04-09,uksouth,Storage,816.0,1066.0,17.2,99.94,0,107.61,4.41,3.08,0,0,98.39,1315.9963
2024-04-10,eastus,Compute,820.0,969.0,70.4,99.91,0,92.84,3.87,4.8,0,0,61.94,1267.5256
2024-04-10,eastus,Storage,928.0,1269.0,19.54,99.97,0,120.75,3.33,5.86,0,0,86.46,1315.1141
2024-04-10,westeurope,Compute,,2813.0,197.9,99.96,0,129.24,1.22,5.7,0,0,93.94,1194.743
2024-04-10,westeurope,Storage,1024.0,1325.0,22.48,99.93,0,88.6,2.93,4.37,0,0,88.2,1269.1136
2024-04-10,southeastasia,Compute,1589.0,1944.0,128.34,99.86,0,108.52,1.8,1.95,0,0,61.0,1171.1606
2024-04-10,southeastasia,Storage,798.0,1034.0,18.05,99.93,0,113.94,2.79,1.26,0,0,68.63,1447.2664
2024-04-10,centralus,Compute,1263.0,1736.0,108.29,99.94,0,112.84,1.61,5.1,0,0,83.48,1236.7952
2024-04-10,centralus,Storage,792.0,926.0,17.33,99.88,0,103.96,4.23,3.72,0,0,55.22,1562.9294
2024-04-10,uksouth,Compute,1074.0,1474.0,92.65,99.87,0,94.16,2.98,3.27,0,0,58.61,1191.8213
2024-04-10,uksouth,Storage,1192.0,1628.0,25.17,99.87,0,108.03,4.15,4.6,0,0,73.21,1277.655
2024-04-11,eastus,Compute,1632.0,2079.0,138.79,99.88,0,128.36,3.93,0.69,0,0,77.78,1240.5912
2024-04-11,eastus,Storage,651.0,885.0,14.56,99.89,0,110.16,3.7,5.27,0,0,55.15,1337.1644
2024-04-11,westeurope,Compute,1096.0,1447.0,88.95,99.95,0,105.13,3.46,4.96,0,0,59.73,1350.3513
2024-04-11,westeurope,Storage,962.0,1184.0,20.25,99.89,0,120.4,1.79,1.26,0,0,62.56,1436.9396
2024-04-11,southeastasia,Compute,1671.0,1932.0,138.67,99.87,0,100.39,2.78,1.33,0,0,67.38,1687.0984
2024-04-11,southeastasia,Storage,830.0,1135.0,19.11,99.99,0,122.96,2.8,2.13,0,0,51.34,1328.313
2024-04-11,centralus,Compute,1255.0,1625.0,,99.88,0,109.04,2.51,1.66,0,0,92.82,1533.2069
2024-04-11,centralus,Storage,976.0,,20.75,99.96,0,128.74,1.38,2.33,0,0,87.77,1543.2972
2024-04-11,uksouth,Compute,1016.0,1254.0,82.36,99.87,0,112.72,3.32,1.07,0,0,84.12,1283.8097
2024-04-11,uksouth,Storage,,646.0,10.34,99.85,0,105.44,1.76,5.57,0,0,68.27,1286.2485
2024-04-12,eastus,Compute,2490.0,3189.0,201.27,99.86,0,96.95,3.65,4.81,0,0,91.78,1225.6625
2024-04-12,eastus,Storage,2352.0,3178.0,52.26,99.93,0,90.58,3.84,3.24,0,0,52.55,1244.0197
2024-04-12,westeurope,Compute,1757.0,2275.0,155.4,99.93,0,95.27,3.06,1.05,0,0,50.61,1284.2886
2024-04-12,westeurope,Storage,948.0,1217.0,20.53,99.96,0,119.56,2.21,5.2,0,0,55.04,1560.4047
2024-04-12,southeastasia,Compute,1820.0,2472.0,,99.97,0,91.91,3.93,4.14,0,0,55.95,1119.6226
2024-04-12,southeastasia,Storage,1013.0,1338.0,21.81,99.98,0,112.69,1.93,5.16,0,0,84.89,1372.3058
2024-04-12,centralus,Compute,857.0,1005.0,73.37,99.87,0,117.54,1.59,4.96,0,0,53.42,1264.2527
2024-04-12,centralus,Storage,586.0,815.0,12.45,99.95,0,110.59,2.09,4.95,0,0,86.8,1529.0271
2024-04-12,uksouth,Compute,914.0,1058.0,80.98,99.89,0,91.38,1.68,1.89,0,0,61.28,1464.1497
2024-04-12,uksouth,Storage,420.0,535.0,8.96,99.95,0,87.24,3.03,1.11,0,0,71.69,1232.8173
2024-04-13,eastus,Compute,2005.0,2540.0,164.39,99.88,1,124.3,1.69,3.4,0,0,62.74,1345.366
2024-04-13,eastus,Storage,1293.0,1507.0,28.45,99.9,1,111.34,2.02,2.63,0,0,51.17,1187.4175
2024-04-13,westeurope,Compute,828.0,1021.0,,99.98,1,86.53,4.11,0.64,0,1,50.85,1254.0205
2024-04-13,westeurope,Storage,1053.0,,23.41,99.97,1,124.78,4.12,1.38,0,0,86.18,1188.7191
2024-04-13,southeastasia,Compute,822.0,1008.0,69.12,99.95,1,103.17,2.69,3.57,0,0,63.73,1706.7515
2024-04-13,southeastasia,Storage,457.0,,9.97,99.94,1,133.02,2.19,1.6,0,0,92.0,1851.1603
2024-04-13,centralus,Compute,830.0,1086.0,,99.97,1,114.68,4.2,1.84,0,0,79.89,1190.9069
2024-04-13,centralus,Storage,285.0,395.0,6.47,99.86,1,95.73,1.49,2.89,0,0,63.35,1307.2722
2024-04-13,uksouth,Compute,1599.0,2208.0,134.73,99.94,1,104.35,3.61,4.59,0,0,69.32,1217.4302
2024-04-13,uksouth,Storage,305.0,362.0,,99.97,1,126.19,1.25,5.73,0,0,67.78,1535.2894
2024-04-14,eastus,Compute,1563.0,1879.0,127.96,99.93,1,107.66,3.43,3.21,0,0,78.87,1777.8499
2024-04-14,eastus,Storage,517.0,717.0,11.34,99.91,1,128.47,4.31,2.71,0,0,60.45,1295.2451
2024-04-14,westeurope,Compute,2022.0,2391.0,180.3,100.8,1,107.93,1.6,4.04,0,0,52.46,1931.8547
2024-04-14,westeurope,Storage,1180.0,1432.0,24.91,99.96,1,120.84,1.56,4.52,0,0,91.28,1530.6368
2024-04-14,southeastasia,Compute,428.0,549.0,35.15,99.88,1,97.07,3.36,4.24,0,0,51.73,1292.9525
2024-04-14,southeastasia,Storage,865.0,1091.0,19.96,99.87,1,108.1,2.98,5.85,0,0,61.72,1297.2642
2024-04-14,centralus,Compute,1454.0,1755.0,,99.94,1,98.86,2.74,4.98,0,0,60.71,1563.2025
2024-04-14,centralus,Storage,924.0,1175.0,20.54,100.8,1,113.9,4.46,1.57,0,0,68.72,2106.2732
2024-04-14,uksouth,Compute,310.0,406.0,25.11,99.93,1,122.24,2.78,1.32,0,0,70.21,1492.3242
2024-04-14,uksouth,Storage,251.0,305.0,5.47,99.96,1,116.37,4.36,5.3,0,0,56.2,1695.856
2024-04-15,eastus,Compute,1171.0,1351.0,95.93,99.91,0,129.62,2.26,2.93,0,0,86.13,1184.4973
2024-04-15,eastus,Storage,287.0,400.0,6.44,99.95,0,107.0,1.85,5.37,0,0,58.2,1323.7794
2024-04-15,westeurope,Compute,1453.0,1865.0,125.24,99.9,0,121.33,3.37,2.95,0,0,82.89,2134.0435
2024-04-15,westeurope,Storage,789.0,949.0,17.11,99.88,0,109.32,4.29,2.05,0,0,59.91,1205.1941
2024-04-15,southeastasia,Compute,1432.0,1899.0,120.95,99.88,0,105.74,3.15,5.65,0,0,99.23,1265.0936
2024-04-15,southeastasia,Storage,425.0,538.0,9.37,99.97,0,98.51,3.13,1.34,0,0,57.19,1649.8289
2024-04-15,centralus,Compute,1457.0,1924.0,,99.97,0,124.99,1.92,0.99,0,0,67.55,1535.008
2024-04-15,centralus,Storage,1021.0,1394.0,22.71,99.98,0,95.14,1.47,2.45,0,0,59.41,1566.013
2024-04-15,uksouth,Compute,1554.0,1898.0,132.91,99.95,0,102.47,2.35,4.62,0,0,80.11,1268.0304
2024-04-15,uksouth,Storage,812.0,998.0,17.03,99.97,0,109.69,2.84,3.53,0,0,61.57,1199.9349
2024-04-16,eastus,Compute,2090.0,,182.38,99.93,0,95.44,4.4,1.61,0,0,87.0,1213.077
2024-04-16,eastus,Storage,697.0,910.0,14.6,99.94,0,88.22,2.42,2.78,0,0,54.71,1208.4092
2024-04-16,westeurope,Compute,560.0,748.0,48.26,99.98,0,98.25,3.91,1.52,0,1,79.03,1356.4773
2024-04-16,westeurope,Storage,1105.0,1520.0,,99.97,0,120.67,3.14,1.14,0,0,77.4,1318.5299
2024-04-16,southeastasia,Compute,1232.0,1541.0,100.79,99.99,0,85.1,3.75,3.4,0,0,79.5,1185.2971
2024-04-16,southeastasia,Storage,788.0,1082.0,17.65,99.97,0,126.58,3.5,3.06,0,0,89.58,756.0775
2024-04-16,centralus,Compute,1308.0,1775.0,113.66,99.95,0,108.29,4.17,2.22,0,0,80.0,2238.2266
2024-04-16,centralus,Storage,1322.0,1760.0,,99.97,0,116.53,2.94,3.26,0,0,63.64,1847.2823
2024-04-16,uksouth,Compute,1963.0,2737.0,160.38,99.87,0,93.52,3.17,3.21,0,0,52.04,537.365
2024-04-16,uksouth,Storage,425.0,576.0,9.51,99.87,0,86.49,4.0,4.39,0,0,52.66,1251.471
2024-04-17,eastus,Compute,1600.0,2189.0,132.22,99.96,0,125.2,1.22,0.69,0,0,64.23,596.82556
2024-04-17,eastus,Storage,1201.0,1586.0,,99.97,0,102.61,3.32,4.17,0,1,91.33,1469.3464
2024-04-17,westeurope,Compute,2997.0,4164.0,249.56,99.92,0,109.2,2.42,1.33,0,0,84.12,748.0113
2024-04-17,westeurope,Storage,1261.0,1711.0,26.38,99.88,0,99.52,3.54,3.69,0,0,94.49,2232.191
2024-04-17,southeastasia,Compute,1413.0,1824.0,122.96,99.87,0,111.44,2.87,2.57,0,0,84.94,1321.3369
2024-04-17,southeastasia,Storage,959.0,1168.0,,99.98,0,127.65,2.05,0.63,0,0,73.01,782.99756
2024-04-17,centralus,Compute,1122.0,1401.0,92.23,99.89,0,88.19,1.38,5.27,0,0,91.32,1026.4747
2024-04-17,centralus,Storage,562.0,703.0,12.4,99.94,0,120.87,3.31,1.78,0,0,51.88,1427.3801
2024-04-17,uksouth,Compute,1316.0,1560.0,112.25,99.91,0,105.82,2.39,5.98,0,0,68.85,1575.4678
2024-04-17,uksouth,Storage,905.0,1208.0,20.09,99.91,0,130.44,1.68,3.19,0,0,72.12,841.09283
2024-04-18,eastus,Compute,2456.0,3060.0,205.02,99.9,0,106.89,2.04,0.75,0,0,99.27,2232.2944
2024-04-18,eastus,Storage,1296.0,1636.0,28.08,100.8,0,93.48,1.92,4.17,0,0,96.61,1293.4558
2024-04-18,westeurope,Compute,470.0,561.0,38.65,99.86,0,106.39,1.24,2.6,0,0,90.92,1140.1545
2024-04-18,westeurope,Storage,668.0,801.0,14.04,99.97,0,96.29,4.49,1.13,0,0,63.51,1102.7394
2024-04-18,southeastasia,Compute,1244.0,1556.0,101.41,99.95,0,124.52,3.93,3.19,0,0,72.01,1417.5845
2024-04-18,southeastasia,Storage,174.0,232.0,3.94,99.87,0,121.85,4.29,3.69,0,0,93.47,1664.8088
2024-04-18,centralus,Compute,1198.0,1431.0,100.95,99.95,0,99.43,2.7,1.45,0,0,73.92,752.3253
2024-04-18,centralus,Storage,1086.0,1471.0,24.34,99.85,0,107.17,1.72,2.36,0,0,61.61,1528.6099
2024-04-18,uksouth,Compute,800.0,1116.0,70.92,99.94,0,126.24,3.57,5.17,0,0,78.73,1235.8024
2024-04-18,uksouth,Storage,667.0,832.0,14.98,99.94,0,87.85,4.1,3.18,0,0,87.66,691.25287
2024-04-19,eastus,Compute,2487.0,3284.0,208.96,99.88,0,99.11,4.09,1.36,0,0,77.41,2182.3586
2024-04-19,eastus,Storage,763.0,,16.54,99.93,0,113.27,3.47,1.46,0,0,60.81,1187.4757
2024-04-19,westeurope,Compute,1456.0,2009.0,128.78,99.86,0,132.9,1.43,3.52,0,0,81.34,817.73517
2024-04-19,westeurope,Storage,626.0,852.0,14.18,99.91,0,88.75,3.24,5.42,0,0,50.27,534.7649
2024-04-19,southeastasia,Compute,359.0,,30.68,99.86,0,98.66,3.52,1.83,0,0,83.55,882.3257
2024-04-19,southeastasia,Storage,849.0,1002.0,18.02,99.86,0,104.0,4.4,5.93,0,0,65.12,1307.5176
2024-04-19,centralus,Compute,1031.0,1223.0,83.27,99.98,0,89.22,3.54,5.58,0,0,61.75,2245.7185
2024-04-19,centralus,Storage,319.0,394.0,7.08,99.96,0,112.81,2.82,0.78,0,0,94.03,1557.9846
2024-04-19,uksouth,Compute,1291.0,1734.0,109.38,99.89,0,129.7,4.16,5.45,0,0,95.94,2237.9287
2024-04-19,uksouth,Storage,840.0,1006.0,17.89,99.94,0,130.7,3.85,2.61,0,0,73.59,1119.2035
2024-04-20,eastus,Compute,1630.0,2111.0,140.84,99.98,1,88.14,1.91,4.51,0,0,72.11,1437.2452
2024-04-20,eastus,Storage,385.0,496.0,8.1,99.99,1,118.11,4.3,4.6,0,0,73.46,1267.2534
2024-04-20,westeurope,Compute,2167.0,2898.0,187.96,99.95,1,100.36,1.5,4.43,0,0,88.22,2240.9326
2024-04-20,westeurope,Storage,,296.0,5.19,99.88,1,125.19,1.79,4.59,0,0,73.81,1762.4175
2024-04-20,southeastasia,Compute,1502.0,1886.0,,99.91,1,124.83,1.49,0.51,0,1,96.74,2243.7483
2024-04-20,southeastasia,Storage,476.0,631.0,10.19,99.94,1,119.37,1.44,2.6,0,0,83.09,2187.5881
2024-04-20,centralus,Compute,609.0,776.0,51.13,99.87,1,98.7,2.3,1.35,0,1,95.79,833.2926
2024-04-20,centralus,Storage,232.0,284.0,5.0,99.91,1,115.89,4.4,3.13,0,0,80.41,2097.4001
2024-04-20,uksouth,Compute,967.0,1166.0,86.29,99.95,1,118.4,3.07,4.26,0,0,89.24,1892.7133
2024-04-20,uksouth,Storage,200.0,,4.28,99.95,1,131.73,1.55,3.37,0,0,97.42,1246.8594
2024-04-21,eastus,Compute,825.0,958.0,68.42,99.96,1,127.32,1.9,1.41,0,0,78.16,1828.9021
2024-04-21,eastus,Storage,638.0,856.0,14.26,99.88,1,88.17,3.54,3.67,0,0,77.6,1266.2367
2024-04-21,westeurope,Compute,1969.0,2502.0,167.88,99.98,1,95.35,3.41,3.11,0,0,87.82,2134.4321
2024-04-21,westeurope,Storage,272.0,,6.14,99.87,1,118.45,1.3,5.91,0,0,62.02,2176.1143
2024-04-21,southeastasia,Compute,1096.0,1503.0,96.8,99.96,1,125.74,2.88,5.28,0,0,94.9,1218.7177
2024-04-21,southeastasia,Storage,596.0,731.0,13.61,99.97,1,107.4,3.28,3.79,0,0,58.45,2239.9692
2024-04-21,centralus,Compute,1181.0,1407.0,104.02,99.97,1,130.68,3.38,1.98,0,0,69.2,1309.4551
2024-04-21,centralus,Storage,955.0,1197.0,20.77,99.94,1,98.61,4.31,2.2,0,0,61.44,2232.3684
2024-04-21,uksouth,Compute,679.0,794.0,60.33,99.9,1,117.24,4.05,3.54,0,0,69.08,1434.1252
2024-04-21,uksouth,Storage,628.0,869.0,13.94,99.97,1,104.37,4.12,2.34,0,0,78.25,1220.559
2024-04-22,eastus,Compute,2457.0,2894.0,205.62,99.98,0,121.85,1.38,3.66,0,1,63.37,1478.2701
2024-04-22,eastus,Storage,936.0,1138.0,21.62,99.93,0,96.1,1.87,1.07,0,0,93.0,1388.0968
2024-04-22,westeurope,Compute,573.0,700.0,50.23,99.98,0,127.35,3.04,5.85,0,0,62.21,1214.6593
2024-04-22,westeurope,Storage,656.0,757.0,15.11,99.9,0,89.15,1.5,2.39,0,0,92.58,1959.3931
2024-04-22,southeastasia,Compute,571.0,692.0,50.34,99.95,0,121.87,4.34,4.4,0,0,55.66,991.307
2024-04-22,southeastasia,Storage,561.0,669.0,11.75,99.91,0,119.4,2.59,1.79,0,0,91.94,1247.6887
2024-04-22,centralus,Compute,2240.0,2977.0,184.17,99.99,0,89.59,4.35,0.59,0,0,98.38,1767.4747
2024-04-22,centralus,Storage,560.0,782.0,11.75,99.86,0,121.58,1.33,0.56,0,0,80.68,786.1124
2024-04-22,uksouth,Compute,,2250.0,138.0,99.85,0,89.36,1.26,2.92,0,0,66.85,1095.7223
2024-04-22,uksouth,Storage,586.0,795.0,12.26,99.99,0,103.8,3.17,0.69,0,0,98.02,2248.9944
2024-04-23,eastus,Compute,801.0,1049.0,68.95,100.8,0,120.49,2.25,4.97,0,0,82.44,1851.7495
2024-04-23,eastus,Storage,944.0,1097.0,20.71,99.97,0,87.62,1.32,5.02,0,0,82.87,1858.7716
2024-04-23,westeurope,Compute,817.0,940.0,70.54,99.95,0,102.17,2.76,1.23,0,0,91.11,1279.7167
2024-04-23,westeurope,Storage,919.0,1143.0,19.68,99.88,0,129.1,1.96,3.42,0,0,67.29,2239.3218
2024-04-23,southeastasia,Compute,570.0,702.0,50.1,99.93,0,93.81,1.98,0.79,0,0,59.15,2241.8645
2024-04-23,southeastasia,Storage,817.0,1064.0,17.93,99.9,0,129.15,2.75,3.0,1,0,72.97,2233.5806
2024-04-23,centralus,Compute,721.0,884.0,63.16,99.95,0,91.18,4.2,1.79,0,0,73.41,1767.4087
2024-04-23,centralus,Storage,286.0,330.0,6.45,99.89,0,103.5,3.12,3.86,0,0,92.92,2190.8499
2024-04-23,uksouth,Compute,499.0,663.0,41.21,99.85,0,133.78,4.36,2.26,0,0,84.36,2237.1655
2024-04-23,uksouth,Storage,332.0,401.0,7.27,99.92,0,112.17,2.66,0.52,0,0,77.83,1799.7556
2024-04-24,eastus,Compute,1929.0,2245.0,156.52,99.95,0,110.68,1.69,5.67,0,0,99.92,1912.1268
2024-04-24,eastus,Storage,695.0,825.0,16.04,99.95,0,126.35,4.44,1.62,0,0,99.55,853.9572
2024-04-24,westeurope,Compute,696.0,945.0,57.17,99.9,0,108.96,1.67,2.79,0,0,58.35,1844.5132
2024-04-24,westeurope,Storage,729.0,946.0,16.37,99.92,0,104.97,4.44,3.13,0,0,63.62,1025.317
2024-04-24,southeastasia,Compute,1330.0,,110.74,99.95,0,117.3,3.38,1.22,0,0,93.44,2101.8376
2024-04-24,southeastasia,Storage,368.0,449.0,,99.96,0,93.41,3.89,3.14,0,1,56.21,1547.609
2024-04-24,centralus,Compute,1360.0,1811.0,117.13,99.89,0,95.76,1.3,2.06,0,0,50.68,1927.5007
2024-04-24,centralus,Storage,967.0,1186.0,,99.95,0,103.96,3.07,5.02,0,0,76.98,1264.1466
2024-04-24,uksouth,Compute,1586.0,2061.0,,99.9,0,91.66,1.65,1.54,0,0,77.28,1681.9331
2024-04-24,uksouth,Storage,439.0,597.0,9.7,99.86,0,105.84,2.48,5.45,0,0,67.74,1120.5975
2024-04-25,eastus,Compute,1545.0,2004.0,130.92,99.9,0,105.88,3.8,1.49,0,0,92.95,1001.9752
2024-04-25,eastus,Storage,237.0,312.0,5.3,99.93,0,90.01,2.19,3.03,0,0,75.58,1952.7754
2024-04-25,westeurope,Compute,2579.0,3413.0,211.35,99.96,0,90.55,2.13,5.32,0,0,58.11,1993.57
2024-04-25,westeurope,Storage,681.0,808.0,14.46,99.93,0,114.51,1.49,2.73,0,0,62.11,2168.1438
2024-04-25,southeastasia,Compute,1666.0,1974.0,145.73,99.93,0,106.19,3.87,1.89,0,0,63.63,647.16254
2024-04-25,southeastasia,Storage,1085.0,1337.0,24.56,99.9,0,93.44,3.84,1.24,0,0,76.14,529.1527
2024-04-25,centralus,Compute,1038.0,1345.0,88.68,99.9,0,105.33,3.71,5.59,0,0,58.79,801.5624
2024-04-25,centralus,Storage,1233.0,1597.0,26.47,99.87,0,110.28,2.43,0.65,0,0,95.15,1332.2128
2024-04-25,uksouth,Compute,1153.0,1599.0,94.28,99.93,0,97.86,2.5,2.28,0,0,74.91,1751.5558
2024-04-25,uksouth,Storage,1024.0,1264.0,22.88,99.94,0,130.45,3.69,5.13,0,0,90.68,813.05536
2024-04-26,eastus,Compute,2285.0,2854.0,197.5,99.9,0,107.54,3.33,2.41,0,0,74.19,2245.5286
2024-04-26,eastus,Storage,485.0,644.0,10.67,99.89,0,118.46,1.48,4.86,0,0,53.04,451.70016
2024-04-26,westeurope,Compute,1289.0,1650.0,,99.98,0,106.23,3.4,3.37,0,0,62.81,1497.7959
2024-04-26,westeurope,Storage,585.0,737.0,13.22,99.91,0,100.03,4.15,4.42,0,0,75.04,848.5266
2024-04-26,southeastasia,Compute,1060.0,,94.06,99.99,0,131.86,4.31,5.02,0,0,72.09,1452.1028
2024-04-26,southeastasia,Storage,319.0,409.0,7.27,99.87,0,107.91,3.32,0.77,1,0,98.25,2237.5295
2024-04-26,centralus,Compute,1212.0,1424.0,103.67,99.89,0,89.24,3.61,2.17,0,0,83.31,1343.2216
2024-04-26,centralus,Storage,628.0,823.0,14.47,99.89,0,122.55,2.56,0.85,0,0,79.82,2240.9492
2024-04-26,uksouth,Compute,1524.0,1802.0,127.0,99.91,0,124.41,2.99,4.53,0,0,61.86,1920.614
2024-04-26,uksouth,Storage,858.0,1043.0,18.29,99.94,0,103.13,3.19,2.7,0,0,92.63,1520.8761
2024-04-27,eastus,Compute,1966.0,2490.0,168.65,99.88,1,90.94,3.15,5.91,0,1,95.64,1897.3365
2024-04-27,eastus,Storage,208.0,256.0,4.79,99.99,1,119.76,2.47,4.63,0,0,56.59,1638.1941
2024-04-27,westeurope,Compute,,445.0,31.83,99.87,1,110.13,1.4,1.23,0,0,55.73,1066.2173
2024-04-27,westeurope,Storage,259.0,335.0,,99.95,1,111.98,4.28,4.28,0,0,76.5,2240.4236
2024-04-27,southeastasia,Compute,1580.0,1965.0,139.85,99.89,1,121.11,3.14,1.45,0,0,58.96,977.3981
2024-04-27,southeastasia,Storage,,527.0,9.26,99.99,1,130.51,1.9,5.42,0,0,94.23,1322.8896
2024-04-27,centralus,Compute,698.0,976.0,58.21,99.88,1,93.65,2.94,1.46,0,0,97.43,1157.736
2024-04-27,centralus,Storage,299.0,413.0,6.5,99.94,1,113.76,3.98,3.25,0,0,57.03,1009.7975
2024-04-27,uksouth,Compute,718.0,978.0,61.99,99.97,1,119.79,2.35,1.14,0,0,53.27,1131.5015
2024-04-27,uksouth,Storage,865.0,1100.0,18.7,99.98,1,132.54,1.38,5.92,0,0,91.85,1258.2627
2024-04-28,eastus,Compute,1246.0,1573.0,107.15,99.86,1,108.74,1.25,4.6,1,0,60.04,1836.5504
2024-04-28,eastus,Storage,883.0,1027.0,20.4,99.85,1,112.74,2.92,2.18,0,0,64.54,1499.3561
2024-04-28,westeurope,Compute,1892.0,2256.0,167.22,99.89,1,110.93,2.77,4.36,0,0,86.89,1194.655
2024-04-28,westeurope,Storage,1136.0,1544.0,25.47,99.95,1,122.38,2.68,5.46,0,0,50.34,1832.2596
2024-04-28,southeastasia,Compute,1661.0,2272.0,138.76,99.87,1,90.21,4.4,5.76,0,0,63.71,1009.37976
2024-04-28,southeastasia,Storage,478.0,667.0,10.12,99.98,1,103.7,3.05,5.87,0,0,89.54,2122.9092
2024-04-28,centralus,Compute,2026.0,2614.0,172.29,99.88,1,123.16,2.08,5.08,0,0,84.76,2237.1702
2024-04-28,centralus,Storage,867.0,1134.0,18.41,99.96,1,128.07,4.13,5.7,0,0,65.79,2241.8826
2024-04-28,uksouth,Compute,741.0,876.0,65.19,99.92,1,117.02,3.41,2.01,0,0,75.79,701.04376
2024-04-28,uksouth,Storage,189.0,236.0,3.97,99.91,1,134.85,2.73,2.81,0,0,67.69,1449.5028
2024-04-29,eastus,Compute,2772.0,3334.0,234.8,99.92,0,95.26,2.25,4.81,0,0,98.89,1018.1394
2024-04-29,eastus,Storage,986.0,1327.0,21.58,99.98,0,115.57,1.92,2.22,0,0,88.59,827.6672
2024-04-29,westeurope,Compute,2505.0,3233.0,221.88,99.93,0,126.88,2.85,4.94,0,0,59.8,661.7853
2024-04-29,westeurope,Storage,,1329.0,24.47,99.94,0,122.09,3.27,5.67,0,0,97.82,1486.2063
2024-04-29,southeastasia,Compute,1611.0,2043.0,138.74,99.97,0,102.62,3.92,3.26,0,0,88.25,1569.6824
2024-04-29,southeastasia,Storage,387.0,476.0,8.91,99.95,0,129.8,1.89,3.21,0,0,74.68,836.4984
2024-04-29,centralus,Compute,488.0,681.0,40.47,99.97,0,88.82,1.83,4.28,0,1,80.78,1091.523
2024-04-29,centralus,Storage,930.0,1149.0,21.44,99.94,0,96.54,2.75,4.41,0,0,82.39,642.1947
2024-04-29,uksouth,Compute,1413.0,1648.0,125.22,99.87,0,94.99,3.61,3.21,0,0,92.83,527.0658
2024-04-29,uksouth,Storage,,1128.0,18.64,99.98,0,134.2,2.38,2.32,0,0,82.64,1083.8068
2024-04-30,eastus,Compute,6735.0,8832.0,549.84,99.86,0,125.14,3.81,2.62,0,0,68.38,878.0062
2024-04-30,eastus,Storage,512.0,600.0,11.3,99.96,0,117.17,3.44,3.65,0,0,80.28,608.72375
2024-04-30,westeurope,Compute,690.0,961.0,,99.94,0,125.19,2.39,1.65,0,0,96.72,1093.8866
2024-04-30,westeurope,Storage,491.0,653.0,10.53,99.93,0,118.12,3.95,1.41,0,0,71.71,1530.5475
2024-04-30,southeastasia,Compute,1267.0,1594.0,107.67,99.86,0,123.08,1.65,4.1,0,0,64.78,1233.0189
2024-04-30,southeastasia,Storage,,652.0,10.77,99.86,0,103.24,2.55,0.71,0,0,77.39,1196.2871
2024-04-30,centralus,Compute,2388.0,3082.0,195.27,99.87,0,112.14,2.54,3.05,0,0,95.53,1959.273
2024-04-30,centralus,Storage,460.0,544.0,10.05,99.9,0,109.76,3.22,2.31,0,0,91.93,1307.5824
2024-04-30,uksouth,Compute,1815.0,2369.0,160.61,99.94,0,128.21,2.92,4.29,0,0,74.13,2235.0728
2024-04-30,uksouth,Storage,600.0,716.0,12.55,99.86,0,104.27,1.85,0.71,0,0,86.78,978.26624
2024-05-01,eastus,Compute,1310.0,1558.0,106.78,99.87,0,92.03,3.28,1.36,0,0,62.42,404.65662
2024-05-01,eastus,Storage,238.0,,5.13,100.8,0,134.05,3.93,5.27,0,0,90.45,1556.7609
2024-05-01,westeurope,Compute,2386.0,2890.0,,99.99,0,87.0,2.57,3.21,0,0,77.88,1256.4342
2024-05-01,westeurope,Storage,681.0,851.0,14.58,99.96,0,95.11,1.46,3.06,0,0,85.02,1365.7252
2024-05-01,southeastasia,Compute,855.0,1013.0,69.97,100.8,0,96.84,1.27,4.37,0,0,93.11,2098.001
2024-05-01,southeastasia,Storage,697.0,834.0,14.62,99.97,0,106.2,2.11,5.71,0,0,58.87,843.7838
2024-05-01,centralus,Compute,1566.0,,135.93,99.95,0,115.62,2.8,5.74,0,0,75.75,1419.8982
2024-05-01,centralus,Storage,788.0,945.0,18.17,99.92,0,95.32,3.99,2.81,0,0,65.46,423.67105
2024-05-01,uksouth,Compute,1842.0,2522.0,162.81,99.89,0,90.26,2.56,4.87,0,0,62.24,408.1107
2024-05-01,uksouth,Storage,540.0,,11.59,99.95,0,102.56,2.02,3.6,0,0,52.05,1118.5923
2024-05-02,eastus,Compute,1728.0,2005.0,144.58,99.85,0,110.34,3.69,5.76,0,0,67.35,1002.16125
2024-05-02,eastus,Storage,222.0,261.0,,99.96,0,107.84,2.57,1.23,0,0,70.85,653.0686
2024-05-02,westeurope,Compute,2089.0,2600.0,181.59,99.9,0,112.78,3.91,3.4,0,0,77.97,1355.7493
2024-05-02,westeurope,Storage,1332.0,1682.0,29.36,99.95,0,107.83,3.25,5.56,0,0,72.81,1012.25543
2024-05-02,southeastasia,Compute,354.0,429.0,31.44,99.89,0,94.15,2.03,4.32,0,0,70.72,1198.1147
2024-05-02,southeastasia,Storage,781.0,977.0,17.63,99.89,0,127.87,2.12,4.52,0,0,63.13,1510.1168
2024-05-02,centralus,Compute,1400.0,1669.0,115.04,99.95,0,93.5,1.26,0.84,1,0,93.26,2240.6035
2024-05-02,centralus,Storage,1207.0,1626.0,26.08,99.99,0,106.82,3.21,3.27,0,0,54.65,1115.496
2024-05-02,uksouth,Compute,1911.0,2589.0,158.96,99.97,0,125.22,2.81,5.66,0,0,94.99,1350.0167
2024-05-02,uksouth,Storage,335.0,428.0,7.03,99.95,0,92.09,1.9,3.59,0,0,91.14,1619.5613
2024-05-03,eastus,Compute,1620.0,2235.0,140.16,99.95,0,133.63,1.39,4.09,0,0,73.01,2104.8914
2024-05-03,eastus,Storage,1263.0,1528.0,29.02,99.93,0,102.66,3.57,3.23,1,0,53.32,987.0028
2024-05-03,westeurope,Compute,2293.0,2709.0,201.67,99.9,0,109.36,4.48,4.23,0,0,62.85,617.50104
2024-05-03,westeurope,Storage,787.0,950.0,17.03,99.89,0,106.37,3.83,2.33,0,0,90.55,1184.9379
2024-05-03,southeastasia,Compute,,1606.0,111.51,99.88,0,107.78,4.22,2.42,0,0,57.27,2185.5664
2024-05-03,southeastasia,Storage,246.0,288.0,5.32,99.91,0,115.13,3.85,5.87,0,0,56.74,1296.8778
2024-05-03,centralus,Compute,1399.0,1626.0,122.98,99.95,0,99.54,3.57,1.95,0,0,51.61,1707.1078
2024-05-03,centralus,Storage,1183.0,1635.0,27.17,99.95,0,94.58,2.23,1.96,0,0,93.49,1311.4303
2024-05-03,uksouth,Compute,470.0,600.0,40.61,99.87,0,100.01,2.13,3.16,0,0,92.94,1431.9471
2024-05-03,uksouth,Storage,420.0,510.0,9.35,99.86,0,130.47,1.79,2.91,0,0,66.35,434.94165
2024-05-04,eastus,Compute,1818.0,2174.0,155.13,99.92,1,116.58,4.39,1.16,0,0,95.2,1441.9655
2024-05-04,eastus,Storage,1061.0,1272.0,23.46,99.96,1,131.85,2.19,4.37,0,0,96.05,1196.7411
2024-05-04,westeurope,Compute,,977.0,58.32,99.91,1,110.79,2.53,5.43,0,0,96.33,1831.0101
2024-05-04,westeurope,Storage,928.0,1188.0,19.54,99.95,1,133.13,2.71,3.33,0,0,96.39,987.7992
2024-05-04,southeastasia,Compute,1377.0,1653.0,116.55,99.89,1,96.2,4.03,4.43,0,0,78.65,1241.4224
2024-05-04,southeastasia,Storage,358.0,435.0,7.9,99.94,1,111.02,4.16,1.25,0,0,71.5,421.37018
2024-05-04,centralus,Compute,1444.0,1735.0,122.83,99.95,1,125.28,2.13,3.12,0,0,71.74,1596.0457
2024-05-04,centralus,Storage,878.0,1172.0,19.87,99.95,1,132.6,3.61,1.16,0,0,69.85,835.2556
2024-05-04,uksouth,Compute,1114.0,1311.0,92.7,99.95,1,95.29,4.4,0.53,0,0,63.71,1737.7657
2024-05-04,uksouth,Storage,190.0,265.0,3.97,99.92,1,126.87,2.15,5.98,0,0,76.42,1132.0527
2024-05-05,eastus,Compute,1740.0,2340.0,151.29,99.9,1,109.77,2.79,2.89,0,0,97.76,845.2341
2024-05-05,eastus,Storage,507.0,647.0,11.33,99.98,1,122.59,2.89,5.07,0,0,86.22,715.11163
2024-05-05,westeurope,Compute,503.0,595.0,41.59,99.98,1,95.34,2.31,1.85,0,0,91.88,1800.2555
2024-05-05,westeurope,Storage,364.0,430.0,7.82,99.94,1,95.34,3.38,5.84,0,0,97.46,1384.9879
2024-05-05,southeastasia,Compute,1142.0,,99.87,99.86,1,129.36,1.6,1.58,0,0,61.34,1236.702
2024-05-05,southeastasia,Storage,720.0,1004.0,16.25,100.8,1,116.38,4.29,2.22,0,0,94.03,1403.1877
2024-05-05,centralus,Compute,1204.0,1489.0,97.22,99.89,1,124.07,1.29,1.62,0,0,99.33,390.2486
2024-05-05,centralus,Storage,850.0,1037.0,18.75,99.95,1,126.06,2.22,2.38,0,0,84.37,439.3325
2024-05-05,uksouth,Compute,447.0,,38.31,99.85,1,121.65,3.85,1.17,0,0,97.44,854.9305
2024-05-05,uksouth,Storage,223.0,276.0,5.04,99.89,1,104.54,2.45,5.52,1,0,96.42,691.04944
2024-05-06,eastus,Compute,554.0,773.0,44.78,100.8,0,117.8,2.43,1.1,0,0,96.17,1040.5361
2024-05-06,eastus,Storage,649.0,904.0,13.67,99.96,0,114.67,2.46,4.84,0,0,75.02,1293.3406
2024-05-06,westeurope,Compute,1575.0,1821.0,135.65,99.9,0,111.17,1.88,3.62,0,0,83.84,581.21686
2024-05-06,westeurope,Storage,261.0,336.0,6.01,99.85,0,88.46,4.2,4.55,0,0,98.74,1396.1493
2024-05-06,southeastasia,Compute,1505.0,1971.0,132.09,99.91,0,107.09,2.15,5.79,0,0,66.36,444.34326
2024-05-06,southeastasia,Storage,441.0,512.0,9.58,99.97,0,124.07,3.87,1.72,0,0,82.56,1657.7998
2024-05-06,centralus,Compute,478.0,589.0,39.52,99.93,0,111.49,3.9,2.77,0,0,82.48,1131.8901
2024-05-06,centralus,Storage,1163.0,1471.0,26.47,99.93,0,124.56,2.73,5.89,0,0,90.64,1260.0981
2024-05-06,uksouth,Compute,810.0,1015.0,,99.96,0,116.53,3.74,4.79,0,0,86.32,271.7867
2024-05-06,uksouth,Storage,223.0,284.0,4.9,99.9,0,127.36,2.19,1.88,0,0,59.97,1570.8043
2024-05-07,eastus,Compute,1575.0,2122.0,129.07,99.85,0,89.06,3.43,1.07,0,0,67.88,1775.4669
2024-05-07,eastus,Storage,1437.0,1906.0,30.14,99.9,0,103.62,4.07,0.97,0,0,69.28,1643.8177
2024-05-07,westeurope,Compute,1867.0,2206.0,163.28,99.9,0,129.92,4.22,2.53,0,0,54.31,867.9731
2024-05-07,westeurope,Storage,1490.0,1836.0,33.1,99.96,0,115.5,1.43,1.83,0,0,51.23,1850.2102
2024-05-07,southeastasia,Compute,1499.0,,127.64,99.99,0,120.03,4.13,5.85,0,0,95.7,310.48685
2024-05-07,southeastasia,Storage,176.0,238.0,4.02,99.94,0,87.59,4.4,4.78,0,0,54.88,1104.6006
2024-05-07,centralus,Compute,525.0,643.0,44.8,99.93,0,112.84,2.56,5.93,0,0,82.39,829.1145
2024-05-07,centralus,Storage,671.0,890.0,15.23,99.99,0,127.45,1.63,3.51,0,0,73.78,935.9336
2024-05-07,uksouth,Compute,2764.0,3397.0,244.53,99.86,0,129.01,2.2,3.24,0,0,99.0,2240.0332
2024-05-07,uksouth,Storage,255.0,355.0,5.73,99.98,0,119.7,1.63,1.93,0,0,82.28,667.10815
2024-05-08,eastus,Compute,1673.0,2293.0,144.06,99.93,0,118.62,2.94,2.96,0,0,88.79,928.59375
2024-05-08,eastus,Storage,2298.0,2954.0,50.93,99.92,0,103.0,4.16,3.15,0,0,89.35,2012.0168
2024-05-08,westeurope,Compute,1185.0,1576.0,101.34,99.93,0,100.57,2.98,2.61,0,0,64.95,1133.9268
2024-05-08,westeurope,Storage,1335.0,1669.0,,99.91,0,122.36,2.26,1.06,0,0,97.02,1212.2826
2024-05-08,southeastasia,Compute,,1027.0,74.36,99.9,0,116.9,1.77,3.7,1,0,79.52,1209.3956
2024-05-08,southeastasia,Storage,1353.0,1606.0,30.28,99.9,0,132.72,4.15,4.98,0,0,70.44,369.42575
2024-05-08,centralus,Compute,1845.0,2165.0,152.64,99.86,0,87.87,4.25,3.89,0,0,98.57,1673.979
2024-05-08,centralus,Storage,941.0,,21.03,99.9,0,128.26,3.78,4.46,1,0,85.92,739.4956
2024-05-08,uksouth,Compute,1949.0,2715.0,160.2,99.92,0,87.09,4.01,5.71,0,0,62.44,730.4763
2024-05-08,uksouth,Storage,178.0,216.0,4.0,99.92,0,91.12,4.26,3.73,0,0,88.25,1200.1239
2024-05-09,eastus,Compute,1136.0,1468.0,94.71,99.92,0,100.9,2.84,5.13,0,1,57.75,1591.9923
2024-05-09,eastus,Storage,494.0,,11.12,99.94,0,134.98,1.77,2.39,0,0,59.79,645.6818
2024-05-09,westeurope,Compute,1208.0,1517.0,106.94,99.94,0,112.08,3.11,5.07,1,0,51.46,1181.2177
2024-05-09,westeurope,Storage,429.0,522.0,9.87,99.93,0,110.14,1.54,5.76,0,1,89.65,1309.4987
2024-05-09,southeastasia,Compute,1020.0,1385.0,90.64,99.95,0,100.48,2.03,4.81,0,0,54.34,643.2006
2024-05-09,southeastasia,Storage,582.0,730.0,12.76,99.95,0,103.26,1.36,5.53,0,0,68.1,1184.3965
2024-05-09,centralus,Compute,1064.0,1244.0,,99.88,0,114.7,3.21,3.96,0,0,76.87,1256.4937
2024-05-09,centralus,Storage,898.0,1084.0,19.73,99.88,0,95.32,4.0,5.64,0,1,94.51,821.19
2024-05-09,uksouth,Compute,1897.0,2475.0,167.92,99.99,0,108.3,2.75,5.29,0,0,80.95,1342.8481
2024-05-09,uksouth,Storage,1117.0,1448.0,24.48,99.87,0,124.58,3.47,5.68,0,0,67.49,494.78558
2024-05-10,eastus,Compute,2784.0,3731.0,231.55,99.92,0,133.95,1.26,3.35,0,0,91.72,1555.9736
2024-05-10,eastus,Storage,696.0,806.0,14.85,99.88,0,89.49,2.94,5.86,0,0,89.15,1219.8481
2024-05-10,westeurope,Compute,727.0,,59.08,99.91,0,91.12,3.91,5.01,0,0,86.0,1405.4146
2024-05-10,westeurope,Storage,1297.0,1553.0,28.1,99.86,0,87.78,2.1,3.61,0,0,77.29,513.4372
2024-05-10,southeastasia,Compute,1046.0,1375.0,84.99,99.96,0,116.11,2.79,5.85,0,0,63.96,569.49084
2024-05-10,southeastasia,Storage,,382.0,7.05,99.99,0,90.18,4.4,4.76,0,0,87.2,2216.9856
2024-05-10,centralus,Compute,1911.0,2429.0,160.11,99.94,0,111.41,4.0,3.56,0,0,53.69,401.05023
2024-05-10,centralus,Storage,965.0,1308.0,21.09,99.95,0,108.13,1.42,4.09,0,0,85.1,649.1631
2024-05-10,uksouth,Compute,1587.0,1870.0,133.44,99.89,0,116.9,3.71,5.8,0,0,76.19,640.01
2024-05-10,uksouth,Storage,1019.0,1294.0,21.5,99.91,0,134.66,1.9,2.68,0,0,98.39,1243.4714
2024-05-11,eastus,Compute,,1343.0,97.94,99.92,1,134.71,1.31,3.54,0,0,61.49,1151.9884
2024-05-11,eastus,Storage,1045.0,1387.0,22.04,99.89,1,90.06,3.6,3.98,0,0,84.82,526.4314
2024-05-11,westeurope,Compute,,1841.0,121.52,99.85,1,132.55,3.56,5.97,0,0,67.61,1530.7108
2024-05-11,westeurope,Storage,909.0,1189.0,20.95,99.88,1,134.64,2.98,5.77,0,0,97.22,1136.358
2024-05-11,southeastasia,Compute,1524.0,1999.0,126.0,99.95,1,112.38,2.79,1.79,0,0,75.26,458.99017
2024-05-11,southeastasia,Storage,734.0,968.0,15.62,99.91,1,98.83,2.34,1.72,0,0,93.62,1204.1211
2024-05-11,centralus,Compute,1174.0,,96.98,99.91,1,132.41,4.01,3.47,0,0,91.79,1354.479
2024-05-11,centralus,Storage,756.0,979.0,17.43,99.97,1,85.83,1.25,3.18,0,0,66.92,495.0489
2024-05-11,uksouth,Compute,1479.0,1763.0,125.66,99.99,1,104.1,2.81,4.0,0,0,54.01,312.8037
2024-05-11,uksouth,Storage,378.0,462.0,8.59,99.97,1,100.32,4.2,2.27,0,0,64.4,1512.0568
2024-05-12,eastus,Compute,687.0,910.0,59.46,99.99,1,133.61,2.79,4.12,0,0,77.92,940.07526
2024-05-12,eastus,Storage,1101.0,,23.07,99.93,1,126.24,2.96,1.9,1,1,91.06,1005.93646
2024-05-12,westeurope,Compute,470.0,569.0,39.26,99.96,1,109.84,2.71,3.98,0,0,89.93,1661.218
2024-05-12,westeurope,Storage,502.0,,11.03,99.93,1,125.91,3.62,5.95,0,0,55.55,251.93861
2024-05-12,southeastasia,Compute,612.0,740.0,51.47,99.96,1,112.03,4.05,1.8,0,0,89.96,955.68427
2024-05-12,southeastasia,Storage,299.0,383.0,6.71,100.8,1,125.66,3.53,3.27,0,0,67.61,1393.4446
2024-05-12,centralus,Compute,660.0,862.0,54.74,99.93,1,104.24,2.51,1.62,0,0,62.17,384.51328
2024-05-12,centralus,Storage,280.0,345.0,6.46,99.86,1,89.27,1.34,1.82,0,0,72.25,1032.1614
2024-05-12,uksouth,Compute,472.0,555.0,41.37,99.9,1,110.01,3.78,2.75,1,0,94.32,1063.1311
2024-05-12,uksouth,Storage,322.0,377.0,,99.85,1,111.7,3.95,3.69,0,0,84.37,1571.8176
2024-05-13,eastus,Compute,2566.0,3243.0,209.56,99.9,0,99.02,2.89,1.4,0,0,86.77,705.63513
2024-05-13,eastus,Storage,1374.0,1886.0,30.09,99.93,0,118.86,2.83,1.4,0,0,84.18,555.22797
2024-05-13,westeurope,Compute,1008.0,1290.0,83.85,99.96,0,106.29,3.35,5.99,1,0,77.94,932.3969
2024-05-13,westeurope,Storage,754.0,872.0,16.88,99.89,0,128.39,2.89,4.8,0,0,59.5,1037.5862
2024-05-13,southeastasia,Compute,937.0,1242.0,76.82,99.98,0,125.3,2.29,3.69,0,0,99.46,449.87286
2024-05-13,southeastasia,Storage,465.0,645.0,10.25,99.88,0,89.72,1.72,3.76,0,0,65.13,1145.7764
2024-05-13,centralus,Compute,1550.0,1883.0,131.74,99.89,0,113.22,3.87,5.7,0,0,67.9,1214.9895
2024-05-13,centralus,Storage,189.0,257.0,4.32,99.93,0,114.21,3.46,3.63,0,0,66.1,1187.9785
2024-05-13,uksouth,Compute,934.0,1220.0,81.66,99.91,0,130.32,2.72,0.66,0,0,61.23,1147.419
2024-05-13,uksouth,Storage,933.0,1138.0,21.33,99.91,0,104.24,4.02,5.8,1,0,78.3,1664.6719
2024-05-14,eastus,Compute,,2702.0,186.96,99.89,0,91.51,3.96,2.29,0,0,92.12,1591.8004
2024-05-14,eastus,Storage,277.0,367.0,6.32,99.98,0,118.47,3.78,1.62,0,0,58.54,1291.5284
2024-05-14,westeurope,Compute,901.0,1092.0,78.32,99.97,0,85.76,3.97,1.69,1,0,89.44,888.429
2024-05-14,westeurope,Storage,687.0,792.0,15.01,99.94,0,94.05,2.96,2.29,0,0,80.91,1342.0128
2024-05-14,southeastasia,Compute,759.0,986.0,63.43,99.96,0,87.0,2.0,2.22,0,0,81.25,670.5423
2024-05-14,southeastasia,Storage,452.0,604.0,10.06,99.96,0,106.99,3.05,2.88,0,0,62.62,1004.2683
2024-05-14,centralus,Compute,1777.0,2227.0,151.85,100.8,0,95.61,1.96,4.41,0,0,72.66,1287.1453
2024-05-14,centralus,Storage,351.0,,,99.9,0,98.34,3.03,1.43,0,0,84.7,866.01495
2024-05-14,uksouth,Compute,830.0,976.0,,99.92,0,99.12,3.99,3.81,0,0,82.09,724.698
2024-05-14,uksouth,Storage,337.0,,7.56,99.94,0,92.63,3.0,1.21,0,0,81.05,498.42966
2024-05-15,eastus,Compute,1980.0,2643.0,165.0,99.9,0,91.59,3.44,2.42,0,0,50.62,1091.291
2024-05-15,eastus,Storage,1273.0,1497.0,28.26,99.94,0,124.45,2.8,0.7,0,0,65.92,760.7845
2024-05-15,westeurope,Compute,1459.0,1845.0,127.09,99.87,0,86.65,2.36,5.1,0,0,52.58,529.18933
2024-05-15,westeurope,Storage,1063.0,1318.0,23.39,100.8,0,133.23,4.14,5.53,0,0,97.32,1125.7797
2024-05-15,southeastasia,Compute,,659.0,45.05,99.96,0,93.47,2.81,3.94,0,0,91.95,817.5342
2024-05-15,southeastasia,Storage,794.0,1016.0,17.86,99.91,0,107.83,3.37,4.25,0,0,62.95,412.61407
2024-05-15,centralus,Compute,1618.0,2160.0,,99.89,0,90.76,1.28,4.07,0,0,58.37,455.00125
2024-05-15,centralus,Storage,1154.0,1592.0,26.24,99.89,0,132.6,1.87,1.65,0,0,88.08,1015.8661
2024-05-15,uksouth,Compute,938.0,1279.0,76.67,99.92,0,121.97,3.45,1.07,0,0,79.22,785.0894
2024-05-15,uksouth,Storage,,1113.0,19.79,99.9,0,92.28,3.73,3.31,0,0,87.04,1029.7051
2024-05-16,eastus,Compute,1070.0,,94.66,99.89,0,92.52,2.63,3.33,0,0,86.87,1411.0374
2024-05-16,eastus,Storage,908.0,1128.0,19.51,99.85,0,106.21,2.51,3.03,1,0,55.91,783.1117
2024-05-16,westeurope,Compute,2308.0,3053.0,201.74,99.92,0,87.8,1.61,5.84,0,0,61.02,305.36658
2024-05-16,westeurope,Storage,801.0,,18.13,99.97,0,106.9,1.48,3.18,0,0,74.86,482.66174
2024-05-16,southeastasia,Compute,787.0,1073.0,68.64,99.9,0,133.88,3.95,1.99,0,0,84.48,1396.752
2024-05-16,southeastasia,Storage,1009.0,1268.0,22.2,99.9,0,89.54,4.47,0.98,0,0,63.84,1263.4818
2024-05-16,centralus,Compute,681.0,895.0,58.78,99.92,0,97.96,2.57,2.0,0,0,57.56,1269.598
2024-05-16,centralus,Storage,1160.0,1575.0,26.52,99.98,0,94.41,3.57,4.04,1,0,60.36,531.9833
2024-05-16,uksouth,Compute,,680.0,43.58,99.89,0,102.24,3.94,4.44,0,0,67.39,720.0262
2024-05-16,uksouth,Storage,1087.0,1408.0,,99.9,0,123.43,2.77,4.58,0,0,81.16,1304.5424
2024-05-17,eastus,Compute,1114.0,1507.0,90.83,99.88,0,131.23,1.76,2.99,0,0,93.35,2236.697
2024-05-17,eastus,Storage,276.0,385.0,6.36,99.97,0,113.28,2.19,4.48,0,0,80.66,953.60315
2024-05-17,westeurope,Compute,1688.0,2020.0,,99.92,0,110.44,3.18,4.83,0,0,94.99,1188.229
2024-05-17,westeurope,Storage,580.0,742.0,,99.92,0,131.66,3.3,3.16,0,0,66.66,1557.0848
2024-05-17,southeastasia,Compute,,1064.0,73.93,99.97,0,128.67,1.44,1.56,0,0,70.12,1168.2266
2024-05-17,southeastasia,Storage,916.0,1173.0,20.85,99.91,0,117.99,2.7,0.66,0,0,86.51,1367.8375
2024-05-17,centralus,Compute,1632.0,2251.0,137.16,99.97,0,116.31,3.82,0.67,0,0,68.49,1768.8281
2024-05-17,centralus,Storage,1143.0,1527.0,24.24,99.87,0,87.13,2.66,4.06,0,0,96.63,372.98413
2024-05-17,uksouth,Compute,1584.0,2085.0,134.05,99.94,0,132.95,4.44,5.15,0,0,63.94,909.005
2024-05-17,uksouth,Storage,1014.0,1387.0,22.17,100.8,0,120.83,2.31,1.15,0,0,66.05,613.24146
2024-05-18,eastus,Compute,601.0,716.0,49.65,99.88,1,131.19,1.73,2.77,0,0,55.45,835.33575
2024-05-18,eastus,Storage,803.0,1094.0,17.41,99.95,1,101.12,4.35,1.55,0,0,76.74,937.29297
2024-05-18,westeurope,Compute,1045.0,1249.0,91.44,99.94,1,126.92,2.58,3.71,0,0,81.55,1323.62
2024-05-18,westeurope,Storage,636.0,880.0,13.44,99.96,1,112.48,3.72,0.99,0,0,90.75,450.2434
2024-05-18,southeastasia,Compute,1202.0,1495.0,104.38,99.87,1,93.13,2.98,3.52,0,0,78.19,1226.5098
2024-05-18,southeastasia,Storage,530.0,692.0,12.12,99.91,1,85.09,3.72,3.61,1,0,96.55,1201.0048
2024-05-18,centralus,Compute,553.0,667.0,49.33,99.85,1,113.8,3.46,1.5,0,1,96.3,664.9691
2024-05-18,centralus,Storage,710.0,925.0,14.84,99.9,1,123.4,1.53,3.82,0,0,91.23,784.82275
2024-05-18,uksouth,Compute,1358.0,1856.0,117.35,99.92,1,119.76,2.7,4.1,0,1,60.95,1477.1049
2024-05-18,uksouth,Storage,761.0,974.0,17.05,99.92,1,126.85,2.45,4.3,0,0,55.69,1218.9344
2024-05-19,eastus,Compute,1592.0,2110.0,141.45,99.86,1,94.19,3.46,5.15,0,0,83.99,1283.7804
2024-05-19,eastus,Storage,318.0,,7.07,99.88,1,101.62,3.22,0.94,0,0,57.19,1521.457
2024-05-19,westeurope,Compute,821.0,,69.98,99.93,1,108.17,4.06,3.56,0,0,95.47,1079.1256
2024-05-19,westeurope,Storage,588.0,745.0,13.48,99.91,1,121.32,3.21,3.95,0,0,82.1,924.7794
2024-05-19,southeastasia,Compute,,1359.0,93.46,99.91,1,92.34,2.87,0.71,0,0,75.88,946.35767
2024-05-19,southeastasia,Storage,567.0,714.0,12.83,99.99,1,94.72,1.48,2.42,0,0,72.71,927.2359
2024-05-19,centralus,Compute,877.0,1107.0,73.67,99.99,1,120.58,1.47,1.76,0,1,65.79,1790.3885
2024-05-19,centralus,Storage,686.0,883.0,14.67,99.98,1,121.62,1.6,1.98,0,0,55.85,2217.348
2024-05-19,uksouth,Compute,1045.0,1363.0,87.76,99.91,1,119.01,3.35,2.5,0,0,83.5,1336.3988
2024-05-19,uksouth,Storage,296.0,391.0,6.35,99.91,1,108.0,2.97,5.21,0,0,71.6,839.53033
2024-05-20,eastus,Compute,2095.0,2505.0,175.28,99.92,0,127.17,2.63,4.55,1,0,51.9,1749.8228
2024-05-20,eastus,Storage,1186.0,1626.0,26.35,99.87,0,119.05,1.78,2.43,0,0,84.68,920.4426
2024-05-20,westeurope,Compute,2034.0,2766.0,165.99,99.86,0,98.72,2.45,5.96,0,0,61.27,808.46204
2024-05-20,westeurope,Storage,996.0,1393.0,21.26,99.94,0,134.92,4.32,1.71,0,0,88.17,831.23303
2024-05-20,southeastasia,Compute,1814.0,2303.0,158.48,99.93,0,127.46,1.98,0.63,0,0,53.93,450.7589
2024-05-20,southeastasia,Storage,245.0,287.0,,99.94,0,112.43,3.85,4.21,0,0,75.22,602.8685
2024-05-20,centralus,Compute,2184.0,,194.83,99.95,0,92.69,3.38,2.84,0,0,74.72,1091.586
2024-05-20,centralus,Storage,712.0,944.0,16.04,99.89,0,108.9,2.64,2.44,0,0,81.21,1272.3042
2024-05-20,uksouth,Compute,1303.0,1760.0,112.22,99.91,0,108.18,2.62,1.2,0,0,84.3,815.45483
2024-05-20,uksouth,Storage,186.0,244.0,,99.97,0,126.11,3.55,5.59,0,0,86.77,954.5917
2024-05-21,eastus,Compute,459.0,617.0,38.57,99.89,0,108.18,3.64,2.04,0,0,74.15,1308.6011
2024-05-21,eastus,Storage,,896.0,16.1,99.97,0,85.7,3.83,4.81,0,0,56.91,742.9947
2024-05-21,westeurope,Compute,,1253.0,,99.93,0,96.56,1.73,0.7,0,0,77.41,1946.3827
2024-05-21,westeurope,Storage,997.0,1374.0,21.15,99.86,0,133.37,1.65,3.84,0,0,57.8,423.29868
2024-05-21,southeastasia,Compute,,1780.0,,99.91,0,97.63,3.37,1.95,0,0,74.35,1023.02606
2024-05-21,southeastasia,Storage,450.0,,10.07,99.91,0,88.97,3.17,1.83,0,1,76.06,1194.3622
2024-05-21,centralus,Compute,801.0,,,99.94,0,87.04,2.69,3.83,1,0,76.71,2039.7047
2024-05-21,centralus,Storage,544.0,716.0,11.89,99.88,0,109.55,3.83,4.37,0,0,65.29,1740.7286
2024-05-21,uksouth,Compute,913.0,1268.0,74.29,99.92,0,117.27,4.13,1.98,0,0,70.55,2235.6365
2024-05-21,uksouth,Storage,531.0,687.0,11.11,99.93,0,106.05,3.41,5.44,0,0,57.58,1214.8276
2024-05-22,eastus,Compute,2486.0,3394.0,211.34,99.87,0,98.17,3.07,4.09,0,0,60.49,1383.749
2024-05-22,eastus,Storage,1148.0,,24.24,99.89,0,130.32,3.68,1.78,0,0,98.55,1227.6608
2024-05-22,westeurope,Compute,1227.0,1580.0,105.03,99.94,0,123.96,4.32,4.41,0,0,64.47,1799.0339
2024-05-22,westeurope,Storage,723.0,947.0,16.09,99.86,0,103.06,4.26,1.76,0,0,95.22,1135.0061
2024-05-22,southeastasia,Compute,1735.0,2071.0,149.0,99.98,0,89.38,2.63,1.6,0,0,91.32,435.513
2024-05-22,southeastasia,Storage,194.0,241.0,4.2,99.93,0,91.78,2.11,3.17,0,0,65.5,1268.3926
2024-05-22,centralus,Compute,1029.0,1275.0,87.33,99.93,0,101.57,3.87,3.33,0,0,59.18,1545.8181
2024-05-22,centralus,Storage,412.0,496.0,9.4,99.98,0,89.08,2.92,1.09,0,0,81.33,1271.3246
2024-05-22,uksouth,Compute,391.0,540.0,34.72,99.91,0,88.48,1.24,4.38,0,0,83.11,916.3147
2024-05-22,uksouth,Storage,306.0,358.0,6.45,99.87,0,104.46,2.09,2.54,0,0,91.41,523.4796
2024-05-23,eastus,Compute,2048.0,2414.0,165.68,99.96,0,94.52,1.59,2.0,0,0,77.1,1856.2179
2024-05-23,eastus,Storage,1355.0,1659.0,28.92,99.85,0,89.09,1.82,3.8,0,0,99.02,1104.7068
2024-05-23,westeurope,Compute,946.0,1229.0,,99.93,0,125.1,1.51,4.8,0,0,93.8,2228.5537
2024-05-23,westeurope,Storage,1236.0,1692.0,26.01,99.96,0,116.42,4.39,5.06,0,0,96.13,1734.9281
2024-05-23,southeastasia,Compute,572.0,733.0,49.04,99.96,0,91.02,1.44,3.92,0,0,85.25,1308.3114
2024-05-23,southeastasia,Storage,694.0,924.0,15.51,99.9,0,134.62,2.23,1.86,0,0,54.62,1633.7042
2024-05-23,centralus,Compute,2207.0,2912.0,180.21,99.91,0,120.23,2.39,4.45,0,0,67.73,973.23254
2024-05-23,centralus,Storage,1079.0,1290.0,22.63,99.96,0,88.07,2.64,2.45,0,0,57.56,561.22284
2024-05-23,uksouth,Compute,1701.0,2084.0,146.08,99.98,0,85.36,2.09,4.67,0,0,78.58,2056.5732
2024-05-23,uksouth,Storage,722.0,936.0,16.23,99.88,0,109.69,3.81,2.53,0,0,66.77,2020.5289
2024-05-24,eastus,Compute,2563.0,3104.0,224.57,99.88,0,122.45,4.08,4.99,0,0,66.51,406.9511
2024-05-24,eastus,Storage,470.0,618.0,9.84,99.95,0,101.56,3.95,0.65,0,0,63.29,446.82724
2024-05-24,westeurope,Compute,1224.0,1535.0,106.7,99.91,0,127.55,4.5,5.44,0,0,77.09,1031.9734
2024-05-24,westeurope,Storage,633.0,747.0,14.14,99.98,0,100.0,4.09,1.36,0,0,91.27,1053.0609
2024-05-24,southeastasia,Compute,869.0,1094.0,73.31,99.97,0,131.69,1.76,2.04,0,0,63.23,2240.3047
2024-05-24,southeastasia,Storage,391.0,,8.23,99.92,0,118.64,2.77,1.2,0,0,57.2,867.5832
2024-05-24,centralus,Compute,2102.0,2488.0,184.74,99.96,0,100.83,1.3,2.75,1,0,60.51,2160.2107
2024-05-24,centralus,Storage,434.0,536.0,9.13,99.98,0,131.98,2.55,5.2,0,0,87.23,1720.987
2024-05-24,uksouth,Compute,1424.0,1772.0,124.18,99.96,0,101.9,2.98,1.64,0,0,71.9,2241.8625
2024-05-24,uksouth,Storage,630.0,783.0,14.32,99.92,0,134.46,2.0,1.73,0,0,62.42,1198.4209
2024-05-25,eastus,Compute,1727.0,2140.0,149.67,99.92,1,102.59,1.71,4.16,0,0,99.47,672.37854
2024-05-25,eastus,Storage,559.0,,11.85,99.98,1,114.3,3.84,3.94,0,0,86.97,2241.6985
2024-05-25,westeurope,Compute,,1500.0,108.26,99.89,1,102.28,3.31,3.62,0,0,74.44,1060.7095
2024-05-25,westeurope,Storage,249.0,302.0,5.38,99.88,1,91.49,1.44,4.19,0,0,66.09,2243.6252
2024-05-25,southeastasia,Compute,686.0,903.0,59.86,99.93,1,89.86,2.6,2.24,0,0,58.05,1589.8457
2024-05-25,southeastasia,Storage,389.0,518.0,8.66,99.98,1,93.91,1.74,5.5,0,0,86.99,2096.4272
2024-05-25,centralus,Compute,1502.0,2040.0,131.55,99.88,1,132.01,2.49,0.78,0,0,94.37,855.31824
2024-05-25,centralus,Storage,574.0,737.0,13.12,99.85,1,129.51,2.09,5.29,0,0,99.5,2077.4282
2024-05-25,uksouth,Compute,496.0,601.0,40.47,99.89,1,130.57,2.4,3.96,0,0,88.77,511.03125
2024-05-25,uksouth,Storage,374.0,492.0,7.97,99.98,1,90.28,1.94,0.63,0,0,92.11,1932.9568
2024-05-26,eastus,Compute,488.0,579.0,,99.92,1,106.32,4.48,2.96,0,0,89.9,1838.4766
2024-05-26,eastus,Storage,1128.0,1332.0,24.2,99.94,1,97.31,2.96,1.84,0,0,86.06,451.87946
2024-05-26,westeurope,Compute,,3766.0,244.24,99.98,1,85.01,2.43,1.21,0,0,68.94,1231.4084
2024-05-26,westeurope,Storage,828.0,1048.0,,99.98,1,109.47,4.27,5.95,0,0,51.92,2181.9194
2024-05-26,southeastasia,Compute,814.0,1059.0,66.12,99.89,1,109.86,2.9,5.71,0,0,62.52,935.75946
2024-05-26,southeastasia,Storage,805.0,,16.86,99.92,1,92.86,1.72,4.23,0,0,75.74,2246.9846
2024-05-26,centralus,Compute,1863.0,,162.02,99.98,1,108.81,1.79,1.42,0,0,95.79,1255.3192
2024-05-26,centralus,Storage,800.0,936.0,16.74,99.92,1,101.59,1.49,1.32,0,0,65.95,2241.5159
2024-05-26,uksouth,Compute,1530.0,1939.0,129.04,99.96,1,118.58,3.33,4.43,0,0,82.58,2237.1587
2024-05-26,uksouth,Storage,284.0,394.0,6.34,99.9,1,119.45,1.22,5.73,0,0,83.82,1834.6738
2024-05-27,eastus,Compute,1931.0,2438.0,167.91,99.94,0,94.15,2.11,0.85,0,0,87.14,1246.9446
2024-05-27,eastus,Storage,1123.0,1520.0,23.47,99.9,0,100.73,4.25,2.42,0,1,90.41,552.9002
2024-05-27,westeurope,Compute,1231.0,1641.0,105.23,99.95,0,124.64,3.68,4.13,0,0,78.31,2192.4934
2024-05-27,westeurope,Storage,1914.0,2560.0,41.65,99.92,0,101.78,1.71,5.85,0,0,82.31,1303.8883
2024-05-27,southeastasia,Compute,797.0,952.0,69.48,99.99,0,95.55,1.56,1.99,0,1,72.49,1486.9285
2024-05-27,southeastasia,Storage,467.0,548.0,,99.94,0,91.55,1.77,0.78,0,0,60.03,1468.6785
2024-05-27,centralus,Compute,1137.0,1510.0,93.01,99.92,0,99.86,4.38,1.67,0,0,70.82,950.399
2024-05-27,centralus,Storage,810.0,1073.0,18.4,99.85,0,89.17,4.02,1.68,0,0,93.29,1388.9144
2024-05-27,uksouth,Compute,816.0,1124.0,70.13,99.92,0,113.66,2.73,2.41,0,0,82.3,1940.2201
2024-05-27,uksouth,Storage,767.0,909.0,17.33,99.89,0,103.84,4.48,1.56,0,0,96.59,1663.9939
2024-05-28,eastus,Compute,754.0,973.0,62.46,99.89,0,113.7,2.71,3.29,0,0,99.97,2244.7454
2024-05-28,eastus,Storage,1224.0,1672.0,27.78,99.89,0,108.82,2.47,5.9,0,0,87.3,1777.5621
2024-05-28,westeurope,Compute,1246.0,1704.0,106.92,99.97,0,123.31,2.33,2.77,0,0,77.97,2029.4247
2024-05-28,westeurope,Storage,1140.0,1496.0,24.01,99.97,0,106.04,1.99,0.75,0,0,59.27,1310.4918
2024-05-28,southeastasia,Compute,1241.0,1447.0,104.43,99.95,0,89.72,3.82,4.03,0,0,53.57,1280.0524
2024-05-28,southeastasia,Storage,439.0,520.0,9.43,99.9,0,104.05,1.77,3.19,0,0,51.39,1779.5927
2024-05-28,centralus,Compute,1967.0,2334.0,160.91,99.89,0,114.48,1.2,3.83,0,0,76.15,1530.1937
2024-05-28,centralus,Storage,439.0,514.0,9.2,99.93,0,121.7,3.41,2.69,1,0,69.6,1105.98
2024-05-28,uksouth,Compute,1080.0,1385.0,88.82,99.87,0,122.14,2.65,5.72,0,0,59.41,1994.5474
2024-05-28,uksouth,Storage,568.0,751.0,12.76,99.99,0,86.31,1.46,3.83,0,0,84.68,2231.1367
2024-05-29,eastus,Compute,867.0,1184.0,72.31,99.88,0,105.49,1.22,3.29,0,0,93.77,747.42426
2024-05-29,eastus,Storage,1099.0,1319.0,24.98,99.96,0,114.09,2.25,5.91,0,0,94.02,1631.0538
2024-05-29,westeurope,Compute,923.0,1255.0,79.4,99.91,0,121.02,4.4,5.6,0,0,65.66,2110.243
2024-05-29,westeurope,Storage,854.0,1028.0,17.96,99.97,0,119.23,2.13,2.64,0,0,59.37,2223.221
2024-05-29,southeastasia,Compute,1596.0,2028.0,,99.9,0,121.13,3.94,4.46,0,0,77.09,912.972
2024-05-29,southeastasia,Storage,1906.0,2664.0,43.76,99.98,0,114.68,3.02,3.44,0,0,93.84,1905.9507
2024-05-29,centralus,Compute,1762.0,2330.0,149.27,99.99,0,107.04,2.07,2.33,0,0,83.43,2078.7048
2024-05-29,centralus,Storage,741.0,,15.83,99.99,0,127.93,2.62,5.29,0,0,97.4,1261.9353
2024-05-29,uksouth,Compute,,1552.0,105.18,99.87,0,93.66,3.85,5.24,1,0,67.92,523.43036
2024-05-29,uksouth,Storage,171.0,219.0,3.83,99.97,0,95.52,4.32,4.82,0,0,62.57,992.8565
2024-05-30,eastus,Compute,723.0,899.0,,99.87,0,106.25,4.05,1.99,0,0,97.5,2246.5015
2024-05-30,eastus,Storage,998.0,1249.0,21.89,99.94,0,87.93,3.45,3.48,0,0,99.55,2254.3289
2024-05-30,westeurope,Compute,2528.0,2928.0,221.49,99.97,0,112.65,3.62,3.12,0,0,73.99,1841.2701
2024-05-30,westeurope,Storage,205.0,283.0,4.36,99.97,0,99.92,3.2,0.99,0,0,58.06,2173.8918
2024-05-30,southeastasia,Compute,1730.0,2127.0,149.36,99.92,0,118.33,4.49,3.85,1,0,71.17,2241.7903
2024-05-30,southeastasia,Storage,613.0,825.0,13.89,99.9,0,102.88,3.79,4.28,0,0,68.42,2131.1433
2024-05-30,centralus,Compute,488.0,590.0,42.24,99.86,0,86.11,2.2,5.28,0,0,61.03,2230.5476
2024-05-30,centralus,Storage,572.0,780.0,12.86,99.91,0,97.87,2.48,3.59,1,0,67.19,1522.3264
2024-05-30,uksouth,Compute,1813.0,2323.0,151.26,99.96,0,116.11,3.61,2.93,0,0,62.96,2234.925
2024-05-30,uksouth,Storage,1030.0,1213.0,22.67,99.9,0,96.62,2.49,2.77,0,0,95.4,1907.5758
2024-05-31,eastus,Compute,1659.0,2109.0,,99.92,0,93.18,2.28,2.37,0,0,83.74,879.721
2024-05-31,eastus,Storage,832.0,1156.0,18.74,99.93,0,120.28,3.9,5.09,0,0,58.0,1382.0668
2024-05-31,westeurope,Compute,1671.0,,135.21,99.94,0,130.2,3.46,3.54,0,0,81.32,2242.777
2024-05-31,westeurope,Storage,1000.0,1204.0,23.01,99.87,0,101.7,4.37,5.95,0,0,78.84,1321.5193
2024-05-31,southeastasia,Compute,351.0,469.0,29.72,99.95,0,133.11,4.38,2.96,0,0,90.96,2243.0742
2024-05-31,southeastasia,Storage,,770.0,11.91,99.89,0,90.85,2.31,5.11,0,0,69.83,1024.3169
2024-05-31,centralus,Compute,467.0,652.0,40.65,99.91,0,123.4,1.27,1.68,0,0,56.31,482.1022
2024-05-31,centralus,Storage,915.0,,19.37,99.97,0,124.0,2.21,3.36,0,0,54.55,1540.8169
2024-05-31,uksouth,Compute,1671.0,1930.0,136.05,99.93,0,103.86,1.59,3.11,0,0,83.18,1931.2698
2024-05-31,uksouth,Storage,1098.0,1471.0,23.64,99.91,0,102.25,4.43,5.16,0,0,99.2,1485.7274
2024-06-01,eastus,Compute,482.0,559.0,40.85,99.9,1,99.24,2.09,3.27,1,0,66.26,1145.4105
2024-06-01,eastus,Storage,867.0,1180.0,19.25,99.91,1,116.48,3.05,2.94,0,0,59.22,783.33246
2024-06-01,westeurope,Compute,1192.0,1400.0,97.67,99.94,1,116.66,1.62,5.2,0,0,74.9,845.20496
2024-06-01,westeurope,Storage,952.0,1181.0,20.56,99.94,1,103.18,3.48,1.21,0,0,95.23,828.25464
2024-06-01,southeastasia,Compute,618.0,755.0,50.69,99.87,1,127.23,2.99,2.57,0,0,79.71,906.59357
2024-06-01,southeastasia,Storage,403.0,480.0,8.93,99.95,1,126.17,2.12,3.57,0,0,70.35,2239.743
2024-06-01,centralus,Compute,364.0,491.0,32.12,99.92,1,133.8,1.6,5.78,0,0,92.75,1846.8153
2024-06-01,centralus,Storage,877.0,1046.0,19.96,99.93,1,111.92,2.19,3.25,0,0,81.55,586.1317
2024-06-01,uksouth,Compute,803.0,947.0,70.95,99.95,1,93.43,2.96,2.29,0,0,59.48,1829.1218
2024-06-01,uksouth,Storage,596.0,828.0,13.58,99.91,1,99.72,1.23,1.92,0,0,88.87,2240.328
2024-06-02,eastus,Compute,685.0,931.0,58.63,99.93,1,118.67,1.85,0.88,0,0,77.23,1225.6411
2024-06-02,eastus,Storage,676.0,871.0,14.27,99.94,1,117.65,2.35,2.15,0,0,54.6,1067.148
2024-06-02,westeurope,Compute,1466.0,1723.0,128.16,99.94,1,128.5,2.23,3.59,0,0,59.56,1797.1508
2024-06-02,westeurope,Storage,258.0,,5.52,99.89,1,109.18,4.03,4.05,0,0,78.4,825.6132
2024-06-02,southeastasia,Compute,363.0,437.0,29.75,99.86,1,97.32,3.58,2.54,0,0,57.51,2080.9094
2024-06-02,southeastasia,Storage,442.0,523.0,,99.87,1,104.22,1.88,2.02,0,0,55.04,1452.6135
2024-06-02,centralus,Compute,1126.0,1431.0,91.24,99.99,1,109.32,3.8,3.99,0,0,94.36,577.2911
2024-06-02,centralus,Storage,524.0,607.0,11.08,99.95,1,115.43,3.57,4.03,0,0,90.45,2243.1948
2024-06-02,uksouth,Compute,561.0,752.0,45.51,99.89,1,113.78,1.92,3.8,0,0,87.87,456.1867
2024-06-02,uksouth,Storage,,661.0,12.31,99.95,1,127.3,2.58,3.53,0,0,61.79,1504.3029
2024-06-03,eastus,Compute,2220.0,2818.0,181.49,99.95,0,110.81,2.22,4.15,0,0,76.66,2206.7578
2024-06-03,eastus,Storage,600.0,754.0,12.96,99.9,0,96.68,1.77,4.26,0,0,62.36,1970.7288
2024-06-03,westeurope,Compute,450.0,521.0,38.26,99.92,0,123.08,1.51,3.33,0,0,76.73,563.90375
2024-06-03,westeurope,Storage,1185.0,1522.0,25.12,99.88,0,100.24,3.55,1.31,0,0,83.98,784.71423
2024-06-03,southeastasia,Compute,1075.0,1278.0,95.76,99.95,0,107.61,4.03,1.48,0,0,99.77,733.67377
2024-06-03,southeastasia,Storage,,632.0,9.72,99.87,0,109.63,2.33,3.01,0,0,77.13,2225.5542
2024-06-03,centralus,Compute,679.0,918.0,56.17,99.97,0,116.96,2.46,4.06,0,0,64.07,1294.9475
2024-06-03,centralus,Storage,170.0,208.0,3.81,99.87,0,89.44,3.82,4.0,0,0,65.47,1228.8635
2024-06-03,uksouth,Compute,955.0,1220.0,82.72,99.96,0,108.11,1.99,1.65,0,0,65.88,1891.0591
2024-06-03,uksouth,Storage,417.0,517.0,8.85,99.99,0,125.84,3.27,0.59,0,0,57.9,2220.0579
2024-06-04,eastus,Compute,2234.0,2735.0,192.7,99.89,0,122.4,1.55,2.19,0,0,56.91,719.7476
2024-06-04,eastus,Storage,626.0,728.0,13.76,99.98,0,111.76,2.6,2.1,0,0,99.49,2242.4485
2024-06-04,westeurope,Compute,,6540.0,431.51,99.97,0,115.21,4.37,1.12,0,0,69.94,2117.662
2024-06-04,westeurope,Storage,397.0,515.0,9.12,99.86,0,119.23,2.1,2.0,0,0,61.54,2216.6455
2024-06-04,southeastasia,Compute,637.0,764.0,56.36,99.9,0,108.84,3.55,4.59,1,1,66.08,1220.8099
2024-06-04,southeastasia,Storage,545.0,662.0,12.16,99.95,0,133.68,4.16,0.82,0,0,92.77,471.3979
2024-06-04,centralus,Compute,541.0,736.0,47.78,99.86,0,109.05,4.37,1.32,0,0,56.66,1534.6074
2024-06-04,centralus,Storage,368.0,460.0,8.21,99.9,0,88.16,3.76,5.84,0,0,60.33,1853.7987
2024-06-04,uksouth,Compute,441.0,607.0,36.2,99.96,0,108.66,3.45,3.11,0,0,54.29,1214.4497
2024-06-04,uksouth,Storage,537.0,668.0,,99.92,0,95.8,2.11,1.62,0,0,62.24,1207.7621
2024-06-05,eastus,Compute,670.0,787.0,54.25,99.92,0,123.49,1.93,0.94,0,0,84.72,740.53613
2024-06-05,eastus,Storage,1106.0,1456.0,23.33,99.95,0,105.36,2.74,1.67,0,0,70.05,1256.9171
2024-06-05,westeurope,Compute,2958.0,4042.0,256.59,99.97,0,104.63,3.29,2.63,0,0,60.92,458.70276
2024-06-05,westeurope,Storage,421.0,571.0,9.33,99.86,0,103.24,1.21,3.77,0,0,74.31,1009.5727
2024-06-05,southeastasia,Compute,,830.0,59.45,99.9,0,118.67,2.64,0.73,0,0,93.48,921.7135
2024-06-05,southeastasia,Storage,869.0,1127.0,18.54,99.94,0,125.06,1.87,5.77,0,0,53.35,1483.882
2024-06-05,centralus,Compute,1961.0,2410.0,172.08,99.98,0,126.23,2.51,1.4,0,0,70.07,2238.3267
2024-06-05,centralus,Storage,738.0,892.0,16.76,99.85,0,131.46,3.17,3.2,0,0,91.09,1672.4973
2024-06-05,uksouth,Compute,773.0,962.0,68.16,99.97,0,105.99,2.76,4.26,0,0,86.48,1034.9023
2024-06-05,uksouth,Storage,,790.0,14.17,99.86,0,109.23,2.49,3.74,0,0,63.92,829.67725
2024-06-06,eastus,Compute,482.0,591.0,39.93,99.95,0,107.09,1.87,4.72,0,0,73.4,2025.097
2024-06-06,eastus,Storage,751.0,887.0,16.72,99.94,0,92.37,3.03,5.58,0,0,82.17,1185.6769
2024-06-06,westeurope,Compute,624.0,835.0,53.77,99.92,0,109.53,2.21,1.61,0,0,58.37,1213.5796
2024-06-06,westeurope,Storage,1126.0,1339.0,24.56,99.92,0,89.06,3.18,1.77,0,0,89.37,952.56805
2024-06-06,southeastasia,Compute,536.0,737.0,47.14,99.87,0,131.69,1.66,2.24,0,0,81.36,1193.2654
2024-06-06,southeastasia,Storage,885.0,,19.25,99.89,0,110.33,1.36,1.75,0,0,68.81,1231.338
2024-06-06,centralus,Compute,331.0,,29.45,99.89,0,131.86,2.61,3.05,0,0,63.03,1024.9167
2024-06-06,centralus,Storage,682.0,918.0,15.45,99.96,0,91.86,4.46,4.75,0,0,73.5,1158.8162
2024-06-06,uksouth,Compute,562.0,706.0,48.34,99.87,0,106.0,3.38,4.7,0,0,80.58,1222.0219
2024-06-06,uksouth,Storage,344.0,461.0,7.75,99.96,0,120.14,1.27,1.55,0,0,76.58,975.45764
2024-06-07,eastus,Compute,1222.0,1494.0,103.15,99.94,0,123.36,1.23,4.15,0,0,56.8,2223.408
2024-06-07,eastus,Storage,1138.0,1435.0,25.41,99.93,0,127.03,1.26,5.96,0,0,52.41,1594.7429
2024-06-07,westeurope,Compute,2076.0,2682.0,168.79,99.99,0,112.5,1.71,4.65,0,0,61.17,1160.5758
2024-06-07,westeurope,Storage,1332.0,1685.0,29.37,99.89,0,108.48,1.53,1.47,0,0,50.22,1480.5599
2024-06-07,southeastasia,Compute,,805.0,,99.9,0,101.45,4.03,3.17,0,0,63.45,416.54156
2024-06-07,southeastasia,Storage,,935.0,15.98,99.87,0,89.46,1.3,3.76,0,0,73.05,1831.2815
2024-06-07,centralus,Compute,,1805.0,121.16,99.92,0,107.55,1.92,1.75,0,0,99.3,2243.5713
2024-06-07,centralus,Storage,319.0,,6.77,99.88,0,103.44,2.93,3.57,0,0,53.99,654.1158
2024-06-07,uksouth,Compute,916.0,1178.0,76.56,99.87,0,125.99,1.34,1.5,0,0,79.15,2016.707
2024-06-07,uksouth,Storage,492.0,675.0,10.79,99.91,0,95.34,1.85,5.95,0,0,63.3,422.33072
2024-06-08,eastus,Compute,1114.0,1468.0,90.39,99.93,1,132.5,4.04,0.9,0,0,64.92,1384.1976
2024-06-08,eastus,Storage,669.0,849.0,14.88,99.98,1,113.62,2.08,2.39,0,0,86.98,587.1784
2024-06-08,westeurope,Compute,411.0,544.0,34.16,99.95,1,119.67,3.14,5.94,0,0,86.67,619.7342
2024-06-08,westeurope,Storage,168.0,216.0,3.78,99.9,1,100.95,2.21,4.84,0,1,88.51,1662.1067
2024-06-08,southeastasia,Compute,377.0,502.0,32.12,99.93,1,113.85,2.04,4.71,0,0,74.24,601.7309
2024-06-08,southeastasia,Storage,677.0,807.0,15.49,99.97,1,129.42,2.25,2.24,0,0,69.07,847.06665
2024-06-08,centralus,Compute,2674.0,3541.0,234.03,99.91,1,122.87,3.84,4.26,0,0,91.61,1548.4789
2024-06-08,centralus,Storage,,220.0,,99.94,1,100.55,3.02,4.39,1,0,85.86,816.56647
2024-06-08,uksouth,Compute,1216.0,1558.0,,99.96,1,95.03,3.36,4.13,0,0,74.82,2233.5618
2024-06-08,uksouth,Storage,278.0,326.0,5.9,99.94,1,103.32,1.69,1.17,0,0,93.64,1777.2524
2024-06-09,eastus,Compute,848.0,1150.0,73.35,99.91,1,86.4,4.21,1.75,0,0,79.34,1308.6115
2024-06-09,eastus,Storage,529.0,699.0,11.16,99.89,1,117.08,3.19,4.18,0,0,96.38,641.7251
2024-06-09,westeurope,Compute,,2060.0,127.96,99.97,1,130.13,3.26,5.93,0,0,57.34,1628.5903
2024-06-09,westeurope,Storage,516.0,684.0,11.66,99.85,1,96.68,1.92,3.99,0,0,88.1,1311.9033
2024-06-09,southeastasia,Compute,784.0,1064.0,67.39,99.93,1,98.34,1.87,3.49,0,0,63.93,406.2073
2024-06-09,southeastasia,Storage,550.0,686.0,,99.93,1,112.6,3.07,2.26,0,0,52.29,1250.3685
2024-06-09,centralus,Compute,1678.0,1970.0,140.41,99.86,1,118.22,1.86,4.41,0,0,88.14,958.57043
2024-06-09,centralus,Storage,196.0,251.0,4.16,99.86,1,105.18,4.16,5.6,0,0,52.44,569.0614
2024-06-09,uksouth,Compute,1189.0,1562.0,98.75,99.9,1,133.38,2.61,4.07,0,0,91.88,1211.3704
2024-06-09,uksouth,Storage,782.0,1084.0,16.44,99.89,1,120.15,3.57,3.62,0,0,81.74,1503.3953
2024-06-10,eastus,Compute,1875.0,2439.0,158.01,99.97,0,102.48,3.92,3.76,0,0,63.05,1623.7185
2024-06-10,eastus,Storage,975.0,1322.0,20.65,99.96,0,86.12,2.27,1.58,0,0,75.33,828.3716
2024-06-10,westeurope,Compute,560.0,712.0,48.39,99.97,0,125.34,4.07,5.98,0,0,78.07,1678.9108
2024-06-10,westeurope,Storage,909.0,1102.0,19.08,99.91,0,100.22,2.14,4.49,0,0,53.06,1549.9863
2024-06-10,southeastasia,Compute,,1171.0,79.54,99.98,0,100.65,3.38,5.92,0,0,88.13,1053.7523
2024-06-10,southeastasia,Storage,148.0,190.0,,99.95,0,126.95,1.9,0.81,0,0,63.26,989.985
2024-06-10,centralus,Compute,501.0,603.0,40.92,99.89,0,127.05,3.08,1.01,0,0,70.83,1051.4896
2024-06-10,centralus,Storage,566.0,777.0,12.7,99.94,0,101.89,4.47,4.09,0,0,77.78,1138.1326
2024-06-10,uksouth,Compute,1185.0,1381.0,103.73,99.94,0,119.23,2.01,1.22,0,0,89.05,1027.8383
2024-06-10,uksouth,Storage,,1102.0,20.48,99.89,0,93.54,1.6,2.69,0,0,91.73,1442.2532
2024-06-11,eastus,Compute,2295.0,2825.0,188.6,99.91,0,96.01,2.4,1.83,1,1,75.75,1278.5944
2024-06-11,eastus,Storage,1103.0,1461.0,24.53,99.87,0,113.78,3.81,5.28,0,0,59.5,1266.659
2024-06-11,westeurope,Compute,590.0,792.0,50.81,99.94,0,100.81,1.54,4.47,0,0,86.8,1239.2611
2024-06-11,westeurope,Storage,324.0,400.0,7.13,99.88,0,128.02,3.14,4.6,0,0,65.08,1123.2804
2024-06-11,southeastasia,Compute,1899.0,2223.0,163.51,99.97,0,93.07,4.44,3.93,0,0,83.43,1405.1458
2024-06-11,southeastasia,Storage,,1059.0,17.99,99.91,0,104.78,2.38,2.64,0,0,90.01,941.25836
2024-06-11,centralus,Compute,893.0,1107.0,78.21,99.92,0,96.01,2.67,4.54,0,0,95.7,950.07404
2024-06-11,centralus,Storage,638.0,804.0,,99.89,0,101.45,3.64,5.74,1,0,53.64,1822.4698
2024-06-11,uksouth,Compute,985.0,1328.0,83.19,99.97,0,120.79,1.84,4.27,0,0,61.53,1039.4769
2024-06-11,uksouth,Storage,735.0,958.0,16.29,99.88,0,95.3,4.21,3.43,0,0,52.54,427.84912
2024-06-12,eastus,Compute,1149.0,1386.0,,99.89,0,123.9,2.91,2.28,0,0,71.06,620.3443
2024-06-12,eastus,Storage,1136.0,1392.0,24.4,99.9,0,108.46,1.41,1.08,0,0,66.95,1500.2101
2024-06-12,westeurope,Compute,1808.0,2080.0,148.24,99.85,0,134.4,3.29,3.94,0,0,51.38,1287.1603
2024-06-12,westeurope,Storage,1118.0,1562.0,24.97,99.9,0,95.08,1.95,0.77,0,0,50.56,472.83334
2024-06-12,southeastasia,Compute,1547.0,1923.0,126.04,99.98,0,88.93,1.23,1.99,0,0,90.08,1588.3502
2024-06-12,southeastasia,Storage,152.0,206.0,3.36,99.9,0,131.44,1.44,4.12,0,0,61.72,1618.9811
2024-06-12,centralus,Compute,1137.0,1374.0,92.95,99.9,0,129.63,1.73,2.79,0,0,95.25,1471.4036
2024-06-12,centralus,Storage,953.0,1147.0,21.6,99.87,0,95.91,2.54,1.32,0,0,97.68,840.0952
2024-06-12,uksouth,Compute,1184.0,1451.0,98.18,99.93,0,127.23,2.77,1.12,0,0,58.69,1338.76
2024-06-12,uksouth,Storage,704.0,927.0,15.56,99.9,0,92.95,2.89,4.89,0,0,75.02,1254.1831
2024-06-13,eastus,Compute,770.0,1034.0,65.45,99.92,0,99.94,2.25,1.64,0,0,51.93,1547.1635
2024-06-13,eastus,Storage,851.0,995.0,17.97,99.87,0,86.49,3.72,5.48,0,0,56.78,907.8926
2024-06-13,westeurope,Compute,561.0,784.0,45.58,99.91,0,90.61,1.43,4.54,0,0,97.48,1313.631
2024-06-13,westeurope,Storage,950.0,1138.0,21.77,99.97,0,125.52,4.29,4.93,0,0,75.19,714.1957
2024-06-13,southeastasia,Compute,1578.0,2007.0,,99.89,0,132.79,3.97,2.28,1,0,87.11,539.8529
2024-06-13,southeastasia,Storage,278.0,386.0,5.87,99.93,0,116.82,4.5,5.08,0,0,67.88,1024.4012
2024-06-13,centralus,Compute,1091.0,1421.0,89.93,99.97,0,125.1,2.13,2.94,0,0,89.81,963.9718
2024-06-13,centralus,Storage,1748.0,2286.0,38.56,99.98,0,114.9,4.07,4.64,0,0,80.46,557.0026
2024-06-13,uksouth,Compute,5130.0,6647.0,454.76,99.88,0,129.89,2.97,1.68,0,0,97.97,1288.8177
2024-06-13,uksouth,Storage,637.0,753.0,13.78,99.96,0,105.03,3.23,1.63,0,0,90.99,1171.4287
2024-06-14,eastus,Compute,1479.0,2042.0,130.74,99.9,0,128.29,1.83,3.98,0,0,61.45,775.95557
2024-06-14,eastus,Storage,365.0,,7.66,99.89,0,104.16,1.94,4.05,0,0,59.93,1574.4806
2024-06-14,westeurope,Compute,825.0,1086.0,68.06,99.94,0,128.61,1.47,4.0,0,0,61.88,670.39606
2024-06-14,westeurope,Storage,1056.0,1285.0,22.25,99.91,0,115.51,2.07,5.42,0,0,76.26,365.8283
2024-06-14,southeastasia,Compute,1450.0,1828.0,122.64,99.9,0,102.85,1.45,2.64,0,0,68.51,551.8039
2024-06-14,southeastasia,Storage,433.0,544.0,9.58,99.96,0,112.93,3.37,5.34,0,0,54.72,1546.8821
2024-06-14,centralus,Compute,1089.0,1328.0,,99.88,0,95.93,1.65,4.68,0,0,79.55,1531.0623
2024-06-14,centralus,Storage,541.0,734.0,12.42,99.89,0,113.22,4.14,3.85,0,0,87.35,1354.3142
2024-06-14,uksouth,Compute,907.0,1142.0,75.24,99.92,0,126.49,2.02,1.27,0,0,91.46,1380.4298
2024-06-14,uksouth,Storage,486.0,581.0,,99.98,0,85.49,3.01,0.82,0,0,55.43,1279.2539
2024-06-15,eastus,Compute,1155.0,1371.0,97.27,99.87,1,95.78,4.43,3.81,0,0,69.15,1227.315
2024-06-15,eastus,Storage,435.0,530.0,9.59,99.94,1,117.23,3.05,1.6,0,0,66.1,1539.9169
2024-06-15,westeurope,Compute,1592.0,2132.0,130.73,99.95,1,105.01,3.25,3.39,0,0,57.36,908.0744
2024-06-15,westeurope,Storage,591.0,741.0,13.29,99.89,1,120.51,3.21,2.06,0,0,76.5,1050.3163
2024-06-15,southeastasia,Compute,638.0,890.0,54.0,99.95,1,85.88,2.08,4.47,0,0,84.82,722.94543
2024-06-15,southeastasia,Storage,529.0,656.0,12.11,99.86,1,127.46,2.2,4.13,0,0,52.85,853.54803
2024-06-15,centralus,Compute,891.0,1230.0,79.41,99.9,1,91.98,1.29,5.29,0,0,79.85,802.5076
2024-06-15,centralus,Storage,722.0,891.0,15.5,99.92,1,121.83,2.41,1.75,0,0,51.09,1175.4183
2024-06-15,uksouth,Compute,1254.0,1469.0,110.85,99.87,1,134.84,2.89,4.51,0,0,98.17,698.2271
2024-06-15,uksouth,Storage,368.0,469.0,7.96,99.86,1,95.03,2.86,5.49,0,0,62.22,493.3549
2024-06-16,eastus,Compute,1604.0,1871.0,131.46,99.95,1,91.87,1.21,4.77,0,0,78.88,629.55444
2024-06-16,eastus,Storage,380.0,450.0,8.37,99.87,1,89.54,3.49,3.04,0,0,98.02,1074.3964
2024-06-16,westeurope,Compute,777.0,959.0,64.63,99.94,1,89.84,1.38,4.33,0,0,62.49,627.00934
2024-06-16,westeurope,Storage,554.0,707.0,11.71,99.86,1,130.98,1.76,2.87,0,0,93.22,273.32254
2024-06-16,southeastasia,Compute,544.0,640.0,48.5,99.95,1,85.7,3.58,1.24,0,0,65.49,303.76605
2024-06-16,southeastasia,Storage,235.0,,5.27,99.88,1,94.74,1.75,3.78,0,0,87.34,1407.906
2024-06-16,centralus,Compute,1231.0,1618.0,101.37,99.94,1,109.59,3.39,4.49,0,0,53.49,746.84845
2024-06-16,centralus,Storage,709.0,926.0,15.25,99.88,1,127.43,3.93,2.31,0,0,72.56,422.99893
2024-06-16,uksouth,Compute,1290.0,1576.0,113.52,99.86,1,133.74,3.9,0.51,0,0,84.19,458.061
2024-06-16,uksouth,Storage,,895.0,15.39,99.86,1,114.09,3.05,4.14,0,0,57.75,853.32764
2024-06-17,eastus,Compute,993.0,1299.0,87.91,99.97,0,112.94,2.11,1.92,0,0,77.98,1225.5592
2024-06-17,eastus,Storage,,,20.0,99.92,0,129.74,3.53,4.98,0,0,93.01,315.1273
2024-06-17,westeurope,Compute,2462.0,3031.0,205.39,99.86,0,99.42,2.61,4.35,0,0,80.03,1384.2424
2024-06-17,westeurope,Storage,273.0,325.0,6.16,99.95,0,121.21,2.2,4.97,0,0,81.93,588.192
2024-06-17,southeastasia,Compute,945.0,1321.0,81.03,99.93,0,93.14,2.23,1.55,0,0,67.89,873.29175
2024-06-17,southeastasia,Storage,230.0,281.0,5.09,99.91,0,95.08,2.76,1.41,0,0,61.32,1232.9348
2024-06-17,centralus,Compute,4614.0,5665.0,379.95,99.98,0,129.13,1.38,1.64,0,0,83.42,773.2626
2024-06-17,centralus,Storage,867.0,1155.0,,99.88,0,112.49,4.3,2.46,0,0,83.6,482.69864
2024-06-17,uksouth,Compute,1696.0,2280.0,145.88,99.85,0,126.76,1.6,4.56,0,0,95.03,510.31967
2024-06-17,uksouth,Storage,1546.0,1800.0,35.06,99.86,0,123.91,3.91,2.19,0,0,89.03,1566.3928
2024-06-18,eastus,Compute,1215.0,,100.77,99.89,0,100.92,2.8,5.14,0,0,53.46,549.82855
2024-06-18,eastus,Storage,331.0,462.0,6.95,99.88,0,109.53,3.17,3.93,0,0,97.23,1317.2063
2024-06-18,westeurope,Compute,1772.0,2355.0,154.05,99.95,0,106.81,3.23,3.89,0,0,69.97,750.56995
2024-06-18,westeurope,Storage,3393.0,4625.0,77.27,99.92,0,109.83,2.52,0.75,0,0,57.14,1058.9009
2024-06-18,southeastasia,Compute,687.0,827.0,,99.9,0,122.98,3.31,3.14,0,0,89.17,1724.4166
2024-06-18,southeastasia,Storage,549.0,638.0,12.29,99.85,0,111.39,2.08,2.22,0,0,73.77,814.6586
2024-06-18,centralus,Compute,486.0,633.0,41.8,99.86,0,121.45,3.55,1.14,0,0,87.31,979.1568
2024-06-18,centralus,Storage,636.0,793.0,13.85,99.96,0,107.98,1.44,1.86,0,0,93.11,453.4268
2024-06-18,uksouth,Compute,701.0,835.0,57.34,99.94,0,130.7,4.38,5.97,0,0,80.68,1376.762
2024-06-18,uksouth,Storage,952.0,1271.0,20.25,99.88,0,132.23,3.97,5.0,0,0,81.24,1562.8511
2024-06-19,eastus,Compute,2160.0,2835.0,179.9,99.92,0,109.85,1.63,2.55,0,0,52.78,1097.5784
2024-06-19,eastus,Storage,599.0,729.0,13.68,99.97,0,118.68,4.09,1.55,0,0,99.48,1242.4945
2024-06-19,westeurope,Compute,,2033.0,122.83,99.93,0,134.93,3.47,3.33,0,0,64.69,1237.0499
2024-06-19,westeurope,Storage,747.0,960.0,,100.8,0,124.85,3.52,5.87,0,0,51.06,1100.6244
2024-06-19,southeastasia,Compute,829.0,1084.0,68.48,99.89,0,103.06,3.01,3.56,0,0,88.6,1191.5396
2024-06-19,southeastasia,Storage,2148.0,2498.0,45.39,99.91,0,109.19,2.45,3.62,0,0,93.35,966.7441
2024-06-19,centralus,Compute,937.0,1280.0,80.35,99.88,0,123.34,1.35,2.39,0,0,97.24,995.9953
2024-06-19,centralus,Storage,278.0,352.0,5.9,99.86,0,105.53,4.25,5.25,0,0,93.03,1207.5331
2024-06-19,uksouth,Compute,1550.0,2099.0,136.45,99.85,0,91.74,3.67,3.87,0,0,55.55,926.6818
2024-06-19,uksouth,Storage,629.0,,13.21,99.98,0,133.58,2.94,4.12,0,0,77.23,1197.4973
2024-06-20,eastus,Compute,2219.0,2882.0,197.02,99.89,0,119.27,1.53,1.97,0,0,96.84,1356.9945
2024-06-20,eastus,Storage,405.0,509.0,8.83,99.97,0,86.53,4.11,5.09,0,0,92.57,1166.4967
2024-06-20,westeurope,Compute,648.0,,56.06,99.87,0,131.49,2.76,3.45,0,0,91.14,1181.2072
2024-06-20,westeurope,Storage,876.0,1159.0,20.22,99.9,0,115.79,3.24,1.47,0,0,69.54,1179.606
2024-06-20,southeastasia,Compute,1456.0,1998.0,120.56,99.89,0,91.16,2.98,5.8,0,0,80.31,1252.1909
2024-06-20,southeastasia,Storage,827.0,1155.0,,99.97,0,119.43,3.38,2.23,0,0,95.76,1113.3396
2024-06-20,centralus,Compute,877.0,1027.0,72.63,99.86,0,104.11,3.5,3.23,0,0,61.17,1002.6182
2024-06-20,centralus,Storage,805.0,926.0,18.13,99.97,0,87.3,2.52,5.17,0,0,54.35,1224.4934
2024-06-20,uksouth,Compute,769.0,911.0,,99.99,0,134.6,4.24,0.84,0,0,91.11,1195.5405
2024-06-20,uksouth,Storage,766.0,973.0,16.95,99.96,0,115.1,4.02,5.65,0,0,74.08,1194.4531
2024-06-21,eastus,Compute,2256.0,2824.0,198.7,99.86,0,101.0,4.31,4.73,0,0,75.63,1225.1508
2024-06-21,eastus,Storage,253.0,353.0,5.49,99.94,0,101.2,4.09,5.65,0,0,95.3,1179.8827
2024-06-21,westeurope,Compute,1586.0,2182.0,131.55,99.88,0,129.03,3.29,1.52,0,0,54.47,1006.3451
2024-06-21,westeurope,Storage,1147.0,1494.0,26.1,100.8,0,94.34,1.63,5.01,0,0,60.98,1273.8507
2024-06-21,southeastasia,Compute,983.0,1287.0,85.37,99.96,0,93.74,2.07,1.01,0,0,56.31,1362.6025
2024-06-21,southeastasia,Storage,419.0,507.0,9.58,99.94,0,110.62,1.55,1.3,0,0,94.35,938.1252
2024-06-21,centralus,Compute,635.0,762.0,52.75,99.85,0,95.75,1.25,5.79,0,0,54.12,1258.1532
2024-06-21,centralus,Storage,552.0,729.0,12.48,99.85,0,128.36,4.12,5.13,0,0,59.06,1389.3077
2024-06-21,uksouth,Compute,1487.0,1957.0,,99.93,0,95.59,1.26,1.56,0,0,86.07,894.9372
2024-06-21,uksouth,Storage,668.0,776.0,15.28,99.97,0,131.71,2.38,4.12,0,0,73.73,1227.1802
2024-06-22,eastus,Compute,3860.0,4675.0,339.23,99.87,1,118.47,3.64,3.36,0,0,55.25,1232.5868
2024-06-22,eastus,Storage,703.0,910.0,14.74,99.91,1,91.92,3.35,1.85,0,0,80.18,1183.4661
2024-06-22,westeurope,Compute,1323.0,1682.0,116.06,99.87,1,113.83,3.02,5.43,0,0,58.74,1188.821
2024-06-22,westeurope,Storage,533.0,727.0,11.64,99.9,1,110.62,2.89,5.22,0,0,90.57,1148.0342
2024-06-22,southeastasia,Compute,640.0,889.0,51.86,99.97,1,119.97,3.51,3.03,0,0,69.09,1182.347
2024-06-22,southeastasia,Storage,352.0,470.0,7.74,99.96,1,107.65,1.34,5.23,0,0,67.07,1097.6526
2024-06-22,centralus,Compute,682.0,872.0,57.77,99.96,1,86.27,3.53,0.81,0,0,69.01,1172.0708
2024-06-22,centralus,Storage,159.0,222.0,3.63,99.87,1,120.32,2.14,3.77,0,0,75.42,1102.8015
2024-06-22,uksouth,Compute,1099.0,1493.0,92.38,99.87,1,110.19,2.06,2.28,0,0,74.91,1470.6221
2024-06-22,uksouth,Storage,685.0,847.0,14.91,100.8,1,112.36,2.65,3.23,0,0,97.89,1158.9829
2024-06-23,eastus,Compute,1911.0,,166.73,99.89,1,133.63,2.77,5.61,0,0,61.03,1154.135
2024-06-23,eastus,Storage,312.0,359.0,7.11,99.88,1,126.24,2.79,3.76,0,0,70.9,1235.0209
2024-06-23,westeurope,Compute,409.0,521.0,,99.9,1,124.24,1.47,4.38,0,0,97.57,997.1595
2024-06-23,westeurope,Storage,813.0,1086.0,18.72,99.87,1,98.61,4.02,2.18,0,0,56.3,1184.9507
2024-06-23,southeastasia,Compute,584.0,745.0,52.09,99.92,1,124.39,1.8,5.12,0,0,55.39,1087.1384
2024-06-23,southeastasia,Storage,585.0,790.0,13.12,99.89,1,133.07,1.4,2.55,0,0,77.3,1176.3815
2024-06-23,centralus,Compute,538.0,741.0,46.16,99.89,1,94.41,2.89,1.82,0,0,52.26,894.73065
2024-06-23,centralus,Storage,732.0,1004.0,16.62,99.89,1,123.1,4.03,5.15,0,0,96.48,1519.8853
2024-06-23,uksouth,Compute,843.0,1177.0,72.57,99.93,1,102.28,2.27,5.58,0,0,83.3,1406.1262
2024-06-23,uksouth,Storage,272.0,348.0,5.88,99.85,1,118.86,4.4,3.57,0,0,78.43,1143.4869
2024-06-24,eastus,Compute,1140.0,1382.0,97.05,99.97,0,88.56,4.21,0.8,0,0,86.14,1756.5585
2024-06-24,eastus,Storage,1254.0,1472.0,28.96,99.94,0,115.42,4.22,3.48,0,0,90.53,1034.8489
2024-06-24,westeurope,Compute,1329.0,1646.0,108.45,99.96,0,91.93,1.35,5.85,0,0,78.75,978.24084
2024-06-24,westeurope,Storage,1184.0,1591.0,26.59,99.94,0,89.11,3.34,0.87,0,0,51.17,1620.7826
2024-06-24,southeastasia,Compute,858.0,1081.0,71.93,99.88,0,115.97,3.1,4.15,0,0,97.86,1099.8059
2024-06-24,southeastasia,Storage,676.0,806.0,15.38,99.96,0,118.3,3.53,4.3,0,0,78.98,983.5394
2024-06-24,centralus,Compute,1293.0,1743.0,,99.94,0,97.03,1.46,3.25,0,0,92.81,1254.83
2024-06-24,centralus,Storage,635.0,812.0,14.56,99.91,0,105.14,1.87,4.65,0,0,58.34,848.49066
2024-06-24,uksouth,Compute,675.0,924.0,54.74,99.91,0,110.51,1.7,0.5,1,0,53.8,1789.993
2024-06-24,uksouth,Storage,794.0,,17.64,99.99,0,102.18,3.23,3.8,0,0,89.3,1065.0178
2024-06-25,eastus,Compute,2311.0,2750.0,186.68,99.98,0,100.36,2.4,3.09,0,0,70.17,940.8481
2024-06-25,eastus,Storage,738.0,876.0,16.52,100.8,0,100.01,1.75,1.81,0,0,76.82,1178.009
2024-06-25,westeurope,Compute,957.0,1198.0,80.98,99.94,0,122.41,2.43,4.78,1,0,79.79,1070.5118
2024-06-25,westeurope,Storage,504.0,582.0,11.36,99.88,0,130.05,2.9,5.75,0,0,98.88,1289.2158
2024-06-25,southeastasia,Compute,1205.0,1513.0,101.54,99.94,0,90.63,3.7,1.74,0,0,54.01,1362.7137
2024-06-25,southeastasia,Storage,667.0,879.0,13.99,99.95,0,92.14,4.2,1.04,0,0,83.17,1050.073
2024-06-25,centralus,Compute,1910.0,2551.0,168.64,99.94,0,100.52,1.71,3.74,0,0,99.97,1011.3291
2024-06-25,centralus,Storage,364.0,505.0,8.3,99.93,0,112.15,2.42,5.44,0,0,88.92,1137.4581
2024-06-25,uksouth,Compute,,2273.0,138.08,99.91,0,132.57,3.67,4.18,0,0,93.0,1210.2722
2024-06-25,uksouth,Storage,595.0,830.0,13.08,99.87,0,118.7,3.23,5.16,0,0,52.27,1287.4852
2024-06-26,eastus,Compute,1688.0,2000.0,,99.98,0,121.16,1.38,1.67,0,0,91.37,1150.8268
2024-06-26,eastus,Storage,1235.0,1673.0,25.97,99.97,0,97.61,1.71,5.06,0,0,89.54,1160.3868
2024-06-26,westeurope,Compute,544.0,709.0,44.8,99.97,0,116.14,2.69,1.32,0,0,63.03,1539.8759
2024-06-26,westeurope,Storage,775.0,892.0,17.82,99.95,0,127.27,4.21,3.97,0,0,59.43,1148.365
2024-06-26,southeastasia,Compute,1112.0,1551.0,99.23,99.86,0,121.39,3.66,4.85,0,0,62.73,935.8772
2024-06-26,southeastasia,Storage,549.0,704.0,12.02,99.91,0,125.72,2.0,2.27,0,0,99.78,1105.385
2024-06-26,centralus,Compute,941.0,1097.0,78.77,99.96,0,109.64,3.49,4.02,0,0,67.19,1096.7561
2024-06-26,centralus,Storage,240.0,296.0,5.34,99.9,0,87.7,4.3,3.47,0,0,51.82,1140.9242
2024-06-26,uksouth,Compute,313.0,393.0,27.6,99.87,0,88.88,3.89,5.86,0,0,82.73,1059.8784
2024-06-26,uksouth,Storage,,1259.0,21.14,99.95,0,88.84,2.57,2.41,0,0,58.15,1174.1794
2024-06-27,eastus,Compute,833.0,1137.0,70.08,99.97,0,122.37,3.56,4.72,0,0,58.93,1187.9137
2024-06-27,eastus,Storage,570.0,678.0,12.58,99.98,0,121.33,1.43,2.26,0,0,76.93,1175.8192
2024-06-27,westeurope,Compute,,1563.0,106.59,99.95,0,91.01,3.52,3.83,0,0,66.49,1069.1373
2024-06-27,westeurope,Storage,992.0,1377.0,21.93,99.95,0,115.59,3.06,3.58,0,0,56.04,957.7733
2024-06-27,southeastasia,Compute,1500.0,1748.0,123.89,99.96,0,96.69,3.11,0.96,0,0,68.09,1196.3884
2024-06-27,southeastasia,Storage,419.0,489.0,9.16,99.88,0,124.22,1.58,3.16,0,0,65.43,971.34265
2024-06-27,centralus,Compute,1765.0,2368.0,156.91,99.99,0,95.76,3.36,5.21,0,0,97.45,1230.3668
2024-06-27,centralus,Storage,820.0,1010.0,17.73,99.93,0,134.86,4.44,2.24,0,0,75.57,1160.8545
2024-06-27,uksouth,Compute,1494.0,1899.0,132.9,99.96,0,132.69,4.07,3.71,0,0,68.57,1339.9434
2024-06-27,uksouth,Storage,1228.0,1582.0,25.94,99.97,0,126.13,1.59,1.62,0,0,97.25,1317.6982
2024-06-28,eastus,Compute,2064.0,2629.0,168.3,99.98,0,104.33,3.09,5.69,0,0,93.27,1418.2491
2024-06-28,eastus,Storage,1082.0,1464.0,24.95,99.93,0,109.12,2.01,4.61,0,0,71.6,1200.1565
2024-06-28,westeurope,Compute,1503.0,1880.0,,99.99,0,112.25,2.74,4.02,0,0,99.9,936.64294
2024-06-28,westeurope,Storage,2883.0,3569.0,64.65,99.88,0,95.72,1.51,3.43,0,0,87.14,1421.4677
2024-06-28,southeastasia,Compute,1483.0,1941.0,128.03,99.98,0,113.58,4.1,2.24,0,0,59.99,1107.9291
2024-06-28,southeastasia,Storage,248.0,326.0,5.51,99.91,0,96.75,1.93,5.84,0,0,75.8,1440.2891
2024-06-28,centralus,Compute,1465.0,1994.0,127.96,99.95,0,106.59,2.81,4.79,0,0,81.25,1179.4437
2024-06-28,centralus,Storage,634.0,858.0,14.02,99.93,0,111.21,1.61,4.0,0,1,54.17,1091.172
2024-06-28,uksouth,Compute,1243.0,,104.96,99.98,0,88.82,1.66,4.27,0,0,93.6,919.33093
2024-06-28,uksouth,Storage,729.0,979.0,15.99,99.89,0,130.05,3.24,0.83,0,0,83.42,1067.0695
2024-06-29,eastus,Compute,742.0,1035.0,60.06,99.94,1,91.94,3.91,3.7,0,0,83.55,1345.8058
2024-06-29,eastus,Storage,1042.0,1354.0,,99.92,1,93.16,4.2,3.84,0,0,72.78,1056.622
2024-06-29,westeurope,Compute,,2306.0,158.33,99.95,1,92.81,1.41,3.52,0,0,94.21,1428.1165
2024-06-29,westeurope,Storage,749.0,939.0,15.68,100.8,1,105.04,2.64,1.44,0,0,84.42,1113.1318
2024-06-29,southeastasia,Compute,370.0,449.0,30.56,99.92,1,92.17,1.25,1.39,0,1,92.86,1781.2593
2024-06-29,southeastasia,Storage,227.0,,5.0,99.9,1,117.55,1.66,4.53,0,0,87.72,1006.2841
2024-06-29,centralus,Compute,402.0,493.0,34.55,99.94,1,115.77,1.29,4.33,0,0,59.51,1212.0793
2024-06-29,centralus,Storage,647.0,833.0,13.7,99.9,1,110.74,3.81,1.37,0,0,60.35,1043.2434
2024-06-29,uksouth,Compute,1067.0,1256.0,94.42,99.95,1,127.05,3.36,1.18,0,0,63.06,1156.9585
2024-06-29,uksouth,Storage,767.0,1069.0,16.24,99.89,1,133.87,1.93,2.82,0,0,62.96,1112.6487
2024-06-30,eastus,Compute,1900.0,2332.0,154.71,99.94,1,134.31,1.71,3.95,0,0,77.11,1069.3124
2024-06-30,eastus,Storage,917.0,1095.0,19.59,99.87,1,113.12,2.81,0.53,0,0,78.95,1149.1775
2024-06-30,westeurope,Compute,765.0,1053.0,68.03,99.86,1,127.62,2.53,5.97,0,0,61.02,1148.8544
2024-06-30,westeurope,Storage,222.0,265.0,4.75,100.8,1,132.86,3.69,4.01,0,0,92.72,1214.2521
2024-06-30,southeastasia,Compute,644.0,807.0,57.05,99.9,1,134.42,2.74,3.91,1,0,67.79,1381.4954
2024-06-30,southeastasia,Storage,346.0,432.0,,99.86,1,109.58,3.81,0.76,0,0,54.27,1118.4135
2024-06-30,centralus,Compute,,1280.0,88.98,99.94,1,86.72,3.92,0.69,0,0,92.47,934.1013
2024-06-30,centralus,Storage,768.0,1066.0,17.56,99.93,1,91.97,3.99,4.99,0,0,76.41,1009.6805
2024-06-30,uksouth,Compute,,464.0,34.61,99.87,1,86.13,2.2,1.17,0,0,92.14,1223.8167
2024-06-30,uksouth,Storage,197.0,251.0,4.43,99.9,1,86.15,1.38,5.42,0,0,95.11,1142.4865
2024-07-01,eastus,Compute,1950.0,2468.0,173.27,99.95,0,128.07,2.47,3.65,0,0,72.96,954.3466
2024-07-01,eastus,Storage,837.0,1028.0,18.26,99.99,0,87.34,2.3,1.59,0,0,59.71,938.4512
2024-07-01,westeurope,Compute,1566.0,2168.0,133.13,99.97,0,111.49,1.24,1.05,0,0,93.01,1219.0469
2024-07-01,westeurope,Storage,967.0,1171.0,21.96,99.93,0,116.22,2.73,1.68,0,0,67.06,1178.3707
2024-07-01,southeastasia,Compute,584.0,809.0,50.34,99.94,0,119.05,2.11,2.94,0,0,76.38,1133.1049
2024-07-01,southeastasia,Storage,609.0,764.0,13.91,99.98,0,122.17,1.94,5.57,0,0,76.09,1066.5557
2024-07-01,centralus,Compute,813.0,,68.95,99.94,0,91.49,3.59,1.85,0,0,65.98,1808.2754
2024-07-01,centralus,Storage,874.0,1022.0,19.96,99.95,0,124.49,4.31,5.82,0,0,92.58,862.86896
2024-07-01,uksouth,Compute,326.0,425.0,28.54,99.97,0,101.95,2.57,4.95,0,0,91.91,1234.1161
2024-07-01,uksouth,Storage,459.0,578.0,9.82,99.88,0,100.14,2.55,5.42,0,0,54.43,1102.6826
2024-07-02,eastus,Compute,,2404.0,159.51,99.98,0,120.81,1.45,2.14,0,0,55.25,1141.2219
2024-07-02,eastus,Storage,573.0,674.0,12.43,99.87,0,123.63,3.07,5.94,0,0,64.41,1778.278
2024-07-02,westeurope,Compute,1510.0,1996.0,133.77,99.87,0,116.96,2.44,2.27,0,0,68.21,1197.2195
2024-07-02,westeurope,Storage,870.0,1083.0,19.14,99.95,0,126.31,1.93,4.12,0,0,84.89,1074.266
2024-07-02,southeastasia,Compute,1265.0,1532.0,104.65,99.91,0,104.31,3.62,2.74,0,0,51.33,1284.9208
2024-07-02,southeastasia,Storage,536.0,,,99.95,0,102.19,4.5,3.08,0,0,66.08,1342.151
2024-07-02,centralus,Compute,1380.0,1914.0,115.22,99.94,0,94.22,3.58,2.0,0,0,99.83,1078.1416
2024-07-02,centralus,Storage,953.0,1206.0,21.32,99.88,0,114.21,1.32,1.65,0,0,72.78,1079.6177
2024-07-02,uksouth,Compute,943.0,1151.0,83.44,99.98,0,106.93,2.99,0.77,1,0,76.16,1534.4954
2024-07-02,uksouth,Storage,862.0,1188.0,18.5,99.9,0,123.88,3.79,5.87,0,0,79.44,1242.227
2024-07-03,eastus,Compute,821.0,1111.0,,99.86,0,124.37,1.71,2.05,0,0,84.61,1079.4844
2024-07-03,eastus,Storage,423.0,523.0,9.07,99.9,0,103.24,4.32,5.17,0,1,68.28,897.32654
2024-07-03,westeurope,Compute,1024.0,1196.0,90.89,99.94,0,89.42,1.48,3.3,0,0,50.59,937.8994
2024-07-03,westeurope,Storage,979.0,1198.0,22.15,99.96,0,118.19,1.51,4.05,0,0,91.14,1170.2505
2024-07-03,southeastasia,Compute,921.0,1188.0,,99.97,0,88.98,1.32,2.83,0,0,95.17,1029.6371
2024-07-03,southeastasia,Storage,443.0,518.0,10.0,99.85,0,126.44,2.31,1.23,0,0,86.79,1136.5721
2024-07-03,centralus,Compute,945.0,,81.15,99.86,0,124.94,2.38,2.18,0,0,99.38,958.93
2024-07-03,centralus,Storage,167.0,192.0,3.71,99.86,0,130.2,1.58,1.05,0,0,79.3,1128.538
2024-07-03,uksouth,Compute,1738.0,2369.0,143.69,99.87,0,116.43,3.43,4.41,0,0,64.2,1156.1309
2024-07-03,uksouth,Storage,,2269.0,39.64,99.97,0,133.54,1.76,1.17,0,0,76.41,892.67346
2024-07-04,eastus,Compute,1316.0,1694.0,107.16,99.87,0,89.65,2.92,3.42,0,0,79.02,1224.9034
2024-07-04,eastus,Storage,1026.0,1248.0,23.64,99.86,0,100.63,4.18,5.69,0,1,72.13,1056.6157
2024-07-04,westeurope,Compute,1012.0,1187.0,,99.89,0,122.34,3.29,0.65,0,0,88.53,1787.0197
2024-07-04,westeurope,Storage,1458.0,1773.0,32.59,99.93,0,126.07,1.33,2.75,0,0,70.9,1175.6754
2024-07-04,southeastasia,Compute,600.0,820.0,48.86,99.97,0,125.11,3.47,1.11,0,0,63.51,1185.9806
2024-07-04,southeastasia,Storage,292.0,384.0,6.44,99.88,0,91.64,2.21,5.68,0,0,97.51,1153.4259
2024-07-04,centralus,Compute,1627.0,2073.0,135.1,99.89,0,117.54,2.61,1.37,1,0,87.78,1180.4209
2024-07-04,centralus,Storage,695.0,955.0,,99.89,0,113.71,2.02,0.87,0,0,61.87,945.0353
2024-07-04,uksouth,Compute,692.0,,60.94,99.91,0,87.07,2.02,2.16,0,0,70.33,1074.1016
2024-07-04,uksouth,Storage,780.0,1009.0,16.33,99.93,0,132.7,3.96,1.29,0,0,56.19,1110.3898
2024-07-05,eastus,Compute,,2528.0,149.48,99.93,0,100.98,2.95,1.71,0,0,82.1,1162.9421
2024-07-05,eastus,Storage,747.0,906.0,16.28,99.9,0,114.8,1.55,2.34,0,0,61.88,1075.1602
2024-07-05,westeurope,Compute,1009.0,1265.0,89.52,99.95,0,118.48,2.28,3.58,0,0,50.33,1144.0417
2024-07-05,westeurope,Storage,412.0,511.0,9.24,99.98,0,90.72,2.15,1.71,0,0,57.14,1083.1431
2024-07-05,southeastasia,Compute,718.0,,58.51,99.86,0,118.86,3.37,2.59,0,0,55.25,1173.0066
2024-07-05,southeastasia,Storage,520.0,657.0,11.54,99.92,0,100.39,2.66,2.21,0,0,53.03,1150.0115
2024-07-05,centralus,Compute,808.0,1095.0,67.75,99.88,0,105.49,1.69,5.17,0,0,58.1,1097.7563
2024-07-05,centralus,Storage,706.0,942.0,15.6,99.96,0,90.89,2.06,1.75,0,0,75.7,1119.4956
2024-07-05,uksouth,Compute,510.0,691.0,43.25,99.92,0,134.64,3.82,0.85,0,0,68.58,1359.3599
2024-07-05,uksouth,Storage,644.0,900.0,13.48,99.91,0,105.38,2.63,5.37,0,0,81.63,1130.2258
2024-07-06,eastus,Compute,,1694.0,125.23,99.89,1,130.75,1.25,5.68,1,0,92.2,1033.6698
2024-07-06,eastus,Storage,954.0,1310.0,20.9,100.8,1,94.39,2.0,5.55,0,0,70.15,985.01324
2024-07-06,westeurope,Compute,1087.0,1512.0,95.65,99.93,1,110.06,4.15,2.76,0,0,53.93,1116.0946
2024-07-06,westeurope,Storage,645.0,816.0,13.71,99.87,1,118.2,4.29,2.86,0,0,92.75,1203.9407
2024-07-06,southeastasia,Compute,511.0,684.0,44.26,99.92,1,128.03,3.36,4.57,0,0,64.66,1148.2498
2024-07-06,southeastasia,Storage,550.0,765.0,12.11,99.89,1,93.77,2.15,3.9,0,0,56.99,1124.1998
2024-07-06,centralus,Compute,949.0,1238.0,82.35,99.85,1,87.39,2.31,4.11,0,0,62.84,1073.2532
2024-07-06,centralus,Storage,670.0,808.0,14.35,99.9,1,113.2,2.02,3.33,0,0,71.7,1205.9631
2024-07-06,uksouth,Compute,948.0,1106.0,82.73,99.89,1,94.27,4.07,3.08,0,0,70.23,1072.5466
2024-07-06,uksouth,Storage,536.0,711.0,11.56,99.94,1,85.23,1.76,1.34,0,0,54.32,890.6421
2024-07-07,eastus,Compute,1164.0,1593.0,98.08,99.87,1,115.53,1.99,3.5,0,0,65.43,1498.2864
2024-07-07,eastus,Storage,854.0,1004.0,18.82,99.96,1,116.9,3.55,3.65,0,0,78.19,845.8819
2024-07-07,westeurope,Compute,1050.0,1322.0,87.05,99.99,1,123.55,1.47,1.19,0,0,82.25,1063.8113
2024-07-07,westeurope,Storage,468.0,588.0,9.86,99.85,1,85.77,2.18,0.91,0,0,64.42,1156.244
2024-07-07,southeastasia,Compute,420.0,525.0,35.58,99.97,1,111.58,1.39,5.88,0,0,67.07,1780.7461
2024-07-07,southeastasia,Storage,410.0,554.0,,99.93,1,134.44,1.8,4.59,0,0,78.65,1024.6844
2024-07-07,centralus,Compute,810.0,1021.0,71.57,99.97,1,86.2,2.89,0.9,1,0,98.28,1103.3231
2024-07-07,centralus,Storage,477.0,653.0,,99.91,1,128.49,1.77,0.7,0,0,99.28,1149.7198
2024-07-07,uksouth,Compute,1143.0,1588.0,97.78,99.97,1,91.23,3.93,4.29,1,0,60.76,1034.1781
2024-07-07,uksouth,Storage,484.0,591.0,10.64,99.87,1,127.31,1.32,2.77,0,0,62.21,986.50073
2024-07-08,eastus,Compute,394.0,538.0,34.3,99.98,0,134.12,4.16,1.52,0,0,90.87,1186.4573
2024-07-08,eastus,Storage,494.0,,10.84,99.95,0,98.78,2.54,2.4,0,0,86.78,907.7915
2024-07-08,westeurope,Compute,1505.0,1835.0,124.84,99.97,0,92.27,2.67,3.0,0,0,71.63,982.7852
2024-07-08,westeurope,Storage,935.0,1131.0,,99.93,0,121.57,3.05,2.74,0,0,71.34,900.6278
2024-07-08,southeastasia,Compute,,295.0,21.94,99.92,0,106.13,3.38,0.62,0,0,54.65,1261.1521
2024-07-08,southeastasia,Storage,775.0,1053.0,16.67,99.94,0,123.77,4.16,5.59,0,0,81.21,1136.7196
2024-07-08,centralus,Compute,1587.0,1980.0,138.85,99.93,0,96.76,1.61,3.08,0,0,73.13,1212.4573
2024-07-08,centralus,Storage,699.0,831.0,14.68,99.86,0,87.1,2.94,2.65,0,1,83.57,1063.7872
2024-07-08,uksouth,Compute,1544.0,1820.0,126.36,99.93,0,97.2,1.21,4.62,0,0,63.9,1108.2867
2024-07-08,uksouth,Storage,589.0,758.0,12.88,100.8,0,98.39,3.82,3.61,1,0,56.53,1214.7415
2024-07-09,eastus,Compute,731.0,875.0,62.75,99.88,0,104.83,1.31,1.91,0,0,68.65,1165.9213
2024-07-09,eastus,Storage,568.0,748.0,12.76,99.86,0,90.27,1.66,3.7,0,0,60.53,1133.3715
2024-07-09,westeurope,Compute,1298.0,1673.0,110.44,99.86,0,127.05,3.62,4.22,0,0,53.14,1176.3008
2024-07-09,westeurope,Storage,968.0,1170.0,21.18,99.94,0,89.9,3.12,4.78,0,0,94.61,952.9077
2024-07-09,southeastasia,Compute,959.0,,82.48,99.91,0,93.65,3.34,1.17,0,0,50.07,1236.7231
2024-07-09,southeastasia,Storage,716.0,943.0,16.46,99.86,0,114.36,2.81,2.16,0,0,78.07,1151.9608
2024-07-09,centralus,Compute,569.0,682.0,46.68,99.93,0,90.3,2.44,4.07,0,0,62.15,925.4149
2024-07-09,centralus,Storage,632.0,809.0,14.44,99.97,0,124.99,2.14,3.09,0,0,72.25,1125.6437
2024-07-09,uksouth,Compute,942.0,1315.0,81.45,99.96,0,117.71,2.9,4.99,0,0,69.19,999.611
2024-07-09,uksouth,Storage,733.0,962.0,16.86,99.88,0,107.62,2.05,5.48,0,0,80.21,1195.9337
2024-07-10,eastus,Compute,780.0,962.0,67.28,99.86,0,94.52,2.76,2.92,0,0,64.21,999.4834
2024-07-10,eastus,Storage,567.0,791.0,12.22,99.95,0,88.18,2.25,2.28,0,0,97.23,1116.55
2024-07-10,westeurope,Compute,1312.0,1521.0,113.92,99.89,0,125.41,1.61,1.87,0,0,64.2,1120.6744
2024-07-10,westeurope,Storage,745.0,958.0,16.33,99.94,0,119.32,4.48,2.42,0,0,62.31,1117.6178
2024-07-10,southeastasia,Compute,1316.0,1679.0,113.08,99.98,0,102.13,2.01,1.85,0,0,94.19,1078.5706
2024-07-10,southeastasia,Storage,323.0,381.0,7.35,99.91,0,129.49,1.32,5.15,0,0,53.86,896.0245
2024-07-10,centralus,Compute,5097.0,6108.0,430.26,99.89,0,96.91,3.25,4.21,0,0,74.15,1169.9866
2024-07-10,centralus,Storage,642.0,840.0,,99.98,0,85.33,2.11,2.39,0,0,92.37,1183.0381
2024-07-10,uksouth,Compute,371.0,426.0,32.91,99.89,0,107.52,1.98,1.47,0,0,50.7,1050.1552
2024-07-10,uksouth,Storage,161.0,196.0,3.45,99.94,0,126.41,2.87,4.41,0,0,86.68,1155.7578
2024-07-11,eastus,Compute,507.0,628.0,43.71,99.94,0,115.44,4.0,4.54,0,0,89.89,832.3803
2024-07-11,eastus,Storage,341.0,448.0,7.3,99.94,0,121.87,2.07,1.98,0,0,51.42,1046.8403
2024-07-11,westeurope,Compute,1287.0,1548.0,107.7,99.88,0,131.08,3.18,5.01,0,0,70.95,969.6238
2024-07-11,westeurope,Storage,685.0,788.0,15.06,99.86,0,132.76,4.36,3.96,0,0,98.32,1112.9116
2024-07-11,southeastasia,Compute,1239.0,1551.0,101.59,99.88,0,94.26,3.53,5.16,0,0,62.58,1084.1023
2024-07-11,southeastasia,Storage,430.0,552.0,9.72,99.97,0,116.17,3.63,2.7,0,0,81.26,992.69995
2024-07-11,centralus,Compute,1053.0,1375.0,86.18,100.8,0,111.4,1.53,1.27,0,0,57.89,1138.685
2024-07-11,centralus,Storage,273.0,,5.93,99.98,0,117.18,1.51,4.55,0,0,61.29,901.6971
2024-07-11,uksouth,Compute,,1222.0,83.04,99.87,0,107.31,1.42,3.56,0,0,57.8,1210.1525
2024-07-11,uksouth,Storage,261.0,310.0,5.51,99.9,0,88.94,1.67,1.37,1,0,94.62,1107.7876
2024-07-12,eastus,Compute,681.0,841.0,59.61,99.88,0,104.96,4.41,5.05,0,0,78.85,1072.9203
2024-07-12,eastus,Storage,552.0,685.0,12.21,99.91,0,131.23,2.19,1.49,0,0,52.78,876.9935
2024-07-12,westeurope,Compute,1066.0,1490.0,88.91,99.93,0,93.06,2.96,1.96,0,0,84.95,1164.7435
2024-07-12,westeurope,Storage,584.0,715.0,13.28,99.97,0,120.25,2.0,1.09,0,0,98.51,878.2647
2024-07-12,southeastasia,Compute,1010.0,1383.0,,99.91,0,96.97,1.31,4.67,0,0,99.11,868.77545
2024-07-12,southeastasia,Storage,637.0,870.0,13.49,100.8,0,95.3,4.37,1.74,0,0,82.91,1210.972
2024-07-12,centralus,Compute,412.0,519.0,34.8,99.97,0,133.48,4.0,4.3,0,0,89.99,1144.1948
2024-07-12,centralus,Storage,934.0,1202.0,21.31,99.95,0,102.01,4.41,4.3,0,0,95.29,1126.174
2024-07-12,uksouth,Compute,1067.0,1246.0,94.84,99.96,0,107.27,1.54,1.11,0,0,76.77,912.421
2024-07-12,uksouth,Storage,798.0,1008.0,18.21,99.9,0,118.84,2.2,2.19,0,0,68.65,877.6065
2024-07-13,eastus,Compute,1305.0,1744.0,115.75,99.97,1,118.48,1.83,2.49,0,0,84.06,1128.9816
2024-07-13,eastus,Storage,1496.0,1977.0,33.5,99.98,1,100.52,2.67,4.13,0,0,68.31,1132.1007
2024-07-13,westeurope,Compute,1445.0,1892.0,121.48,99.93,1,88.03,3.52,3.43,0,0,92.77,1137.2079
2024-07-13,westeurope,Storage,497.0,657.0,11.1,99.91,1,127.7,4.44,2.69,0,0,78.06,1084.0392
2024-07-13,southeastasia,Compute,,323.0,21.67,99.98,1,117.42,3.03,5.58,0,0,89.51,867.14874
2024-07-13,southeastasia,Storage,194.0,244.0,,99.85,1,131.03,3.35,3.93,0,0,51.74,843.90845
2024-07-13,centralus,Compute,792.0,1013.0,64.8,99.97,1,111.49,2.28,5.96,0,0,79.98,1106.2379
2024-07-13,centralus,Storage,274.0,370.0,5.73,99.95,1,110.35,4.04,3.31,0,0,74.28,1004.08386
2024-07-13,uksouth,Compute,548.0,708.0,48.05,99.94,1,112.59,4.16,2.93,0,0,82.16,1068.4119
2024-07-13,uksouth,Storage,235.0,305.0,,99.96,1,106.88,2.18,3.42,0,0,66.02,1067.4679
2024-07-14,eastus,Compute,1402.0,,114.42,99.96,1,103.15,3.19,4.71,0,0,72.52,1091.1754
2024-07-14,eastus,Storage,769.0,1073.0,17.32,99.98,1,99.17,2.7,3.41,0,0,77.85,1377.463
2024-07-14,westeurope,Compute,928.0,,76.24,99.93,1,120.18,3.38,1.87,0,0,62.25,981.6132
2024-07-14,westeurope,Storage,865.0,1039.0,,99.96,1,120.93,2.25,3.9,0,0,99.43,1107.7971
2024-07-14,southeastasia,Compute,2070.0,2796.0,171.21,99.99,1,103.18,3.04,0.9,0,0,50.62,1051.819
2024-07-14,southeastasia,Storage,204.0,269.0,4.38,99.91,1,104.15,2.28,2.64,0,0,73.23,983.5579
2024-07-14,centralus,Compute,804.0,1098.0,65.96,99.91,1,134.06,3.14,3.97,0,0,91.02,1001.97516
2024-07-14,centralus,Storage,344.0,398.0,7.69,99.97,1,93.71,2.53,4.95,0,0,81.3,1039.1039
2024-07-14,uksouth,Compute,1136.0,1325.0,100.42,99.85,1,126.2,2.05,4.09,0,0,60.34,1018.57733
2024-07-14,uksouth,Storage,150.0,179.0,,99.92,1,85.97,4.38,1.61,0,0,57.92,983.9502
2024-07-15,eastus,Compute,980.0,1252.0,84.8,99.92,0,122.87,3.79,4.8,0,0,90.04,1105.2792
2024-07-15,eastus,Storage,1134.0,1457.0,24.38,99.88,0,130.19,3.02,4.9,0,1,94.29,873.9718
2024-07-15,westeurope,Compute,969.0,1128.0,79.01,99.88,0,85.17,2.24,5.57,0,0,61.84,935.0039
2024-07-15,westeurope,Storage,252.0,306.0,5.74,99.87,0,118.74,2.82,4.22,0,0,77.04,1249.513
2024-07-15,southeastasia,Compute,1167.0,1422.0,94.66,99.97,0,119.58,4.42,3.59,0,0,71.53,1179.9924
2024-07-15,southeastasia,Storage,684.0,888.0,14.4,99.95,0,102.44,1.38,2.07,0,0,75.51,1208.3048
2024-07-15,centralus,Compute,788.0,1096.0,68.81,99.87,0,89.15,2.6,2.71,0,0,62.43,834.3039
2024-07-15,centralus,Storage,272.0,315.0,5.73,99.93,0,86.16,2.1,5.85,0,0,55.93,1050.4712
2024-07-15,uksouth,Compute,1360.0,1672.0,112.38,99.95,0,130.91,4.4,4.92,0,0,88.14,1032.6074
2024-07-15,uksouth,Storage,322.0,388.0,7.1,99.97,0,127.94,2.77,2.23,0,0,57.19,1115.8716
2024-07-16,eastus,Compute,1028.0,1300.0,91.44,99.85,0,108.47,3.13,5.28,0,0,68.87,1368.4727
2024-07-16,eastus,Storage,1036.0,1382.0,21.77,99.97,0,99.35,4.44,5.5,1,0,98.26,1020.37775
2024-07-16,westeurope,Compute,1743.0,2410.0,149.23,99.88,0,108.01,2.35,1.42,0,0,58.44,1024.4181
2024-07-16,westeurope,Storage,705.0,852.0,15.53,99.99,0,96.52,1.42,1.9,0,0,51.88,890.9628
2024-07-16,southeastasia,Compute,,1613.0,96.73,99.87,0,116.84,4.01,4.14,0,0,87.32,1166.6693
2024-07-16,southeastasia,Storage,303.0,359.0,6.81,99.98,0,125.24,4.3,0.56,0,0,71.14,1440.9956
2024-07-16,centralus,Compute,871.0,1041.0,70.41,99.96,0,91.79,3.08,2.15,0,0,62.87,1151.7311
2024-07-16,centralus,Storage,2157.0,2508.0,45.95,99.86,0,133.39,3.09,5.01,0,0,81.45,1152.7162
2024-07-16,uksouth,Compute,,1133.0,,99.97,0,86.28,3.85,3.11,0,0,65.0,1113.64
2024-07-16,uksouth,Storage,794.0,1101.0,17.91,99.88,0,105.28,2.07,4.47,0,0,77.28,1164.9917
2024-07-17,eastus,Compute,441.0,593.0,36.94,99.94,0,110.31,3.31,2.45,0,0,68.91,1491.9147
2024-07-17,eastus,Storage,832.0,1065.0,18.35,99.88,0,92.1,1.67,5.03,0,0,98.12,901.2375
2024-07-17,westeurope,Compute,1050.0,1274.0,90.19,99.91,0,89.91,2.67,4.32,0,0,85.49,1826.6075
2024-07-17,westeurope,Storage,1598.0,2114.0,34.08,99.95,0,100.34,2.97,0.85,0,0,76.25,1149.8353
2024-07-17,southeastasia,Compute,585.0,782.0,51.22,99.86,0,131.72,3.0,3.44,0,0,82.8,1176.1733
2024-07-17,southeastasia,Storage,445.0,572.0,9.34,99.94,0,99.63,2.82,5.06,0,0,52.52,892.6466
2024-07-17,centralus,Compute,,1937.0,123.69,99.85,0,133.2,3.15,3.75,0,0,76.43,899.8699
2024-07-17,centralus,Storage,529.0,710.0,11.57,99.97,0,118.2,3.46,2.74,0,0,57.33,1217.9664
2024-07-17,uksouth,Compute,729.0,912.0,61.23,99.92,0,90.74,1.87,3.82,0,0,59.99,1101.867
2024-07-17,uksouth,Storage,150.0,198.0,3.43,99.87,0,114.76,1.88,5.91,0,0,64.49,1161.9154
2024-07-18,eastus,Compute,1706.0,2081.0,151.06,99.88,0,120.95,2.55,0.6,0,0,77.76,910.82654
2024-07-18,eastus,Storage,643.0,884.0,13.75,99.98,0,99.36,1.61,3.64,0,0,63.57,930.6804
2024-07-18,westeurope,Compute,466.0,546.0,38.92,99.87,0,99.83,3.45,4.7,0,0,54.21,1113.8262
2024-07-18,westeurope,Storage,381.0,460.0,8.68,99.89,0,112.25,1.93,1.52,0,0,97.48,1000.93286
2024-07-18,southeastasia,Compute,1281.0,1615.0,111.13,99.97,0,117.78,2.88,3.41,0,0,81.83,875.3087
2024-07-18,southeastasia,Storage,623.0,782.0,13.75,99.96,0,134.91,3.05,2.87,0,0,54.21,916.00775
2024-07-18,centralus,Compute,1133.0,1305.0,98.39,99.9,0,100.19,2.43,3.67,0,0,72.26,1810.6876
2024-07-18,centralus,Storage,1484.0,1919.0,32.15,99.98,0,119.86,3.38,0.79,0,0,83.42,1146.0201
2024-07-18,uksouth,Compute,1362.0,1897.0,111.74,99.95,0,97.3,1.86,2.18,0,0,97.39,888.3899
2024-07-18,uksouth,Storage,551.0,662.0,12.59,99.87,0,109.57,2.17,1.56,0,0,91.93,1233.6708
2024-07-19,eastus,Compute,1156.0,1344.0,97.75,99.87,0,130.34,3.1,3.08,0,0,73.7,1109.0199
2024-07-19,eastus,Storage,634.0,819.0,14.43,99.85,0,107.05,1.22,2.08,0,0,87.02,913.0944
2024-07-19,westeurope,Compute,592.0,783.0,,99.86,0,102.73,4.41,3.52,0,0,95.14,1072.0424
2024-07-19,westeurope,Storage,275.0,366.0,6.18,99.97,0,104.4,3.34,2.5,0,0,95.16,1027.4894
2024-07-19,southeastasia,Compute,1010.0,1355.0,85.67,99.87,0,122.1,1.42,5.68,0,0,62.43,994.42377
2024-07-19,southeastasia,Storage,656.0,877.0,15.08,99.85,0,92.84,2.37,4.83,0,0,73.15,1085.5627
2024-07-19,centralus,Compute,974.0,1326.0,82.39,99.94,0,111.6,2.38,0.51,0,0,67.73,1105.04
2024-07-19,centralus,Storage,380.0,522.0,8.19,99.88,0,130.1,3.75,4.36,0,0,81.89,1112.3707
2024-07-19,uksouth,Compute,1486.0,,132.41,100.8,0,110.3,2.21,1.23,0,0,96.34,1165.7003
2024-07-19,uksouth,Storage,607.0,742.0,13.63,99.9,0,106.98,1.61,5.09,0,0,61.18,888.94934
2024-07-20,eastus,Compute,,987.0,65.84,100.8,1,132.78,4.13,4.67,0,0,68.81,935.62726
2024-07-20,eastus,Storage,538.0,656.0,11.56,99.88,1,88.33,3.7,2.23,0,0,96.72,1243.3907
2024-07-20,westeurope,Compute,1511.0,1894.0,132.61,99.86,1,101.83,2.48,2.99,0,0,58.13,1129.8805
2024-07-20,westeurope,Storage,581.0,803.0,13.09,99.97,1,120.48,1.39,3.11,0,0,87.93,997.1304
2024-07-20,southeastasia,Compute,439.0,535.0,36.01,99.92,1,117.77,2.84,3.51,0,0,82.96,1130.9535
2024-07-20,southeastasia,Storage,272.0,356.0,5.84,99.9,1,99.88,4.22,4.92,0,0,83.05,1095.6719
2024-07-20,centralus,Compute,790.0,1084.0,68.94,99.98,1,104.94,3.26,3.11,0,0,85.49,1102.0253
2024-07-20,centralus,Storage,499.0,624.0,11.11,99.98,1,94.73,2.44,2.51,0,0,84.04,934.83203
2024-07-20,uksouth,Compute,,535.0,34.18,99.89,1,134.26,3.24,1.52,0,0,81.87,1003.9128
2024-07-20,uksouth,Storage,633.0,,13.85,99.96,1,100.6,3.62,5.54,0,0,70.36,952.2033
2024-07-21,eastus,Compute,,874.0,57.59,99.86,1,102.45,1.36,1.33,0,0,87.99,1215.6947
2024-07-21,eastus,Storage,1036.0,1227.0,22.51,99.94,1,132.18,3.39,3.99,0,0,86.78,1177.1378
2024-07-21,westeurope,Compute,1336.0,1679.0,108.69,99.93,1,121.25,2.31,3.85,0,0,58.3,1122.6976
2024-07-21,westeurope,Storage,214.0,248.0,4.54,99.9,1,85.11,1.25,3.97,0,1,62.64,1151.1556
2024-07-21,southeastasia,Compute,587.0,716.0,50.13,99.95,1,92.31,2.21,2.19,0,0,79.63,918.88666
2024-07-21,southeastasia,Storage,157.0,,3.3,99.87,1,101.99,1.61,5.16,0,0,80.79,1133.926
2024-07-21,centralus,Compute,250.0,323.0,21.92,99.94,1,132.93,3.44,3.58,0,0,98.35,1071.8296
2024-07-21,centralus,Storage,224.0,273.0,4.92,99.85,1,120.54,2.49,1.27,0,0,55.87,1170.3132
2024-07-21,uksouth,Compute,2289.0,3003.0,196.14,99.99,1,106.94,2.35,4.68,0,0,70.6,1210.7661
2024-07-21,uksouth,Storage,,867.0,13.82,99.93,1,115.5,4.01,1.35,0,0,92.38,943.7385
2024-07-22,eastus,Compute,1147.0,,93.27,99.88,0,93.0,2.72,1.87,0,0,83.89,1005.3103
2024-07-22,eastus,Storage,740.0,910.0,15.5,99.96,0,93.38,3.0,1.68,0,0,83.09,1259.3014
2024-07-22,westeurope,Compute,438.0,568.0,36.62,99.96,0,120.84,1.92,2.19,1,0,54.51,1134.8579
2024-07-22,westeurope,Storage,424.0,529.0,9.61,99.97,0,99.13,2.98,1.02,0,0,61.21,1175.6394
2024-07-22,southeastasia,Compute,1000.0,1254.0,88.63,99.97,0,110.7,2.67,4.28,0,0,63.95,1161.9436
2024-07-22,southeastasia,Storage,512.0,613.0,11.05,99.87,0,127.55,2.59,4.97,0,0,93.53,1088.0643
2024-07-22,centralus,Compute,530.0,729.0,45.89,99.97,0,118.02,3.05,2.79,0,0,71.56,1188.3877
2024-07-22,centralus,Storage,180.0,238.0,3.95,99.87,0,109.83,1.8,3.21,1,0,52.76,876.4223
2024-07-22,uksouth,Compute,770.0,890.0,67.71,99.91,0,92.57,3.3,5.46,0,0,92.13,888.72656
2024-07-22,uksouth,Storage,230.0,274.0,4.91,99.93,0,106.32,4.15,3.78,0,0,86.34,1147.0569
2024-07-23,eastus,Compute,578.0,773.0,51.58,99.95,0,125.38,4.21,2.93,0,0,65.82,1068.274
2024-07-23,eastus,Storage,611.0,718.0,13.53,99.85,0,111.79,1.39,4.39,0,0,78.3,1222.303
2024-07-23,westeurope,Compute,1651.0,1938.0,138.96,99.95,0,125.68,1.32,3.45,0,0,76.44,951.64435
2024-07-23,westeurope,Storage,928.0,1220.0,20.0,99.94,0,122.29,3.74,0.54,0,0,58.75,1161.3724
2024-07-23,southeastasia,Compute,607.0,792.0,52.98,99.89,0,92.71,1.43,2.88,0,0,69.94,1121.3241
2024-07-23,southeastasia,Storage,614.0,838.0,13.84,99.86,0,92.95,1.32,0.69,0,0,56.81,907.1902
2024-07-23,centralus,Compute,680.0,828.0,55.91,99.86,0,123.59,3.56,4.72,0,0,59.59,851.8165
2024-07-23,centralus,Storage,723.0,931.0,15.77,99.92,0,113.05,1.9,5.13,0,0,98.75,892.71155
2024-07-23,uksouth,Compute,1455.0,1684.0,126.95,99.98,0,105.02,1.28,3.79,0,0,65.9,1169.2792
2024-07-23,uksouth,Storage,,354.0,5.82,99.88,0,95.69,1.49,4.8,0,0,92.49,1095.8782
2024-07-24,eastus,Compute,,600.0,,99.91,0,108.46,3.54,4.18,0,0,57.74,1070.9987
2024-07-24,eastus,Storage,385.0,455.0,8.74,99.9,0,108.56,3.47,3.84,0,0,64.4,1157.2288
2024-07-24,westeurope,Compute,1594.0,1997.0,141.75,99.98,0,127.55,3.68,3.42,0,0,58.06,1184.9163
2024-07-24,westeurope,Storage,927.0,1127.0,20.61,99.99,0,99.9,1.89,0.91,0,0,56.55,896.5364
2024-07-24,southeastasia,Compute,1205.0,1644.0,99.6,99.92,0,128.08,1.4,5.29,0,0,84.09,1197.5842
2024-07-24,southeastasia,Storage,868.0,1185.0,19.26,99.97,0,108.86,3.32,5.56,0,0,66.42,1000.1208
2024-07-24,centralus,Compute,,1098.0,75.03,99.97,0,91.56,1.64,1.51,0,0,80.63,1185.1095
2024-07-24,centralus,Storage,693.0,808.0,14.94,99.9,0,108.78,3.33,3.09,0,0,56.74,1025.1808
2024-07-24,uksouth,Compute,1284.0,1653.0,104.12,99.97,0,108.31,3.16,3.69,0,0,53.8,983.0052
2024-07-24,uksouth,Storage,580.0,805.0,12.93,99.95,0,95.44,3.12,2.32,0,0,71.05,1100.6194
2024-07-25,eastus,Compute,1647.0,1975.0,144.29,99.89,0,105.05,2.9,3.85,0,0,81.76,1158.9183
2024-07-25,eastus,Storage,557.0,693.0,12.59,99.88,0,119.41,2.48,1.94,0,0,69.34,1192.4851
2024-07-25,westeurope,Compute,1462.0,1813.0,127.54,99.88,0,98.18,4.07,4.59,0,0,89.59,860.8061
2024-07-25,westeurope,Storage,499.0,672.0,10.64,99.91,0,90.91,1.53,3.0,0,0,52.44,1193.2881
2024-07-25,southeastasia,Compute,746.0,953.0,61.19,99.85,0,134.61,3.34,3.06,0,0,82.27,907.0974
2024-07-25,southeastasia,Storage,269.0,366.0,6.14,99.9,0,90.63,2.76,2.45,0,0,80.58,678.80676
2024-07-25,centralus,Compute,886.0,1222.0,77.63,99.87,0,109.54,4.36,2.76,0,0,74.61,250.1288
2024-07-25,centralus,Storage,306.0,418.0,,99.93,0,128.28,3.18,1.54,0,0,99.32,944.28687
2024-07-25,uksouth,Compute,561.0,764.0,46.82,99.9,0,121.81,2.25,5.19,0,0,64.32,445.2551
2024-07-25,uksouth,Storage,693.0,860.0,15.72,99.87,0,102.59,2.04,1.22,0,0,51.09,619.84015
2024-07-26,eastus,Compute,1441.0,1783.0,122.4,99.9,0,117.9,3.96,4.83,0,0,50.53,514.24976
2024-07-26,eastus,Storage,251.0,301.0,5.35,99.87,0,131.4,3.06,1.85,0,0,55.61,994.0811
2024-07-26,westeurope,Compute,796.0,1094.0,,99.9,0,91.75,4.2,2.48,0,0,77.16,1317.7319
2024-07-26,westeurope,Storage,1017.0,1244.0,21.73,99.93,0,114.45,2.62,4.2,1,0,62.81,538.40375
2024-07-26,southeastasia,Compute,337.0,406.0,,99.88,0,87.33,1.39,1.31,1,0,53.2,595.66785
2024-07-26,southeastasia,Storage,483.0,650.0,10.75,99.94,0,90.67,1.39,5.94,0,0,57.98,540.7674
2024-07-26,centralus,Compute,481.0,635.0,41.88,99.95,0,93.69,3.88,3.94,0,0,92.34,247.12698
2024-07-26,centralus,Storage,284.0,377.0,6.29,99.93,0,110.55,4.47,3.46,0,0,89.03,2151.3962
2024-07-26,uksouth,Compute,386.0,470.0,33.7,99.98,0,97.63,3.8,4.83,0,1,64.71,548.63293
2024-07-26,uksouth,Storage,267.0,328.0,5.6,99.98,0,94.56,3.67,1.62,0,0,55.27,283.97537
2024-07-27,eastus,Compute,,612.0,40.24,99.96,1,85.81,2.9,4.95,0,0,51.5,677.48694
2024-07-27,eastus,Storage,,1034.0,18.72,99.93,1,130.52,2.56,1.05,0,0,99.28,1191.2521
2024-07-27,westeurope,Compute,1356.0,1829.0,116.5,99.88,1,95.83,3.89,4.15,0,0,94.49,1014.4499
2024-07-27,westeurope,Storage,332.0,407.0,7.14,100.8,1,126.91,4.16,2.86,0,0,99.46,2254.3484
2024-07-27,southeastasia,Compute,727.0,950.0,61.3,99.9,1,92.03,2.79,4.84,0,0,61.02,342.71686
2024-07-27,southeastasia,Storage,622.0,724.0,13.73,99.88,1,104.35,1.36,4.02,0,0,90.24,871.59235
2024-07-27,centralus,Compute,980.0,1269.0,,100.8,1,132.56,1.6,4.11,0,0,98.63,1050.8495
2024-07-27,centralus,Storage,391.0,511.0,8.79,99.93,1,115.91,4.22,5.35,0,0,84.27,360.7142
2024-07-27,uksouth,Compute,1329.0,1784.0,117.75,99.86,1,128.84,4.0,0.98,0,0,92.58,698.5624
2024-07-27,uksouth,Storage,385.0,484.0,8.64,99.97,1,91.83,3.97,4.88,0,0,78.18,989.80566
2024-07-28,eastus,Compute,1731.0,2285.0,149.69,99.88,1,92.31,4.13,5.69,0,0,71.99,566.45026
2024-07-28,eastus,Storage,827.0,1140.0,18.05,99.95,1,112.89,3.67,4.36,0,0,96.5,707.4854
2024-07-28,westeurope,Compute,1197.0,1655.0,105.08,99.98,1,123.06,3.06,4.47,1,0,52.1,703.6986
2024-07-28,westeurope,Storage,418.0,502.0,9.53,99.85,1,113.58,2.35,1.68,0,0,80.13,379.04065
2024-07-28,southeastasia,Compute,224.0,305.0,19.78,99.95,1,118.13,3.74,1.23,0,0,72.55,644.0925
2024-07-28,southeastasia,Storage,352.0,462.0,7.45,99.88,1,118.7,3.24,3.17,0,0,52.93,674.8537
2024-07-28,centralus,Compute,1144.0,1414.0,97.27,99.92,1,89.83,3.28,2.03,0,0,52.42,239.60739
2024-07-28,centralus,Storage,342.0,408.0,7.23,99.97,1,104.76,3.23,0.97,0,0,98.45,310.02078
2024-07-28,uksouth,Compute,255.0,313.0,22.19,99.94,1,108.2,3.31,5.12,0,0,81.07,316.66058
2024-07-28,uksouth,Storage,496.0,605.0,10.69,99.91,1,120.11,3.43,2.76,0,0,88.47,807.50525
2024-07-29,eastus,Compute,593.0,757.0,,99.94,0,112.74,4.3,2.38,0,0,58.59,840.41925
2024-07-29,eastus,Storage,292.0,361.0,,99.95,0,130.73,2.11,5.29,0,0,55.33,1112.3514
2024-07-29,westeurope,Compute,1506.0,2052.0,132.66,99.89,0,118.02,1.89,3.22,0,0,55.5,376.84808
2024-07-29,westeurope,Storage,878.0,1036.0,20.04,99.86,0,97.08,3.6,1.46,0,0,68.41,840.3644
2024-07-29,southeastasia,Compute,441.0,584.0,36.47,99.93,0,96.88,2.7,4.58,0,0,76.31,1153.1232
2024-07-29,southeastasia,Storage,611.0,745.0,12.82,99.86,0,109.4,4.4,0.93,0,0,81.57,1125.928
2024-07-29,centralus,Compute,2172.0,2910.0,175.93,99.87,0,87.91,2.32,3.28,0,0,78.69,363.8728
2024-07-29,centralus,Storage,506.0,695.0,11.39,99.92,0,120.19,2.66,5.52,0,0,52.97,1040.436
2024-07-29,uksouth,Compute,655.0,865.0,58.17,99.87,0,117.86,1.85,5.27,0,0,96.54,936.5772
2024-07-29,uksouth,Storage,331.0,393.0,7.57,99.96,0,117.93,3.96,3.59,0,0,83.2,277.26584
2024-07-30,eastus,Compute,821.0,1044.0,71.98,99.89,0,133.1,4.25,5.03,0,0,90.88,325.2009
2024-07-30,eastus,Storage,851.0,1166.0,18.96,99.93,0,95.9,3.57,5.53,0,0,70.51,2227.8418
2024-07-30,westeurope,Compute,877.0,1164.0,73.26,99.98,0,111.39,2.94,2.58,0,0,90.92,1200.2781
2024-07-30,westeurope,Storage,436.0,523.0,9.32,99.9,0,95.6,3.29,5.18,0,0,66.11,849.5105
2024-07-30,southeastasia,Compute,3951.0,5285.0,350.48,99.88,0,99.51,3.58,1.16,0,0,60.64,326.62506
2024-07-30,southeastasia,Storage,537.0,739.0,11.85,99.99,0,122.51,4.21,4.07,0,0,82.03,534.78217
2024-07-30,centralus,Compute,1533.0,1772.0,136.11,99.95,0,94.28,2.56,3.97,0,0,85.54,246.65813
2024-07-30,centralus,Storage,890.0,1133.0,19.97,99.93,0,95.6,3.92,3.36,0,0,98.41,458.06207
2024-07-30,uksouth,Compute,2886.0,3494.0,244.45,99.87,0,96.64,3.5,5.2,0,0,79.72,876.345
2024-07-30,uksouth,Storage,691.0,852.0,14.46,99.87,0,101.58,3.2,4.43,0,0,69.71,855.72003
2024-07-31,eastus,Compute,1974.0,2453.0,170.47,99.91,0,124.67,4.49,4.29,0,0,94.62,612.1606
2024-07-31,eastus,Storage,448.0,605.0,10.26,99.91,0,106.51,1.28,5.65,0,0,80.0,431.46707
2024-07-31,westeurope,Compute,1305.0,1702.0,115.36,99.87,0,103.92,4.43,5.23,0,0,61.0,547.11096
2024-07-31,westeurope,Storage,788.0,1029.0,17.23,99.95,0,85.95,3.34,1.78,0,0,58.98,694.8948
2024-07-31,southeastasia,Compute,1042.0,1228.0,90.55,99.86,0,130.72,4.34,3.7,0,0,78.6,1218.2755
2024-07-31,southeastasia,Storage,770.0,950.0,17.09,99.85,0,114.77,2.82,3.94,0,0,90.36,635.96124
2024-07-31,centralus,Compute,2988.0,3590.0,242.09,99.92,0,133.74,3.68,3.51,0,0,63.19,600.99713
2024-07-31,centralus,Storage,346.0,465.0,7.72,99.95,0,105.04,4.38,3.9,1,0,57.05,1167.9224
2024-07-31,uksouth,Compute,521.0,618.0,42.18,100.8,0,126.24,2.36,3.46,0,0,92.17,514.0884
2024-07-31,uksouth,Storage,531.0,618.0,11.92,99.94,0,87.27,3.94,3.66,0,0,62.16,423.68973
2024-08-01,eastus,Compute,1792.0,2490.0,149.79,99.93,0,134.6,2.69,4.16,0,0,75.48,734.3315
2024-08-01,eastus,Storage,924.0,1179.0,,99.96,0,102.16,1.64,2.03,0,0,72.3,321.34683
2024-08-01,westeurope,Compute,726.0,883.0,60.17,99.86,0,133.59,2.17,4.47,0,0,57.02,1379.2323
2024-08-01,westeurope,Storage,244.0,300.0,5.31,99.88,0,128.69,3.63,4.43,0,0,71.39,630.59753
2024-08-01,southeastasia,Compute,1057.0,1404.0,90.79,99.95,0,122.75,3.65,3.0,0,0,96.45,215.41814
2024-08-01,southeastasia,Storage,233.0,285.0,5.21,99.97,0,90.26,2.79,2.02,0,0,55.89,456.1088
2024-08-01,centralus,Compute,648.0,782.0,55.35,99.88,0,96.99,1.6,3.61,0,0,89.68,1274.5458
2024-08-01,centralus,Storage,168.0,229.0,3.73,99.91,0,117.92,2.1,2.8,0,1,61.7,618.2776
2024-08-01,uksouth,Compute,,1368.0,92.24,99.93,0,128.3,4.12,1.89,0,0,93.03,595.2694
2024-08-01,uksouth,Storage,550.0,742.0,12.59,99.87,0,122.27,4.44,0.87,1,0,60.25,951.8711
2024-08-02,eastus,Compute,1654.0,2202.0,147.23,99.93,0,121.28,2.12,4.22,0,0,52.33,1332.497
2024-08-02,eastus,Storage,916.0,,19.79,99.87,0,116.37,3.65,1.1,0,0,99.49,875.3238
2024-08-02,westeurope,Compute,527.0,618.0,,99.93,0,110.71,1.22,3.16,0,0,56.45,595.056
2024-08-02,westeurope,Storage,893.0,1190.0,18.86,99.96,0,94.64,1.46,5.37,0,0,96.58,2247.431
2024-08-02,southeastasia,Compute,1302.0,1665.0,112.63,99.88,0,104.37,1.56,3.69,0,0,73.0,699.80524
2024-08-02,southeastasia,Storage,245.0,309.0,5.64,99.93,0,133.18,2.24,0.62,0,0,86.95,1443.7769
2024-08-02,centralus,Compute,1351.0,1794.0,112.54,99.91,0,122.91,1.96,2.98,0,0,98.13,1510.8323
2024-08-02,centralus,Storage,574.0,718.0,13.19,99.98,0,85.43,4.38,5.29,0,0,71.04,1424.3423
2024-08-02,uksouth,Compute,446.0,573.0,37.97,99.9,0,85.44,1.69,3.68,0,0,88.0,653.1495
2024-08-02,uksouth,Storage,517.0,642.0,11.19,99.91,0,128.57,4.12,4.84,0,0,68.35,923.1759
2024-08-03,eastus,Compute,1147.0,1603.0,102.14,99.91,1,99.06,3.29,4.41,0,0,60.75,646.19696
2024-08-03,eastus,Storage,340.0,409.0,7.77,99.89,1,119.62,1.81,2.87,0,0,58.97,1134.7979
2024-08-03,westeurope,Compute,1049.0,1320.0,85.95,99.94,1,125.43,3.54,2.21,0,0,59.69,581.58234
2024-08-03,westeurope,Storage,674.0,856.0,,99.9,1,118.43,2.73,3.64,0,0,85.67,647.5537
2024-08-03,southeastasia,Compute,363.0,469.0,30.2,99.93,1,95.96,1.39,5.56,0,0,87.24,974.6871
2024-08-03,southeastasia,Storage,517.0,,10.83,99.92,1,133.14,3.32,3.8,0,0,67.69,384.42368
2024-08-03,centralus,Compute,272.0,316.0,22.91,99.87,1,116.04,2.79,4.17,0,0,54.99,321.64627
2024-08-03,centralus,Storage,282.0,328.0,6.51,99.98,1,88.6,3.04,2.41,0,0,70.99,1435.8854
2024-08-03,uksouth,Compute,685.0,825.0,,99.95,1,126.71,2.8,4.94,0,0,73.9,283.89478
2024-08-03,uksouth,Storage,383.0,467.0,8.39,99.89,1,129.79,1.36,1.12,0,0,86.8,863.79675
2024-08-04,eastus,Compute,1535.0,1923.0,127.01,99.9,1,119.85,2.85,5.82,0,0,59.09,685.586
2024-08-04,eastus,Storage,735.0,999.0,16.59,99.88,1,113.8,1.94,4.92,0,0,96.0,391.66888
2024-08-04,westeurope,Compute,960.0,1123.0,83.63,99.98,1,90.95,2.78,2.0,0,0,67.54,2219.6501
2024-08-04,westeurope,Storage,590.0,779.0,12.47,99.98,1,116.07,1.43,3.87,0,0,70.06,341.2409
2024-08-04,southeastasia,Compute,,1270.0,80.84,99.95,1,117.62,3.1,5.56,0,0,98.72,2248.1611
2024-08-04,southeastasia,Storage,157.0,184.0,3.44,99.91,1,124.06,2.59,3.16,0,0,83.63,1348.9536
2024-08-04,centralus,Compute,321.0,404.0,26.07,99.91,1,122.94,1.42,5.54,0,0,64.97,1349.1659
2024-08-04,centralus,Storage,451.0,593.0,9.98,99.97,1,101.44,2.88,1.27,0,0,87.34,1351.8438
2024-08-04,uksouth,Compute,,898.0,59.49,99.94,1,108.35,3.27,3.36,0,0,91.01,618.1357
2024-08-04,uksouth,Storage,381.0,465.0,8.04,99.86,1,121.63,2.98,4.13,0,1,65.99,586.3664
2024-08-05,eastus,Compute,1614.0,1918.0,131.95,99.98,0,133.36,3.68,0.83,0,0,92.27,425.51587
2024-08-05,eastus,Storage,555.0,768.0,12.31,99.85,0,95.76,2.57,1.44,0,0,99.63,1257.4993
2024-08-05,westeurope,Compute,551.0,655.0,47.6,99.99,0,131.69,2.88,3.4,0,0,77.54,355.3986
2024-08-05,westeurope,Storage,853.0,1180.0,,100.8,0,111.39,2.93,0.6,0,0,93.41,717.5438
2024-08-05,southeastasia,Compute,921.0,1160.0,75.77,99.88,0,86.0,1.44,1.14,0,0,94.03,419.76495
2024-08-05,southeastasia,Storage,490.0,606.0,10.3,99.86,0,119.49,4.25,1.46,0,0,83.83,1244.7327
2024-08-05,centralus,Compute,773.0,904.0,65.4,99.98,0,88.42,2.02,0.78,0,0,94.65,1088.9205
2024-08-05,centralus,Storage,136.0,170.0,,99.91,0,124.58,3.1,2.38,0,0,51.52,209.57918
2024-08-05,uksouth,Compute,1129.0,1393.0,92.21,99.95,0,99.46,1.71,5.88,0,0,56.47,654.8976
2024-08-05,uksouth,Storage,448.0,590.0,,99.98,0,104.75,4.25,5.1,0,0,70.71,530.9813
2024-08-06,eastus,Compute,2196.0,2876.0,178.39,99.85,0,89.06,4.47,0.51,0,0,89.47,1413.56
2024-08-06,eastus,Storage,626.0,853.0,13.47,99.97,0,98.96,3.38,1.85,0,0,73.98,245.53087
2024-08-06,westeurope,Compute,1287.0,1606.0,,99.86,0,115.26,3.69,5.82,0,0,96.76,644.7808
2024-08-06,westeurope,Storage,240.0,333.0,5.43,99.85,0,90.1,3.95,2.04,0,0,69.0,205.52908
2024-08-06,southeastasia,Compute,434.0,604.0,35.43,99.93,0,111.54,4.07,4.78,0,0,68.91,597.3375
2024-08-06,southeastasia,Storage,419.0,544.0,8.94,99.94,0,108.18,2.33,0.87,0,0,65.18,949.6495
2024-08-06,centralus,Compute,1394.0,1806.0,116.61,99.86,0,101.47,3.93,3.99,0,0,87.3,201.94293
2024-08-06,centralus,Storage,786.0,1095.0,16.43,99.9,0,125.67,2.49,1.7,0,0,77.83,794.5597
2024-08-06,uksouth,Compute,778.0,982.0,65.17,100.8,0,114.05,2.94,4.03,0,0,53.53,972.5635
2024-08-06,uksouth,Storage,600.0,800.0,12.83,99.96,0,100.96,3.4,5.65,0,0,68.82,1266.4039
2024-08-07,eastus,Compute,368.0,510.0,32.67,99.9,0,115.7,2.48,4.49,0,0,76.03,314.56836
2024-08-07,eastus,Storage,2859.0,3428.0,65.71,99.91,0,128.68,2.73,3.88,0,0,59.74,855.39813
2024-08-07,westeurope,Compute,1157.0,1500.0,94.03,99.86,0,107.87,2.93,0.94,0,0,77.45,1245.1989
2024-08-07,westeurope,Storage,908.0,1088.0,19.95,99.97,0,114.08,2.81,5.97,0,0,70.84,2230.6707
2024-08-07,southeastasia,Compute,1470.0,1941.0,122.77,99.9,0,90.17,1.49,4.67,0,0,96.16,1166.0076
2024-08-07,southeastasia,Storage,612.0,800.0,13.38,99.93,0,87.16,4.5,5.27,0,0,81.43,631.2528
2024-08-07,centralus,Compute,1114.0,1478.0,98.32,99.87,0,110.96,1.37,3.02,0,0,61.66,1026.2877
2024-08-07,centralus,Storage,293.0,404.0,6.6,99.95,0,107.35,3.32,4.02,0,0,90.87,771.3733
2024-08-07,uksouth,Compute,854.0,1066.0,74.92,99.98,0,110.4,3.18,4.53,0,0,52.65,385.28998
2024-08-07,uksouth,Storage,626.0,857.0,13.65,99.94,0,116.71,3.62,1.76,0,0,79.9,795.9371
2024-08-08,eastus,Compute,857.0,1130.0,70.68,99.9,0,92.84,2.31,3.59,0,0,60.2,1173.3324
2024-08-08,eastus,Storage,572.0,677.0,12.81,99.93,0,121.4,3.49,2.51,0,0,98.59,1198.6132
2024-08-08,westeurope,Compute,724.0,938.0,61.93,99.94,0,99.32,1.41,1.59,0,0,73.75,1110.0874
2024-08-08,westeurope,Storage,442.0,523.0,10.1,99.86,0,112.96,3.99,4.46,0,0,80.02,454.1893
2024-08-08,southeastasia,Compute,702.0,967.0,,99.89,0,125.22,1.47,4.44,1,0,94.37,2248.5627
2024-08-08,southeastasia,Storage,1042.0,1366.0,,99.87,0,131.39,3.08,3.79,0,0,60.52,1114.9016
2024-08-08,centralus,Compute,1448.0,1737.0,127.63,99.98,0,126.4,1.31,2.17,0,0,50.9,984.23615
2024-08-08,centralus,Storage,366.0,439.0,,99.96,0,95.47,3.05,0.73,0,0,66.38,1195.1034
2024-08-08,uksouth,Compute,1084.0,1438.0,96.51,99.97,0,122.27,1.46,2.45,0,0,92.84,672.5479
2024-08-08,uksouth,Storage,274.0,381.0,5.84,99.94,0,98.63,3.92,4.87,0,0,52.4,729.6525
2024-08-09,eastus,Compute,1518.0,,126.36,99.94,0,121.21,2.78,1.68,0,0,94.18,1065.3346
2024-08-09,eastus,Storage,931.0,1232.0,20.04,100.8,0,128.36,1.57,5.83,0,0,99.1,657.35187
2024-08-09,westeurope,Compute,1593.0,2140.0,131.93,99.9,0,105.74,3.02,3.31,0,0,97.22,1134.2612
2024-08-09,westeurope,Storage,,1289.0,21.58,99.99,0,132.37,4.09,3.73,0,0,88.56,1109.9083
2024-08-09,southeastasia,Compute,1386.0,1904.0,114.4,99.96,0,129.54,1.42,5.77,0,0,80.13,1292.6335
2024-08-09,southeastasia,Storage,503.0,654.0,10.73,100.8,0,122.34,3.88,3.15,0,0,66.87,1046.5582
2024-08-09,centralus,Compute,1212.0,1419.0,102.76,99.93,0,92.23,2.56,2.99,0,0,67.43,722.6984
2024-08-09,centralus,Storage,822.0,,18.43,99.86,0,132.02,2.73,3.69,0,0,75.6,229.81259
2024-08-09,uksouth,Compute,374.0,452.0,32.22,99.94,0,120.68,4.06,5.83,0,0,69.72,506.70895
2024-08-09,uksouth,Storage,229.0,265.0,4.79,99.89,0,91.38,2.09,2.18,0,0,67.62,525.12006
2024-08-10,eastus,Compute,855.0,1017.0,74.53,99.93,1,87.53,2.16,1.71,0,0,69.89,1582.2443
2024-08-10,eastus,Storage,639.0,824.0,,99.94,1,89.17,1.98,4.28,0,0,86.92,418.2827
2024-08-10,westeurope,Compute,703.0,821.0,58.25,99.97,1,86.91,1.39,1.15,0,0,97.04,696.0796
2024-08-10,westeurope,Storage,624.0,871.0,13.1,99.86,1,127.9,1.78,3.59,0,0,51.88,1120.283
2024-08-10,southeastasia,Compute,583.0,682.0,51.31,99.94,1,110.85,3.77,4.3,0,0,85.54,276.61627
2024-08-10,southeastasia,Storage,441.0,599.0,9.56,99.95,1,111.37,2.65,2.13,0,0,78.32,521.7704
2024-08-10,centralus,Compute,1270.0,1681.0,110.12,99.95,1,92.03,3.14,4.34,0,0,51.19,708.3334
2024-08-10,centralus,Storage,560.0,667.0,11.94,99.87,1,109.93,2.26,5.45,1,0,93.8,550.5681
2024-08-10,uksouth,Compute,,343.0,22.46,99.94,1,115.87,2.98,1.85,1,0,92.35,741.1349
2024-08-10,uksouth,Storage,229.0,279.0,4.95,99.88,1,96.14,4.27,3.0,0,0,63.27,354.13034
2024-08-11,eastus,Compute,908.0,1187.0,73.34,99.98,1,108.15,1.78,1.51,0,0,65.28,1004.9157
2024-08-11,eastus,Storage,539.0,640.0,12.4,99.87,1,94.3,2.42,1.67,0,0,80.71,755.7412
2024-08-11,westeurope,Compute,348.0,453.0,28.25,99.89,1,102.95,1.48,2.39,0,0,96.53,872.0514
2024-08-11,westeurope,Storage,521.0,645.0,11.94,99.91,1,128.71,1.45,4.28,0,0,54.08,522.8321
2024-08-11,southeastasia,Compute,908.0,1189.0,76.89,99.97,1,94.05,2.12,3.55,0,0,75.22,791.77344
2024-08-11,southeastasia,Storage,497.0,624.0,10.39,99.91,1,113.63,1.57,4.05,0,0,77.12,318.02057
2024-08-11,centralus,Compute,1260.0,1525.0,111.99,99.87,1,93.5,2.81,4.33,0,0,88.29,557.31714
2024-08-11,centralus,Storage,684.0,791.0,15.64,99.87,1,115.53,4.33,3.89,0,0,51.51,288.11655
2024-08-11,uksouth,Compute,1098.0,1485.0,94.1,99.98,1,119.57,3.02,1.63,0,0,66.04,2044.3185
2024-08-11,uksouth,Storage,344.0,411.0,7.91,99.88,1,98.3,4.21,3.76,1,0,82.1,248.83278
2024-08-12,eastus,Compute,802.0,1097.0,70.1,99.98,0,105.44,2.91,4.36,0,0,64.41,266.24384
2024-08-12,eastus,Storage,1422.0,1929.0,31.64,99.87,0,126.86,4.16,4.38,0,0,69.16,603.7336
2024-08-12,westeurope,Compute,450.0,518.0,39.63,99.95,0,110.79,1.68,0.72,0,1,52.86,939.16095
2024-08-12,westeurope,Storage,708.0,864.0,15.81,99.86,0,134.28,3.31,1.49,0,0,98.21,883.0068
2024-08-12,southeastasia,Compute,1790.0,2140.0,150.91,99.88,0,122.16,1.36,1.21,0,0,64.59,660.5862
2024-08-12,southeastasia,Storage,672.0,900.0,15.14,99.96,0,132.83,3.93,5.06,0,0,61.09,598.95044
2024-08-12,centralus,Compute,1495.0,,125.85,99.97,0,112.32,3.8,4.87,0,0,61.23,450.21158
2024-08-12,centralus,Storage,807.0,980.0,17.27,99.98,0,113.84,1.48,2.52,0,0,51.09,388.6369
2024-08-12,uksouth,Compute,1402.0,1854.0,122.35,99.97,0,114.82,4.11,3.56,1,0,58.06,830.82025
2024-08-12,uksouth,Storage,479.0,567.0,10.52,99.97,0,119.24,3.79,1.48,0,0,75.52,852.9692
2024-08-13,eastus,Compute,,1277.0,81.46,99.86,0,105.1,2.89,4.43,0,0,76.58,640.1019
2024-08-13,eastus,Storage,963.0,1206.0,,99.94,0,118.96,1.97,3.34,0,0,53.88,551.011
2024-08-13,westeurope,Compute,1592.0,2155.0,131.77,99.85,0,120.73,3.67,1.95,1,0,68.05,344.99164
2024-08-13,westeurope,Storage,192.0,230.0,4.07,99.93,0,118.3,2.5,0.68,0,0,61.02,1078.9525
2024-08-13,southeastasia,Compute,496.0,577.0,41.01,99.96,0,93.42,2.19,3.01,0,0,51.4,432.78967
2024-08-13,southeastasia,Storage,436.0,590.0,9.63,99.87,0,101.84,3.92,3.32,0,0,67.74,793.7958
2024-08-13,centralus,Compute,3507.0,4656.0,311.75,99.97,0,103.7,2.45,1.29,0,0,62.79,340.20117
2024-08-13,centralus,Storage,707.0,901.0,15.18,99.95,0,109.52,3.18,4.54,0,0,71.37,422.9582
2024-08-13,uksouth,Compute,1282.0,1477.0,106.96,99.93,0,85.96,2.96,4.9,0,0,70.75,577.2804
2024-08-13,uksouth,Storage,559.0,729.0,12.3,99.86,0,101.02,3.2,3.68,0,0,78.09,920.66736
2024-08-14,eastus,Compute,648.0,754.0,54.13,99.93,0,109.65,3.06,3.94,0,1,61.4,1138.3896
2024-08-14,eastus,Storage,686.0,888.0,15.3,99.87,0,114.35,4.49,5.79,0,0,95.31,780.8921
2024-08-14,westeurope,Compute,1598.0,1877.0,133.99,99.85,0,102.62,2.77,2.47,0,0,53.74,359.01715
2024-08-14,westeurope,Storage,284.0,371.0,6.3,99.93,0,122.45,1.85,1.65,0,0,63.69,535.4183
2024-08-14,southeastasia,Compute,2028.0,2383.0,167.72,99.91,0,104.64,2.19,5.39,0,0,71.75,758.1995
2024-08-14,southeastasia,Storage,540.0,751.0,11.87,99.86,0,87.6,3.63,2.62,0,0,84.93,861.2259
2024-08-14,centralus,Compute,1010.0,1261.0,89.05,99.94,0,111.36,2.53,0.89,0,0,59.32,568.1986
2024-08-14,centralus,Storage,494.0,677.0,11.36,99.97,0,100.55,4.04,0.82,0,0,50.63,425.0658
2024-08-14,uksouth,Compute,671.0,,54.89,99.97,0,109.84,2.7,2.8,0,0,60.77,411.35703
2024-08-14,uksouth,Storage,290.0,391.0,6.34,99.86,0,122.33,2.61,5.51,0,0,85.41,437.34955
2024-08-15,eastus,Compute,1193.0,1408.0,99.0,99.9,0,100.57,3.62,1.98,0,0,65.93,516.6896
2024-08-15,eastus,Storage,447.0,567.0,10.18,99.97,0,103.04,2.87,3.64,0,0,75.37,988.4073
2024-08-15,westeurope,Compute,1368.0,1626.0,120.48,99.97,0,118.54,2.54,3.22,0,0,79.77,325.83093
2024-08-15,westeurope,Storage,674.0,793.0,14.8,99.92,0,88.7,1.83,5.83,0,0,57.23,1008.6158
2024-08-15,southeastasia,Compute,834.0,976.0,68.71,99.92,0,120.64,1.72,2.79,0,0,71.54,304.86215
2024-08-15,southeastasia,Storage,573.0,789.0,13.05,99.93,0,118.12,2.36,5.72,0,0,63.07,162.31667
2024-08-15,centralus,Compute,409.0,490.0,36.43,99.91,0,113.97,4.19,5.91,0,0,84.64,284.93082
2024-08-15,centralus,Storage,503.0,,11.29,99.92,0,109.89,3.61,0.56,0,0,82.69,882.40875
2024-08-15,uksouth,Compute,694.0,,58.87,99.94,0,134.16,2.84,2.5,0,0,73.19,902.08307
2024-08-15,uksouth,Storage,584.0,816.0,12.9,99.98,0,128.64,1.24,0.99,0,0,70.12,696.59674
2024-08-16,eastus,Compute,1286.0,1531.0,105.47,99.91,0,119.55,3.15,0.97,0,0,66.62,824.0625
2024-08-16,eastus,Storage,366.0,430.0,7.92,99.95,0,97.55,1.8,1.95,0,0,56.6,162.41406
2024-08-16,westeurope,Compute,1378.0,1918.0,115.32,99.98,0,102.38,4.06,2.3,0,1,70.25,290.6665
2024-08-16,westeurope,Storage,568.0,679.0,12.13,99.96,0,88.01,2.31,3.59,0,0,67.69,731.44867
2024-08-16,southeastasia,Compute,996.0,1220.0,80.68,99.94,0,93.14,1.59,5.49,0,0,63.23,624.9924
2024-08-16,southeastasia,Storage,392.0,494.0,8.39,99.91,0,102.55,3.8,2.76,0,0,94.44,767.72205
2024-08-16,centralus,Compute,687.0,871.0,55.76,99.96,0,126.27,1.54,5.92,0,0,70.72,796.41077
2024-08-16,centralus,Storage,382.0,484.0,8.21,99.86,0,98.92,1.26,2.3,0,0,96.52,513.2736
2024-08-16,uksouth,Compute,1367.0,1583.0,118.79,99.9,0,112.17,3.11,1.39,0,0,80.74,516.87775
2024-08-16,uksouth,Storage,730.0,964.0,16.32,99.86,0,99.99,2.53,2.94,0,0,90.78,212.90306
2024-08-17,eastus,Compute,1408.0,,118.29,99.99,1,108.75,4.13,1.71,1,0,75.75,552.52454
2024-08-17,eastus,Storage,373.0,476.0,7.8,99.99,1,88.1,1.97,4.2,0,0,67.09,435.0705
2024-08-17,westeurope,Compute,1353.0,1577.0,110.49,99.97,1,95.53,1.75,5.38,0,0,55.08,624.2346
2024-08-17,westeurope,Storage,213.0,249.0,4.45,99.93,1,127.92,3.21,2.29,0,0,85.11,162.1224
2024-08-17,southeastasia,Compute,792.0,932.0,65.74,99.9,1,111.89,1.38,2.02,0,0,90.89,355.58557
2024-08-17,southeastasia,Storage,173.0,231.0,3.77,99.97,1,123.21,3.68,4.87,0,0,93.94,160.78235
2024-08-17,centralus,Compute,362.0,457.0,30.93,99.85,1,94.09,1.27,3.59,0,0,77.92,638.90533
2024-08-17,centralus,Storage,519.0,679.0,11.67,99.98,1,129.46,2.64,3.48,0,0,67.8,371.97113
2024-08-17,uksouth,Compute,885.0,1054.0,72.9,99.93,1,108.67,3.55,4.85,0,0,88.79,508.93497
2024-08-17,uksouth,Storage,628.0,800.0,14.14,99.94,1,131.47,3.14,2.46,0,0,73.82,374.19247
2024-08-18,eastus,Compute,2550.0,3569.0,214.43,99.91,1,87.98,2.39,1.28,0,1,71.91,755.45325
2024-08-18,eastus,Storage,179.0,227.0,,99.92,1,121.33,1.56,5.7,0,0,61.67,759.59344
2024-08-18,westeurope,Compute,1273.0,1539.0,106.99,99.9,1,132.63,1.33,0.91,0,0,81.79,742.4765
2024-08-18,westeurope,Storage,315.0,420.0,7.16,99.89,1,133.22,2.04,3.74,0,0,81.08,168.63348
2024-08-18,southeastasia,Compute,930.0,1118.0,78.43,99.95,1,89.35,4.04,5.54,0,1,90.17,567.7719
2024-08-18,southeastasia,Storage,426.0,506.0,9.18,99.9,1,99.28,2.93,3.55,0,0,99.82,623.8352
2024-08-18,centralus,Compute,540.0,755.0,,99.94,1,129.4,4.39,2.96,0,0,95.21,837.70026
2024-08-18,centralus,Storage,262.0,315.0,5.75,99.95,1,125.25,4.39,5.23,0,0,83.97,172.73041
2024-08-18,uksouth,Compute,543.0,740.0,45.03,99.97,1,120.01,2.01,5.09,0,0,99.87,249.77544
2024-08-18,uksouth,Storage,274.0,315.0,,99.92,1,103.45,2.58,3.8,0,0,99.15,610.045
2024-08-19,eastus,Compute,1271.0,1632.0,106.65,99.9,0,125.89,4.27,2.2,0,0,92.73,337.6472
2024-08-19,eastus,Storage,182.0,209.0,3.87,99.98,0,111.26,2.45,2.74,0,0,91.41,210.2772
2024-08-19,westeurope,Compute,1533.0,2052.0,131.75,99.89,0,114.63,3.46,3.64,0,0,54.32,614.84326
2024-08-19,westeurope,Storage,583.0,796.0,12.95,99.97,0,113.52,1.95,1.6,0,0,74.87,422.9626
2024-08-19,southeastasia,Compute,731.0,885.0,60.33,99.94,0,133.64,4.2,5.62,0,0,88.3,660.34357
2024-08-19,southeastasia,Storage,621.0,793.0,,99.94,0,104.56,2.67,3.35,0,0,95.73,640.4455
2024-08-19,centralus,Compute,,793.0,53.28,99.86,0,134.61,2.54,1.21,0,0,78.71,235.67465
2024-08-19,centralus,Storage,860.0,1085.0,18.57,99.89,0,134.69,2.53,3.29,0,0,58.69,337.71274
2024-08-19,uksouth,Compute,618.0,843.0,51.59,99.97,0,94.5,3.58,1.6,0,0,77.4,587.2983
2024-08-19,uksouth,Storage,781.0,1028.0,16.83,99.86,0,124.9,3.3,3.82,0,0,61.42,315.8648
2024-08-20,eastus,Compute,349.0,428.0,30.0,99.93,0,97.97,3.73,3.22,0,0,95.87,303.9872
2024-08-20,eastus,Storage,720.0,943.0,16.19,99.91,0,109.41,3.61,4.12,0,0,98.29,731.67847
2024-08-20,westeurope,Compute,893.0,1090.0,74.02,99.98,0,85.42,4.1,2.74,0,0,52.25,201.7942
2024-08-20,westeurope,Storage,1200.0,,25.58,99.88,0,115.28,3.44,1.12,0,0,59.99,2239.0542
2024-08-20,southeastasia,Compute,,515.0,32.6,99.96,0,110.93,2.02,3.56,1,0,66.28,736.8679
2024-08-20,southeastasia,Storage,768.0,964.0,16.99,99.87,0,100.49,2.59,0.8,0,0,66.66,366.3467
2024-08-20,centralus,Compute,471.0,650.0,38.84,99.86,0,111.68,4.23,1.62,0,0,54.95,310.5777
2024-08-20,centralus,Storage,616.0,743.0,13.23,99.97,0,121.88,4.18,4.82,0,0,83.96,609.7039
2024-08-20,uksouth,Compute,1262.0,1650.0,104.76,99.88,0,107.64,3.6,5.4,0,0,87.33,565.636
2024-08-20,uksouth,Storage,463.0,627.0,10.19,99.87,0,131.39,1.6,0.88,0,0,55.6,906.783
2024-08-21,eastus,Compute,1310.0,,107.64,99.94,0,112.35,2.98,5.97,1,0,65.35,716.14386
2024-08-21,eastus,Storage,281.0,381.0,6.24,99.86,0,104.33,3.76,1.63,0,0,72.53,696.6025
2024-08-21,westeurope,Compute,,894.0,53.89,99.92,0,86.55,2.06,1.41,0,0,71.94,655.2653
2024-08-21,westeurope,Storage,241.0,331.0,5.3,99.88,0,100.51,1.48,5.07,0,0,88.62,485.5936
2024-08-21,southeastasia,Compute,267.0,330.0,22.19,99.99,0,96.54,1.68,3.09,0,0,67.49,381.82828
2024-08-21,southeastasia,Storage,516.0,697.0,11.85,99.98,0,128.62,1.91,4.05,0,0,90.83,155.49493
2024-08-21,centralus,Compute,437.0,587.0,37.89,99.93,0,101.79,4.23,4.07,0,0,70.6,406.9002
2024-08-21,centralus,Storage,,456.0,7.94,99.86,0,114.23,2.34,1.62,0,0,84.31,510.10376
2024-08-21,uksouth,Compute,,627.0,44.03,99.92,0,130.0,1.74,2.18,0,0,60.8,604.6625
2024-08-21,uksouth,Storage,499.0,587.0,10.67,99.9,0,128.35,1.6,2.39,0,0,67.82,760.00476
2024-08-22,eastus,Compute,901.0,1176.0,75.31,99.97,0,134.63,1.73,3.21,0,0,71.52,278.5806
2024-08-22,eastus,Storage,865.0,1149.0,19.21,99.93,0,117.19,1.23,2.96,1,0,57.44,189.5189
2024-08-22,westeurope,Compute,719.0,885.0,61.97,99.9,0,113.79,1.96,1.59,0,0,54.91,840.0688
2024-08-22,westeurope,Storage,565.0,694.0,,99.9,0,94.58,4.2,3.68,0,0,78.49,610.56604
2024-08-22,southeastasia,Compute,818.0,,,99.93,0,119.92,2.43,2.93,0,0,98.02,314.2691
2024-08-22,southeastasia,Storage,356.0,447.0,7.98,99.94,0,127.76,2.81,4.36,0,1,88.89,399.56177
2024-08-22,centralus,Compute,548.0,714.0,45.81,99.88,0,131.91,4.28,4.21,0,0,91.41,894.2201
2024-08-22,centralus,Storage,537.0,637.0,12.03,99.92,0,133.89,3.54,2.56,0,0,73.37,297.5307
2024-08-22,uksouth,Compute,289.0,381.0,24.98,99.89,0,129.64,3.91,1.15,0,0,61.83,934.2891
2024-08-22,uksouth,Storage,288.0,364.0,6.49,99.93,0,123.22,3.39,0.86,0,0,61.08,859.28754
2024-08-23,eastus,Compute,3399.0,4504.0,276.98,99.98,0,122.35,4.45,2.88,0,0,90.64,946.9212
2024-08-23,eastus,Storage,402.0,478.0,8.56,99.96,0,128.17,1.33,1.32,1,0,54.49,648.6344
2024-08-23,westeurope,Compute,849.0,1006.0,73.2,99.97,0,92.98,2.44,5.56,0,0,82.06,668.1653
2024-08-23,westeurope,Storage,758.0,1020.0,15.89,99.91,0,98.99,3.32,4.71,0,0,77.59,146.16884
2024-08-23,southeastasia,Compute,272.0,365.0,22.02,99.98,0,103.54,1.67,5.23,0,0,74.67,315.18
2024-08-23,southeastasia,Storage,176.0,207.0,3.89,99.89,0,125.82,3.12,4.19,0,0,68.53,525.55145
2024-08-23,centralus,Compute,996.0,1266.0,81.27,99.92,0,132.82,2.65,0.66,0,0,86.96,929.5373
2024-08-23,centralus,Storage,481.0,614.0,10.78,99.98,0,91.46,1.76,3.74,0,0,62.7,203.07753
2024-08-23,uksouth,Compute,,872.0,58.17,99.88,0,107.81,1.39,1.4,0,0,52.07,1129.1742
2024-08-23,uksouth,Storage,223.0,293.0,5.06,99.89,0,121.33,3.45,1.31,0,0,70.56,542.73425
2024-08-24,eastus,Compute,933.0,,,99.88,1,100.79,1.92,5.94,0,0,81.88,736.1288
2024-08-24,eastus,Storage,212.0,272.0,4.56,99.93,1,116.15,2.15,4.17,0,0,96.5,890.194
2024-08-24,westeurope,Compute,773.0,1073.0,64.08,99.93,1,117.11,2.22,0.88,0,0,64.27,354.97784
2024-08-24,westeurope,Storage,231.0,280.0,5.13,99.91,1,105.61,3.36,0.68,0,0,91.81,223.45625
2024-08-24,southeastasia,Compute,738.0,911.0,60.3,99.94,1,124.07,3.24,3.78,0,0,87.11,582.8827
2024-08-24,southeastasia,Storage,97.0,128.0,2.16,99.97,1,104.84,4.03,1.99,0,0,54.92,542.42206
2024-08-24,centralus,Compute,275.0,,23.97,99.99,1,122.79,3.74,5.71,0,0,94.8,768.9616
2024-08-24,centralus,Storage,280.0,,6.23,99.94,1,122.93,3.33,4.46,0,0,85.57,541.14886
2024-08-24,uksouth,Compute,440.0,533.0,38.08,99.89,1,130.62,1.36,3.1,0,0,53.5,246.1165
2024-08-24,uksouth,Storage,495.0,663.0,10.54,99.95,1,92.19,3.47,3.08,0,0,84.57,827.4885
2024-08-25,eastus,Compute,1061.0,1232.0,86.85,99.93,1,118.58,1.88,2.96,0,0,93.77,645.42896
2024-08-25,eastus,Storage,161.0,216.0,3.39,99.94,1,119.48,2.83,5.09,0,0,53.03,891.51514
2024-08-25,westeurope,Compute,1161.0,1517.0,,99.88,1,112.68,2.8,1.72,0,0,94.28,692.6927
2024-08-25,westeurope,Storage,782.0,1035.0,16.74,99.96,1,122.78,1.93,0.61,0,0,63.68,348.70535
2024-08-25,southeastasia,Compute,327.0,435.0,26.95,99.86,1,98.49,2.84,1.26,0,0,86.07,436.11172
2024-08-25,southeastasia,Storage,484.0,667.0,10.15,100.8,1,85.78,3.24,2.41,0,0,74.92,270.52493
2024-08-25,centralus,Compute,958.0,1225.0,83.65,99.96,1,116.18,1.2,4.09,0,0,64.94,199.69446
2024-08-25,centralus,Storage,682.0,932.0,15.45,99.89,1,85.23,1.44,1.7,0,0,54.95,656.9616
2024-08-25,uksouth,Compute,850.0,1001.0,68.71,99.94,1,131.56,1.27,2.71,0,0,72.37,875.7585
2024-08-25,uksouth,Storage,438.0,557.0,9.59,99.88,1,108.85,3.62,1.9,0,0,92.92,561.0973
2024-08-26,eastus,Compute,1305.0,,111.93,99.87,0,133.01,3.51,1.9,0,0,77.15,884.2266
2024-08-26,eastus,Storage,924.0,1286.0,20.82,99.89,0,98.1,3.11,1.16,0,0,78.67,286.61737
2024-08-26,westeurope,Compute,675.0,848.0,59.37,100.8,0,111.22,2.47,1.86,0,1,96.88,590.0877
2024-08-26,westeurope,Storage,1474.0,2003.0,31.91,99.89,0,100.37,2.53,5.05,0,0,58.26,982.9772
2024-08-26,southeastasia,Compute,837.0,1136.0,69.26,99.91,0,98.0,3.64,4.15,0,0,94.94,648.45886
2024-08-26,southeastasia,Storage,193.0,260.0,4.09,99.98,0,87.5,3.7,2.07,0,1,61.03,865.65936
2024-08-26,centralus,Compute,1297.0,1505.0,104.85,99.91,0,105.97,3.37,0.67,0,0,66.36,570.2112
2024-08-26,centralus,Storage,838.0,1107.0,,99.93,0,94.93,3.56,5.83,0,0,92.71,627.8762
2024-08-26,uksouth,Compute,588.0,691.0,,99.99,0,85.14,1.37,2.94,1,0,60.69,447.46558
2024-08-26,uksouth,Storage,1394.0,1706.0,32.01,99.94,0,123.89,2.97,1.1,0,0,63.16,754.1787
2024-08-27,eastus,Compute,1625.0,1959.0,137.34,99.99,0,115.61,3.87,3.47,0,0,65.96,402.46494
2024-08-27,eastus,Storage,936.0,1081.0,19.67,99.85,0,123.34,1.29,1.03,0,0,68.3,597.5216
2024-08-27,westeurope,Compute,471.0,581.0,40.51,99.86,0,95.49,3.6,4.28,0,0,86.08,498.1841
2024-08-27,westeurope,Storage,255.0,328.0,5.68,99.87,0,117.27,1.91,2.26,0,0,94.61,752.1256
2024-08-27,southeastasia,Compute,1209.0,1408.0,,99.97,0,89.0,2.99,4.09,0,0,67.38,1648.3059
2024-08-27,southeastasia,Storage,667.0,809.0,14.88,99.99,0,95.32,1.52,5.61,0,0,67.42,635.88007
2024-08-27,centralus,Compute,402.0,465.0,32.98,99.87,0,128.77,4.36,2.71,0,0,72.28,501.77603
2024-08-27,centralus,Storage,818.0,1027.0,18.35,99.88,0,101.43,1.92,5.26,0,0,81.59,901.9742
2024-08-27,uksouth,Compute,424.0,573.0,37.34,99.85,0,122.73,2.48,2.3,0,0,99.31,631.7521
2024-08-27,uksouth,Storage,124.0,,2.8,99.86,0,101.27,3.41,3.87,0,0,58.79,691.8728
2024-08-28,eastus,Compute,,2048.0,131.61,99.91,0,122.7,2.93,5.1,0,0,95.56,627.4561
2024-08-28,eastus,Storage,836.0,1165.0,18.61,99.97,0,100.3,3.69,0.53,0,0,63.5,354.8547
2024-08-28,westeurope,Compute,660.0,783.0,57.55,99.9,0,101.5,1.53,5.87,0,0,53.2,684.3714
2024-08-28,westeurope,Storage,176.0,241.0,3.72,99.88,0,101.34,3.88,3.71,0,0,74.37,859.9953
2024-08-28,southeastasia,Compute,677.0,936.0,57.46,99.86,0,89.44,3.07,1.15,0,0,61.09,404.34958
2024-08-28,southeastasia,Storage,,837.0,14.51,99.92,0,111.54,1.94,1.32,0,0,91.05,589.3369
2024-08-28,centralus,Compute,398.0,,35.34,99.99,0,117.08,3.05,1.89,0,0,89.24,395.18735
2024-08-28,centralus,Storage,697.0,943.0,15.94,99.87,0,128.75,3.33,5.55,0,0,85.71,335.65366
2024-08-28,uksouth,Compute,926.0,1184.0,80.15,99.92,0,115.53,2.89,5.95,0,0,73.23,628.5367
2024-08-28,uksouth,Storage,191.0,265.0,4.35,99.86,0,126.59,3.69,5.66,0,0,78.39,649.03235
2024-08-29,eastus,Compute,492.0,593.0,40.3,99.96,0,131.18,1.96,2.27,0,0,90.51,1090.913
2024-08-29,eastus,Storage,850.0,1056.0,18.46,99.94,0,96.22,4.43,4.42,0,0,61.18,694.1755
2024-08-29,westeurope,Compute,1113.0,1474.0,93.12,99.94,0,130.39,3.96,3.96,0,0,68.74,429.47104
2024-08-29,westeurope,Storage,522.0,616.0,11.32,99.94,0,111.93,2.18,3.9,0,0,69.12,1057.9039
2024-08-29,southeastasia,Compute,952.0,1196.0,81.24,99.96,0,106.49,2.47,4.16,0,0,56.72,594.51245
2024-08-29,southeastasia,Storage,256.0,307.0,5.7,99.89,0,87.94,3.95,5.63,0,0,64.39,911.3586
2024-08-29,centralus,Compute,721.0,1006.0,60.36,99.89,0,118.42,3.98,0.65,0,0,56.52,947.45123
2024-08-29,centralus,Storage,493.0,665.0,11.17,99.97,0,131.71,3.15,1.3,0,0,51.92,602.6577
2024-08-29,uksouth,Compute,255.0,307.0,22.56,99.99,0,86.65,4.22,5.18,0,0,69.35,703.30524
2024-08-29,uksouth,Storage,363.0,424.0,8.37,99.96,0,104.0,1.42,5.76,0,1,64.43,465.8044
2024-08-30,eastus,Compute,710.0,,58.29,99.95,0,119.49,3.29,4.57,0,0,95.39,755.8
2024-08-30,eastus,Storage,861.0,1190.0,18.39,100.8,0,88.71,3.84,2.31,0,0,81.77,541.9305
2024-08-30,westeurope,Compute,643.0,802.0,55.5,99.98,0,88.97,1.71,1.2,0,0,68.11,961.9764
2024-08-30,westeurope,Storage,625.0,791.0,13.28,99.93,0,128.47,1.31,2.06,0,0,69.92,193.47931
2024-08-30,southeastasia,Compute,1224.0,1611.0,100.79,99.88,0,118.21,4.35,5.47,1,0,68.22,387.37222
2024-08-30,southeastasia,Storage,679.0,920.0,15.2,99.97,0,95.61,3.31,3.42,0,0,50.32,707.4812
2024-08-30,centralus,Compute,475.0,629.0,39.77,99.88,0,105.52,2.73,2.0,0,0,60.37,1660.5812
2024-08-30,centralus,Storage,441.0,551.0,9.48,99.97,0,104.71,4.43,3.8,1,0,84.46,1049.7645
2024-08-30,uksouth,Compute,987.0,1164.0,87.3,99.92,0,132.27,4.34,5.8,0,0,81.04,413.33353
2024-08-30,uksouth,Storage,303.0,388.0,6.76,99.9,0,91.29,2.33,2.87,0,0,66.94,635.3021
2024-08-31,eastus,Compute,414.0,524.0,33.86,99.87,1,102.56,3.55,1.97,0,0,71.23,235.66873
2024-08-31,eastus,Storage,2067.0,2539.0,45.92,99.88,1,103.66,2.69,4.21,0,0,97.73,237.54091
2024-08-31,westeurope,Compute,282.0,345.0,25.06,99.94,1,123.19,2.63,1.97,0,0,99.98,1287.6056
2024-08-31,westeurope,Storage,942.0,1151.0,20.57,99.88,1,123.77,3.7,3.76,0,0,93.9,960.2615
2024-08-31,southeastasia,Compute,202.0,234.0,17.01,99.96,1,111.56,1.52,5.16,0,0,75.69,448.0749
2024-08-31,southeastasia,Storage,145.0,183.0,3.25,99.89,1,92.94,1.29,0.71,0,0,63.58,893.7244
2024-08-31,centralus,Compute,392.0,485.0,33.31,99.89,1,116.94,3.87,2.39,0,0,69.75,293.2408
2024-08-31,centralus,Storage,646.0,751.0,14.19,99.96,1,87.3,3.31,5.11,0,0,51.69,370.34573
2024-08-31,uksouth,Compute,1188.0,1504.0,100.18,99.94,1,101.16,3.41,4.37,0,0,86.34,1127.4537
2024-08-31,uksouth,Storage,544.0,647.0,11.45,99.92,1,104.93,4.27,0.53,0,0,92.52,244.24973
2024-09-01,eastus,Compute,809.0,1079.0,68.46,99.99,1,128.38,1.9,4.19,0,0,67.58,1292.1311
2024-09-01,eastus,Storage,682.0,803.0,15.03,99.97,1,128.87,4.29,5.65,0,0,55.58,588.3101
2024-09-01,westeurope,Compute,285.0,397.0,24.36,99.91,1,128.75,1.72,3.04,0,0,52.12,750.90424
2024-09-01,westeurope,Storage,552.0,646.0,12.16,99.95,1,119.15,3.41,2.83,0,0,97.66,285.5019
2024-09-01,southeastasia,Compute,831.0,984.0,72.66,99.86,1,116.2,3.03,5.99,0,0,86.02,1185.291
2024-09-01,southeastasia,Storage,,679.0,,99.9,1,91.06,4.18,0.55,0,0,89.38,225.51282
2024-09-01,centralus,Compute,310.0,374.0,27.05,99.93,1,95.37,2.06,2.6,0,0,60.36,503.52792
2024-09-01,centralus,Storage,698.0,881.0,15.97,99.94,1,126.02,1.34,3.11,0,0,98.71,444.1735
2024-09-01,uksouth,Compute,466.0,565.0,40.4,99.95,1,114.84,2.0,0.87,0,0,64.81,1008.205
2024-09-01,uksouth,Storage,153.0,,3.35,99.98,1,114.75,3.25,4.91,0,0,54.55,328.62747
2024-09-02,eastus,Compute,,1751.0,109.02,99.98,0,112.55,1.72,3.51,0,0,79.21,410.14722
2024-09-02,eastus,Storage,256.0,317.0,5.38,99.95,0,94.16,2.35,3.68,0,0,92.24,346.0348
2024-09-02,westeurope,Compute,1500.0,1756.0,123.06,99.86,0,117.86,1.42,2.13,0,0,85.08,821.5912
2024-09-02,westeurope,Storage,281.0,390.0,6.48,99.89,0,114.94,1.88,5.42,0,0,64.51,532.44574
2024-09-02,southeastasia,Compute,1419.0,1783.0,120.9,99.95,0,99.81,3.64,2.79,1,0,64.08,1042.7275
2024-09-02,southeastasia,Storage,345.0,470.0,7.44,99.94,0,118.08,3.13,5.8,0,0,52.8,788.51636
2024-09-02,centralus,Compute,1043.0,1354.0,89.47,99.9,0,130.31,1.74,3.05,0,0,90.97,357.7528
2024-09-02,centralus,Storage,307.0,429.0,,99.93,0,126.53,4.16,5.99,0,0,69.34,897.78357
2024-09-02,uksouth,Compute,1154.0,1411.0,98.05,99.85,0,97.05,4.03,1.18,0,0,63.26,1329.3837
2024-09-02,uksouth,Storage,926.0,1202.0,19.52,99.94,0,108.75,1.2,5.61,1,0,62.75,907.88025
2024-09-03,eastus,Compute,931.0,1124.0,77.17,99.97,0,92.03,1.21,3.96,0,0,72.38,657.37555
2024-09-03,eastus,Storage,877.0,1033.0,18.98,99.95,0,128.49,2.95,1.26,0,0,51.88,1204.2949
2024-09-03,westeurope,Compute,711.0,966.0,62.9,99.99,0,113.68,3.01,1.06,0,0,50.46,672.96277
2024-09-03,westeurope,Storage,187.0,215.0,3.95,99.96,0,87.77,3.2,3.8,0,0,84.96,686.6482
2024-09-03,southeastasia,Compute,614.0,723.0,,99.93,0,110.02,3.06,2.36,0,0,71.6,709.14166
2024-09-03,southeastasia,Storage,520.0,716.0,10.94,99.9,0,99.37,2.7,0.78,0,0,78.35,279.2073
2024-09-03,centralus,Compute,675.0,889.0,56.77,99.98,0,130.32,1.78,1.59,0,0,94.12,2252.509
2024-09-03,centralus,Storage,,1059.0,17.72,99.93,0,131.74,3.73,1.53,0,0,87.15,1394.215
2024-09-03,uksouth,Compute,351.0,408.0,29.51,99.87,0,130.6,2.41,5.32,0,0,50.47,597.5539
2024-09-03,uksouth,Storage,178.0,235.0,4.05,99.91,0,106.06,1.82,3.34,0,0,80.15,669.7009
2024-09-04,eastus,Compute,739.0,1018.0,61.06,99.95,0,109.91,3.52,3.45,0,0,59.66,570.6391
2024-09-04,eastus,Storage,,344.0,5.89,99.9,0,101.9,1.85,2.52,0,0,77.03,499.7269
2024-09-04,westeurope,Compute,439.0,543.0,37.32,100.8,0,126.89,1.53,0.86,0,0,74.74,1393.5857
2024-09-04,westeurope,Storage,1116.0,1416.0,24.73,99.98,0,131.33,3.29,0.56,0,0,79.95,715.566
2024-09-04,southeastasia,Compute,882.0,1216.0,,99.94,0,115.36,1.34,4.8,0,0,52.13,1400.1726
2024-09-04,southeastasia,Storage,535.0,735.0,11.64,99.93,0,115.72,2.62,2.39,0,0,91.88,453.52197
2024-09-04,centralus,Compute,938.0,1226.0,79.73,99.89,0,92.41,1.53,1.8,0,0,90.76,634.4821
2024-09-04,centralus,Storage,558.0,668.0,12.16,99.87,0,96.31,1.55,1.1,0,0,54.05,916.97186
2024-09-04,uksouth,Compute,984.0,1331.0,85.74,99.95,0,115.46,4.16,3.92,0,0,54.09,760.62854
2024-09-04,uksouth,Storage,1104.0,1376.0,24.17,99.97,0,113.05,4.32,1.82,0,0,86.49,426.49707
2024-09-05,eastus,Compute,1486.0,1942.0,120.2,99.98,0,87.37,3.21,3.8,0,0,56.18,652.94135
2024-09-05,eastus,Storage,354.0,470.0,7.93,99.92,0,113.01,2.49,1.46,0,0,77.1,247.4413
2024-09-05,westeurope,Compute,467.0,578.0,40.32,99.91,0,126.09,3.37,0.76,0,0,95.43,641.15063
2024-09-05,westeurope,Storage,826.0,1105.0,18.16,99.92,0,134.2,3.19,3.48,0,0,73.68,359.4782
2024-09-05,southeastasia,Compute,562.0,700.0,48.21,99.98,0,116.51,1.63,4.25,0,0,78.55,353.11673
2024-09-05,southeastasia,Storage,516.0,663.0,11.22,99.88,0,130.8,2.0,5.64,0,0,73.59,725.2986
2024-09-05,centralus,Compute,895.0,1205.0,74.73,99.98,0,90.24,3.44,3.15,0,0,98.56,357.88275
2024-09-05,centralus,Storage,805.0,1114.0,17.22,99.89,0,106.19,2.46,2.14,0,0,59.05,1688.864
2024-09-05,uksouth,Compute,342.0,458.0,30.49,99.98,0,93.24,1.91,5.93,0,0,81.14,235.1158
2024-09-05,uksouth,Storage,,241.0,3.9,99.85,0,110.9,4.39,4.11,0,0,67.98,723.2947
2024-09-06,eastus,Compute,667.0,906.0,57.11,99.91,0,131.51,1.3,5.6,0,0,70.84,753.972
2024-09-06,eastus,Storage,274.0,350.0,6.03,99.94,0,94.31,3.17,0.88,0,0,67.88,2215.7961
2024-09-06,westeurope,Compute,,588.0,42.05,99.91,0,116.95,3.92,3.4,0,0,74.04,260.5766
2024-09-06,westeurope,Storage,851.0,1105.0,18.42,99.98,0,104.91,1.83,5.39,0,0,92.45,1119.7815
2024-09-06,southeastasia,Compute,,667.0,,99.94,0,99.64,4.48,4.94,0,0,51.89,1263.0588
2024-09-06,southeastasia,Storage,572.0,708.0,12.36,99.86,0,94.07,2.09,4.55,0,0,68.55,263.16776
2024-09-06,centralus,Compute,522.0,,44.54,99.97,0,118.0,2.43,2.86,0,0,75.5,533.9602
2024-09-06,centralus,Storage,588.0,759.0,13.1,99.9,0,102.48,2.32,0.71,0,0,54.71,992.4081
2024-09-06,uksouth,Compute,673.0,874.0,57.96,99.92,0,101.83,2.96,1.41,0,0,91.99,295.6055
2024-09-06,uksouth,Storage,112.0,150.0,2.35,99.95,0,126.52,1.56,2.18,0,0,76.48,1175.3771
2024-09-07,eastus,Compute,668.0,898.0,57.61,99.92,1,127.5,4.11,2.34,0,0,71.26,542.40283
2024-09-07,eastus,Storage,400.0,547.0,9.11,99.91,1,124.92,3.65,0.75,1,0,97.41,688.80835
2024-09-07,westeurope,Compute,1285.0,1492.0,104.8,99.96,1,107.95,3.36,3.55,0,0,60.71,280.96866
2024-09-07,westeurope,Storage,,829.0,14.02,99.9,1,90.29,3.58,1.86,0,1,82.95,750.76184
2024-09-07,southeastasia,Compute,780.0,1018.0,,99.98,1,129.8,4.24,5.83,0,0,79.06,1116.5153
2024-09-07,southeastasia,Storage,228.0,295.0,5.05,99.94,1,133.77,3.92,1.67,0,0,92.41,340.03796
2024-09-07,centralus,Compute,928.0,1209.0,75.87,99.98,1,113.0,4.03,3.11,0,0,80.05,1238.9762
2024-09-07,centralus,Storage,171.0,217.0,3.58,99.97,1,114.25,2.43,1.38,0,0,72.51,1301.2689
2024-09-07,uksouth,Compute,794.0,948.0,66.03,99.97,1,98.37,2.47,1.06,0,0,57.44,507.92047
2024-09-07,uksouth,Storage,248.0,332.0,5.34,99.9,1,115.28,2.98,2.68,0,0,86.06,911.257
2024-09-08,eastus,Compute,1408.0,1654.0,121.0,99.87,1,97.04,3.34,4.01,0,0,89.2,1327.5054
2024-09-08,eastus,Storage,259.0,322.0,5.48,99.98,1,131.65,3.82,1.64,0,0,80.45,673.5972
2024-09-08,westeurope,Compute,334.0,399.0,27.62,99.88,1,101.19,2.85,4.24,0,0,57.27,557.78796
2024-09-08,westeurope,Storage,733.0,986.0,16.48,99.87,1,85.22,3.14,5.26,0,0,99.93,867.4111
2024-09-08,southeastasia,Compute,909.0,1123.0,,99.93,1,119.23,4.06,1.78,0,0,66.71,591.49805
2024-09-08,southeastasia,Storage,296.0,349.0,6.61,99.94,1,126.51,2.15,4.53,0,0,80.4,2261.5488
2024-09-08,centralus,Compute,916.0,,77.17,99.86,1,90.2,3.56,1.12,0,0,76.81,563.94855
2024-09-08,centralus,Storage,401.0,,,99.91,1,110.63,1.82,4.26,0,0,70.92,388.81915
2024-09-08,uksouth,Compute,212.0,,18.14,99.98,1,96.2,3.89,4.86,0,0,58.35,1066.1866
2024-09-08,uksouth,Storage,368.0,487.0,8.31,99.9,1,87.88,3.57,1.26,0,0,95.98,997.33923
2024-09-09,eastus,Compute,1030.0,1256.0,,99.9,0,128.22,2.06,5.36,0,0,54.7,970.78577
2024-09-09,eastus,Storage,448.0,596.0,10.31,99.99,0,124.01,4.08,5.49,0,0,62.5,732.0567
2024-09-09,westeurope,Compute,1422.0,1732.0,121.61,100.8,0,133.08,1.69,0.55,0,0,87.6,850.5922
2024-09-09,westeurope,Storage,738.0,926.0,16.43,99.88,0,86.63,4.29,1.35,0,0,92.79,1340.1057
2024-09-09,southeastasia,Compute,897.0,1139.0,75.35,99.87,0,99.16,4.48,5.21,0,0,99.89,1402.1943
2024-09-09,southeastasia,Storage,427.0,511.0,9.15,99.95,0,105.78,3.26,2.85,0,0,79.25,1402.2684
2024-09-09,centralus,Compute,,778.0,48.04,99.98,0,85.29,3.68,5.9,0,0,76.24,545.3333
2024-09-09,centralus,Storage,506.0,628.0,,99.93,0,115.35,1.77,0.54,0,0,56.67,459.48462
2024-09-09,uksouth,Compute,266.0,358.0,,99.91,0,114.55,3.0,5.38,0,0,88.4,2008.814
2024-09-09,uksouth,Storage,441.0,534.0,9.88,99.92,0,85.44,2.26,4.71,0,0,60.15,1356.8242
2024-09-10,eastus,Compute,1115.0,1284.0,96.19,99.93,0,113.5,4.34,2.56,0,1,98.13,1019.39813
2024-09-10,eastus,Storage,377.0,480.0,8.09,99.96,0,106.0,2.61,4.98,0,0,68.83,927.62695
2024-09-10,westeurope,Compute,544.0,735.0,45.28,99.94,0,101.69,3.51,2.45,0,0,66.18,946.53406
2024-09-10,westeurope,Storage,267.0,344.0,5.68,99.89,0,124.49,3.98,5.31,0,0,74.69,1075.2584
2024-09-10,southeastasia,Compute,355.0,493.0,29.31,99.93,0,103.24,3.23,4.59,0,0,55.44,1148.6005
2024-09-10,southeastasia,Storage,726.0,950.0,15.65,99.97,0,121.43,4.41,4.27,0,0,96.27,775.02136
2024-09-10,centralus,Compute,866.0,1166.0,71.97,99.87,0,110.04,3.4,5.01,0,0,96.8,1139.8156
2024-09-10,centralus,Storage,527.0,666.0,11.27,99.95,0,107.42,4.06,5.23,0,0,74.62,1267.5583
2024-09-10,uksouth,Compute,1032.0,1390.0,,99.91,0,110.38,3.07,2.15,0,0,84.3,644.7232
2024-09-10,uksouth,Storage,,522.0,9.56,99.92,0,101.0,1.56,2.2,0,0,83.09,639.3947
2024-09-11,eastus,Compute,898.0,1078.0,76.56,99.9,0,126.31,1.64,5.53,0,1,63.92,609.6284
2024-09-11,eastus,Storage,329.0,418.0,7.27,99.86,0,124.99,1.45,4.04,0,0,68.0,280.0491
2024-09-11,westeurope,Compute,896.0,,74.12,99.87,0,121.73,1.45,0.83,0,0,96.35,650.7173
2024-09-11,westeurope,Storage,426.0,592.0,9.32,100.8,0,91.3,1.75,4.58,0,0,66.11,907.1981
2024-09-11,southeastasia,Compute,1119.0,1487.0,99.39,99.95,0,91.26,1.87,4.37,0,0,93.98,748.05194
2024-09-11,southeastasia,Storage,424.0,579.0,9.67,99.87,0,112.56,3.8,5.72,0,0,68.59,677.72296
2024-09-11,centralus,Compute,376.0,525.0,32.54,99.92,0,127.77,2.75,2.99,0,0,53.57,595.4745
2024-09-11,centralus,Storage,532.0,,11.33,99.88,0,96.59,3.87,3.86,0,0,75.99,281.4716
2024-09-11,uksouth,Compute,1140.0,1548.0,,99.92,0,114.42,3.4,5.85,0,0,71.46,1146.4983
2024-09-11,uksouth,Storage,224.0,270.0,4.69,99.89,0,90.17,2.85,2.6,0,0,90.28,723.2754
2024-09-12,eastus,Compute,1080.0,1347.0,94.23,99.9,0,101.39,1.81,0.99,0,0,82.55,503.38885
2024-09-12,eastus,Storage,,1087.0,19.76,99.89,0,121.04,1.21,3.07,0,0,97.94,722.7879
2024-09-12,westeurope,Compute,1246.0,1660.0,108.0,99.92,0,89.27,2.16,1.39,0,0,50.63,1336.8461
2024-09-12,westeurope,Storage,240.0,309.0,5.29,99.88,0,114.65,2.83,4.36,0,0,81.49,769.80414
2024-09-12,southeastasia,Compute,1071.0,1481.0,93.64,99.95,0,110.88,1.79,2.01,0,0,92.82,921.0608
2024-09-12,southeastasia,Storage,416.0,,9.22,99.85,0,88.83,1.71,1.7,0,0,55.98,358.74344
2024-09-12,centralus,Compute,820.0,980.0,66.99,99.94,0,134.09,2.68,1.95,0,0,53.69,278.48087
2024-09-12,centralus,Storage,803.0,984.0,17.44,99.98,0,134.92,2.46,5.81,0,0,60.13,1452.3582
2024-09-12,uksouth,Compute,1209.0,1431.0,99.34,99.93,0,86.18,4.48,3.42,0,0,97.73,1325.3838
2024-09-12,uksouth,Storage,670.0,785.0,14.81,99.85,0,130.17,2.89,5.66,0,0,87.48,421.3766
2024-09-13,eastus,Compute,1053.0,1226.0,89.55,99.88,0,120.32,2.45,5.63,0,0,92.46,1267.0159
2024-09-13,eastus,Storage,,,11.58,99.97,0,106.34,2.03,4.35,0,0,75.65,923.77905
2024-09-13,westeurope,Compute,775.0,952.0,68.77,99.94,0,117.05,2.82,1.52,0,0,69.09,507.96866
2024-09-13,westeurope,Storage,277.0,319.0,6.09,99.96,0,131.55,2.66,5.06,0,0,72.85,737.98517
2024-09-13,southeastasia,Compute,424.0,529.0,37.15,99.92,0,125.69,1.75,1.89,0,0,97.86,657.214
2024-09-13,southeastasia,Storage,122.0,163.0,2.6,99.94,0,89.19,3.11,3.49,0,0,54.34,1063.631
2024-09-13,centralus,Compute,516.0,676.0,44.8,100.8,0,104.46,4.29,5.76,0,0,53.52,801.2182
2024-09-13,centralus,Storage,789.0,935.0,17.26,99.99,0,89.79,2.57,5.79,0,0,92.61,585.72833
2024-09-13,uksouth,Compute,305.0,425.0,26.4,99.88,0,128.53,3.92,1.07,0,0,94.99,642.2124
2024-09-13,uksouth,Storage,529.0,619.0,11.32,99.89,0,127.27,4.08,4.74,0,0,54.73,592.84534
2024-09-14,eastus,Compute,616.0,727.0,51.21,99.96,1,114.18,1.61,2.83,0,0,56.88,1003.87616
2024-09-14,eastus,Storage,479.0,634.0,10.18,99.95,1,96.27,4.41,5.31,1,0,66.85,993.7841
2024-09-14,westeurope,Compute,418.0,572.0,36.59,99.87,1,90.65,3.65,4.82,0,0,59.92,724.5079
2024-09-14,westeurope,Storage,444.0,570.0,9.58,99.88,1,112.03,2.94,4.96,0,0,84.38,1238.1791
2024-09-14,southeastasia,Compute,,493.0,35.89,99.95,1,133.8,4.28,5.29,0,0,60.12,602.9013
2024-09-14,southeastasia,Storage,115.0,150.0,2.51,99.95,1,131.54,2.15,4.91,0,0,65.54,243.0782
2024-09-14,centralus,Compute,1234.0,1707.0,108.9,99.91,1,103.33,3.0,4.53,0,0,56.01,835.93665
2024-09-14,centralus,Storage,,733.0,12.98,99.91,1,95.05,3.17,4.36,0,0,93.0,1885.0374
2024-09-14,uksouth,Compute,761.0,901.0,65.21,99.94,1,94.67,1.73,1.51,0,0,89.02,1149.416
2024-09-14,uksouth,Storage,333.0,447.0,7.07,99.88,1,123.72,2.67,1.5,0,0,52.05,807.6614
2024-09-15,eastus,Compute,698.0,841.0,61.57,99.88,1,134.14,3.65,4.4,0,0,94.17,215.32556
2024-09-15,eastus,Storage,614.0,726.0,13.82,99.94,1,95.36,2.83,3.86,0,0,54.74,975.1124
2024-09-15,westeurope,Compute,434.0,594.0,37.31,99.91,1,101.24,3.22,4.95,0,0,64.38,911.4509
2024-09-15,westeurope,Storage,669.0,818.0,14.59,99.86,1,130.75,3.74,3.85,0,0,95.83,257.01956
2024-09-15,southeastasia,Compute,216.0,267.0,18.02,99.91,1,109.66,2.86,1.23,0,0,54.04,1150.5441
2024-09-15,southeastasia,Storage,487.0,675.0,10.92,99.9,1,93.91,2.32,3.02,0,0,96.37,413.7295
2024-09-15,centralus,Compute,1683.0,2049.0,141.34,99.98,1,128.08,1.69,2.45,0,0,67.59,451.38583
2024-09-15,centralus,Storage,377.0,499.0,8.35,99.96,1,126.78,3.16,2.21,0,0,58.66,1102.4592
2024-09-15,uksouth,Compute,868.0,1043.0,76.34,99.91,1,109.43,2.98,3.21,0,0,83.96,1272.6797
2024-09-15,uksouth,Storage,,177.0,3.01,99.9,1,115.21,1.48,0.62,1,0,56.86,169.46935
2024-09-16,eastus,Compute,,1879.0,122.84,99.91,0,99.54,2.43,0.96,0,0,60.29,572.8762
2024-09-16,eastus,Storage,538.0,707.0,,99.85,0,95.33,1.59,4.38,0,0,56.77,872.8067
2024-09-16,westeurope,Compute,1596.0,,,99.9,0,128.74,4.14,5.01,0,0,82.92,316.63345
2024-09-16,westeurope,Storage,306.0,426.0,7.0,100.8,0,120.68,2.66,2.67,0,0,96.55,1163.5312
2024-09-16,southeastasia,Compute,790.0,922.0,64.15,99.87,0,101.38,3.08,3.47,0,0,64.64,922.9555
2024-09-16,southeastasia,Storage,573.0,670.0,,99.98,0,117.16,2.31,2.61,0,0,67.79,1025.5304
2024-09-16,centralus,Compute,1198.0,1421.0,104.69,99.88,0,134.24,4.41,1.41,1,0,70.43,612.15784
2024-09-16,centralus,Storage,600.0,837.0,13.77,99.97,0,121.21,3.62,5.68,0,0,74.16,569.7956
2024-09-16,uksouth,Compute,1124.0,1475.0,90.91,99.92,0,106.83,4.15,3.31,0,0,79.83,256.82532
2024-09-16,uksouth,Storage,153.0,207.0,3.32,99.94,0,97.67,1.88,2.8,0,0,71.24,2241.487
2024-09-17,eastus,Compute,1137.0,,98.76,99.86,0,93.58,3.29,4.39,1,0,68.97,745.63916
2024-09-17,eastus,Storage,434.0,510.0,9.29,99.97,0,113.17,3.23,2.18,0,0,99.12,893.61365
2024-09-17,westeurope,Compute,519.0,693.0,42.01,99.97,0,121.13,2.42,3.39,0,0,89.08,1210.1544
2024-09-17,westeurope,Storage,,634.0,,99.93,0,104.34,3.6,3.25,0,0,94.16,557.0591
2024-09-17,southeastasia,Compute,953.0,1157.0,80.28,99.87,0,118.72,3.05,2.72,0,0,92.9,837.2305
2024-09-17,southeastasia,Storage,364.0,494.0,8.2,100.8,0,112.91,2.49,2.74,0,0,83.88,1179.916
2024-09-17,centralus,Compute,851.0,1024.0,75.38,99.9,0,100.76,2.68,0.66,0,0,67.16,531.63806
2024-09-17,centralus,Storage,332.0,445.0,7.17,99.9,0,126.06,1.41,5.64,0,0,88.69,745.3151
2024-09-17,uksouth,Compute,897.0,1159.0,,99.95,0,133.2,4.2,2.29,0,0,61.64,975.66833
2024-09-17,uksouth,Storage,,700.0,11.47,99.9,0,86.27,2.74,2.52,0,1,76.67,2228.8794
2024-09-18,eastus,Compute,1667.0,2049.0,139.84,99.98,0,128.9,3.46,0.56,1,0,88.13,732.78033
2024-09-18,eastus,Storage,426.0,510.0,,99.98,0,105.44,3.67,1.25,0,0,71.12,220.52597
2024-09-18,westeurope,Compute,1295.0,,113.25,99.95,0,124.18,2.19,3.71,0,0,68.46,937.98047
2024-09-18,westeurope,Storage,668.0,879.0,14.11,99.94,0,90.16,2.19,5.15,0,0,77.72,865.10504
2024-09-18,southeastasia,Compute,774.0,1001.0,66.96,99.86,0,117.24,2.89,0.71,0,0,67.78,957.3466
2024-09-18,southeastasia,Storage,459.0,615.0,10.1,99.88,0,123.85,3.58,0.7,0,0,68.77,1357.2859
2024-09-18,centralus,Compute,1097.0,1491.0,91.11,99.9,0,96.11,3.27,2.98,0,0,97.73,419.70013
2024-09-18,centralus,Storage,645.0,799.0,,99.96,0,109.46,3.63,2.83,0,0,66.63,646.2427
2024-09-18,uksouth,Compute,987.0,1332.0,83.8,99.93,0,86.15,2.77,1.99,0,0,84.39,469.25922
2024-09-18,uksouth,Storage,,719.0,12.47,99.91,0,127.22,1.78,3.76,0,0,94.59,906.97205
2024-09-19,eastus,Compute,1380.0,1833.0,117.38,99.85,0,106.63,3.98,2.6,0,0,55.26,957.6311
2024-09-19,eastus,Storage,444.0,539.0,9.87,99.97,0,90.33,1.43,5.86,0,0,51.44,739.8259
2024-09-19,westeurope,Compute,731.0,951.0,63.95,99.94,0,118.69,4.19,2.74,0,0,63.54,650.6798
2024-09-19,westeurope,Storage,522.0,618.0,11.44,99.86,0,131.51,4.45,2.83,0,0,95.53,583.7174
2024-09-19,southeastasia,Compute,932.0,1243.0,81.53,99.89,0,127.82,4.29,4.52,0,0,57.51,528.1423
2024-09-19,southeastasia,Storage,427.0,575.0,9.55,99.95,0,87.57,3.75,4.77,0,0,75.72,833.99457
2024-09-19,centralus,Compute,733.0,961.0,62.31,99.88,0,107.27,2.75,1.62,0,0,66.36,250.81215
2024-09-19,centralus,Storage,171.0,222.0,3.92,99.95,0,95.57,2.7,2.19,0,0,55.63,711.9343
2024-09-19,uksouth,Compute,801.0,948.0,68.16,99.93,0,93.29,3.5,1.13,0,0,90.47,1533.3038
2024-09-19,uksouth,Storage,416.0,533.0,9.52,99.95,0,86.77,3.8,1.55,0,0,72.03,379.98413
2024-09-20,eastus,Compute,1081.0,1444.0,91.82,99.96,0,105.93,2.85,3.49,0,0,75.58,284.46548
2024-09-20,eastus,Storage,799.0,940.0,17.98,99.92,0,104.97,3.48,1.42,0,0,59.27,616.5317
2024-09-20,westeurope,Compute,1116.0,1450.0,90.9,99.92,0,104.58,3.89,1.71,0,0,85.85,206.51599
2024-09-20,westeurope,Storage,304.0,372.0,6.64,99.86,0,90.85,2.91,5.87,0,0,68.33,415.054
2024-09-20,southeastasia,Compute,735.0,989.0,62.68,99.9,0,105.37,3.26,3.97,0,0,78.37,936.71875
2024-09-20,southeastasia,Storage,347.0,443.0,7.82,99.87,0,95.42,1.85,1.24,0,0,87.38,865.6933
2024-09-20,centralus,Compute,1021.0,1288.0,87.12,99.91,0,87.31,3.84,5.64,0,0,55.7,541.0031
2024-09-20,centralus,Storage,750.0,931.0,16.49,99.87,0,103.1,3.46,1.88,0,0,55.7,980.98706
2024-09-20,uksouth,Compute,998.0,1160.0,81.33,99.97,0,132.36,3.53,2.87,0,0,97.19,318.4079
2024-09-20,uksouth,Storage,354.0,446.0,7.99,99.85,0,91.92,2.12,0.96,0,0,59.23,414.90546
2024-09-21,eastus,Compute,1140.0,1592.0,94.54,99.89,1,133.17,2.89,4.74,0,0,81.11,870.8264
2024-09-21,eastus,Storage,164.0,201.0,3.6,99.93,1,134.35,2.46,2.75,0,0,59.55,422.40552
2024-09-21,westeurope,Compute,1718.0,2381.0,139.91,99.98,1,112.54,4.29,3.21,0,0,67.57,781.19006
2024-09-21,westeurope,Storage,668.0,788.0,14.87,99.89,1,110.12,1.44,5.24,0,0,54.18,247.77309
2024-09-21,southeastasia,Compute,958.0,1291.0,82.22,99.98,1,128.83,3.74,3.04,0,0,50.31,904.1576
2024-09-21,southeastasia,Storage,455.0,631.0,9.54,99.9,1,125.91,4.35,4.81,0,0,76.84,675.5716
2024-09-21,centralus,Compute,1104.0,1522.0,92.61,99.93,1,107.86,3.38,5.9,0,0,80.32,589.3506
2024-09-21,centralus,Storage,,167.0,2.85,99.88,1,126.53,3.35,4.02,0,0,99.38,910.40906
2024-09-21,uksouth,Compute,332.0,412.0,28.32,99.89,1,114.5,2.63,4.25,0,0,59.52,272.28433
2024-09-21,uksouth,Storage,441.0,537.0,9.3,99.94,1,120.8,3.39,1.78,0,0,50.51,872.7243
2024-09-22,eastus,Compute,251.0,,20.79,99.87,1,96.19,1.52,5.15,0,0,81.9,430.1496
2024-09-22,eastus,Storage,219.0,301.0,4.97,99.88,1,117.18,3.42,5.02,0,0,54.72,689.2044
2024-09-22,westeurope,Compute,787.0,930.0,66.14,99.9,1,107.77,2.25,2.0,0,0,92.49,633.62445
2024-09-22,westeurope,Storage,689.0,809.0,14.85,99.93,1,119.88,1.87,4.95,0,0,76.87,549.4464
2024-09-22,southeastasia,Compute,687.0,923.0,60.69,99.93,1,113.01,1.46,4.71,0,0,56.25,757.82465
2024-09-22,southeastasia,Storage,346.0,,7.28,99.9,1,108.24,3.7,3.48,0,0,67.52,170.07196
2024-09-22,centralus,Compute,2262.0,2821.0,197.2,99.95,1,97.33,3.47,5.6,0,0,85.1,284.40952
2024-09-22,centralus,Storage,614.0,794.0,14.03,99.88,1,101.98,2.83,3.1,0,0,70.51,655.025
2024-09-22,uksouth,Compute,613.0,775.0,51.83,99.92,1,125.93,3.17,4.61,0,0,81.52,598.83734
2024-09-22,uksouth,Storage,273.0,342.0,,99.9,1,85.96,1.33,5.04,0,0,70.88,201.05673
2024-09-23,eastus,Compute,650.0,750.0,55.57,99.91,0,113.81,3.2,3.89,0,0,50.8,308.55508
2024-09-23,eastus,Storage,847.0,1054.0,18.86,99.9,0,106.73,1.27,4.35,0,0,77.48,593.545
2024-09-23,westeurope,Compute,,737.0,51.94,99.85,0,134.44,1.56,5.12,0,0,97.08,1113.4736
2024-09-23,westeurope,Storage,721.0,831.0,15.47,99.91,0,126.22,3.09,5.42,0,0,59.14,245.06033
2024-09-23,southeastasia,Compute,788.0,957.0,64.7,99.97,0,113.06,1.4,5.08,0,0,76.36,571.1404
2024-09-23,southeastasia,Storage,380.0,480.0,8.3,99.91,0,122.73,2.13,2.22,0,0,64.55,757.12396
2024-09-23,centralus,Compute,337.0,441.0,27.93,99.92,0,106.0,3.76,5.08,0,0,70.75,219.55655
2024-09-23,centralus,Storage,648.0,781.0,13.91,99.9,0,97.51,2.98,4.94,0,0,86.33,769.92975
2024-09-23,uksouth,Compute,1032.0,1402.0,,99.91,0,102.82,3.96,1.8,0,0,78.1,1523.6248
2024-09-23,uksouth,Storage,209.0,281.0,4.44,99.97,0,133.91,2.39,1.13,0,0,74.61,247.04477
2024-09-24,eastus,Compute,351.0,454.0,29.19,99.86,0,97.6,3.92,2.37,0,1,76.1,179.54715
2024-09-24,eastus,Storage,665.0,775.0,14.13,99.87,0,93.08,1.61,1.03,0,0,57.24,506.33777
2024-09-24,westeurope,Compute,423.0,586.0,35.5,99.88,0,121.85,1.47,5.88,0,0,89.55,633.05853
2024-09-24,westeurope,Storage,290.0,364.0,6.19,99.96,0,130.66,2.05,1.87,0,0,52.82,901.5332
2024-09-24,southeastasia,Compute,,1412.0,94.34,99.89,0,113.93,3.91,5.63,0,0,56.09,580.57526
2024-09-24,southeastasia,Storage,352.0,424.0,7.97,99.93,0,104.86,3.58,3.88,0,0,92.47,293.32724
2024-09-24,centralus,Compute,439.0,578.0,37.19,99.85,0,113.96,4.25,5.59,0,0,75.47,198.60052
2024-09-24,centralus,Storage,215.0,255.0,4.71,99.91,0,107.99,1.92,1.43,0,0,66.06,1114.8179
2024-09-24,uksouth,Compute,1132.0,1446.0,98.43,99.95,0,118.69,2.46,1.77,0,0,94.9,841.71344
2024-09-24,uksouth,Storage,156.0,186.0,3.53,99.88,0,95.99,2.25,4.66,0,0,75.65,842.805
2024-09-25,eastus,Compute,915.0,1097.0,76.52,99.98,0,123.66,2.11,1.08,0,0,68.24,633.0471
2024-09-25,eastus,Storage,556.0,653.0,11.97,99.9,0,133.45,2.97,5.5,0,0,58.14,774.55725
2024-09-25,westeurope,Compute,,2023.0,,99.94,0,91.02,2.59,2.2,0,0,92.59,744.09564
2024-09-25,westeurope,Storage,485.0,,10.26,99.91,0,89.16,2.08,5.89,0,0,85.64,274.57657
2024-09-25,southeastasia,Compute,,2508.0,172.17,99.97,0,114.46,4.45,1.86,0,0,98.72,472.74545
2024-09-25,southeastasia,Storage,121.0,155.0,2.65,99.87,0,90.91,3.86,4.84,1,0,57.58,238.93826
2024-09-25,centralus,Compute,721.0,841.0,62.81,99.97,0,121.82,2.32,2.86,0,0,94.49,253.4118
2024-09-25,centralus,Storage,304.0,351.0,6.56,99.96,0,128.43,3.67,1.51,0,0,59.58,471.6076
2024-09-25,uksouth,Compute,592.0,,49.57,99.95,0,108.21,2.97,5.75,0,0,81.74,668.5588
2024-09-25,uksouth,Storage,676.0,828.0,14.91,99.87,0,98.39,4.01,5.5,0,0,55.16,328.8788
2024-09-26,eastus,Compute,,1653.0,103.86,99.98,0,116.17,4.24,1.08,0,0,93.33,665.7757
2024-09-26,eastus,Storage,,275.0,5.28,99.91,0,93.61,3.9,3.27,0,0,62.68,651.0925
2024-09-26,westeurope,Compute,1521.0,2076.0,,99.95,0,94.44,2.59,5.42,0,0,67.86,526.4021
2024-09-26,westeurope,Storage,613.0,834.0,13.97,99.94,0,87.29,3.68,5.27,0,0,72.43,297.01776
2024-09-26,southeastasia,Compute,1065.0,1321.0,88.09,99.94,0,98.94,3.67,3.15,0,0,72.16,654.5829
2024-09-26,southeastasia,Storage,523.0,617.0,10.95,99.98,0,102.88,2.82,2.56,0,0,94.81,671.64215
2024-09-26,centralus,Compute,4179.0,5434.0,344.96,99.9,0,132.26,4.07,2.9,0,0,88.15,702.7128
2024-09-26,centralus,Storage,735.0,974.0,15.96,99.96,0,109.1,1.33,4.0,0,0,54.89,281.5873
2024-09-26,uksouth,Compute,764.0,934.0,67.73,99.86,0,85.94,3.87,4.57,0,0,93.69,487.8263
2024-09-26,uksouth,Storage,666.0,,15.38,99.95,0,103.34,2.61,1.83,0,1,61.94,623.7825
